FirstName,LastName,StartDate,ExitDate,Title,BusinessUnit,EmployeeType,PayZone,EmployeeClassificationType,TerminationType,DepartmentType,Division,DOB,State,JobFunctionDescription,GenderCode,LocationCode,RaceDesc,MaritalDesc,Performance Score,Current Employee Rating,Employee ID,Survey Date,Engagement Score,Satisfaction Score,Work-Life Balance Score,Training Date,Training Program Name,Training Type,Training Outcome,Training Duration(Days),Training Cost,Name,Age,IsActive,AgeGroup,ExitYear,ExitMonth,TrainingPassed,AvgSurveyScore,TenureYears,TenureBucket
Uriah,Bridges,20-09-2019,,Production Technician I,CCDR,Contract,Zone C,Temporary,Unk,Production,Finance & Accounting,07-10-1969,MA,Accounting,Female,34904,White,Widowed,Fully Meets,4,3427,14-01-2023,1,2,3,15-07-2023,Leadership Development,Internal,Failed,2,606.11,UriahBridges,53,Active,45-54,,,0,2,3.32,3-5 yr
Paula,Small,11-02-2023,,Production Technician I,EW,Contract,Zone A,Part-Time,Unk,Production,Aerial,30-08-1965,MA,Labor,Male,6593,Hispanic,Widowed,Fully Meets,3,3428,09-09-2022,2,1,5,12-09-2022,Customer Service,External,Incomplete,4,673.02,PaulaSmall,57,Active,55+,,,0,2.67,-0.42,
Edward,Buck,10-12-2018,,Area Sales Manager,PL,Full-Time,Zone B,Part-Time,Unk,Sales,General - Sga,06-10-1991,MA,Assistant,Male,2330,Hispanic,Widowed,Fully Meets,4,3429,27-05-2023,1,2,1,13-08-2022,Leadership Development,External,Failed,2,413.28,EdwardBuck,31,Active,25-34,,,0,1.33,4.46,3-5 yr
Michael,Riordan,21-06-2021,,Area Sales Manager,CCDR,Contract,Zone A,Full-Time,Unk,Sales,Finance & Accounting,04-04-1998,ND,Clerk,Male,58782,Other,Single,Fully Meets,2,3430,16-06-2023,5,5,4,15-12-2022,Project Management,External,Completed,3,663.78,MichaelRiordan,25,Active,25-34,,,1,4.67,1.98,1-3 yr
Jasmine,Onque,29-06-2019,,Area Sales Manager,TNS,Contract,Zone A,Temporary,Unk,Sales,General - Con,29-08-1969,FL,Laborer,Female,33174,Other,Married,Fully Meets,3,3431,25-11-2022,2,5,3,13-07-2023,Technical Skills,External,Failed,5,399.03,JasmineOnque,53,Active,45-54,,,0,3.33,3.41,3-5 yr
Maruk,Fraval,17-01-2020,,Area Sales Manager,BPC,Contract,Zone B,Full-Time,Unk,Sales,Field Operations,03-04-1949,CT,Driver,Male,6050,Black,Married,Fully Meets,3,3432,12-12-2022,2,3,5,18-04-2023,Project Management,Internal,Passed,2,820.33,MarukFraval,73,Active,55+,,,1,3.33,2.9,1-3 yr
Latia,Costa,06-04-2022,03-07-2023,Area Sales Manager,WBL,Full-Time,Zone B,Temporary,Involuntary,Sales,General - Eng,01-07-1942,CA,Technician,Female,90007,Hispanic,Divorced,Exceeds,4,3433,25-03-2023,1,5,2,06-08-2022,Customer Service,External,Passed,5,295.08,LatiaCosta,80,Terminated,55+,2023,July,1,2.67,1.24,1-3 yr
Sharlene,Terry,06-11-2020,29-01-2023,Area Sales Manager,CCDR,Contract,Zone C,Full-Time,Involuntary,Sales,Engineers,07-03-1957,OR,Engineer,Female,97756,White,Divorced,Fully Meets,2,3434,21-04-2023,1,4,2,07-10-2022,Leadership Development,Internal,Passed,3,790.15,SharleneTerry,66,Terminated,55+,2023,January,1,2.33,2.23,1-3 yr
Jac,McKinzie,18-08-2018,,Area Sales Manager,NEL,Contract,Zone B,Part-Time,Unk,Sales,Executive,15-05-1974,TX,Executive Assistant,Male,78789,Black,Widowed,Exceeds,3,3435,09-12-2022,4,3,3,19-07-2023,Customer Service,Internal,Passed,3,798.4,JacMcKinzie,48,Active,45-54,,,1,3.33,4.31,3-5 yr
Joseph,Martins,21-01-2022,29-06-2023,Area Sales Manager,BPC,Part-Time,Zone B,Temporary,Resignation,Sales,Engineers,11-11-1949,TX,Engineer,Male,78207,Asian,Widowed,Fully Meets,5,3436,30-07-2023,5,5,2,09-04-2023,Leadership Development,Internal,Failed,5,192.61,JosephMartins,73,Terminated,55+,2023,June,0,4,1.43,1-3 yr
Myriam,Givens,04-08-2023,,Area Sales Manager,SVG,Contract,Zone B,Temporary,Unk,Sales,Field Operations,26-01-1964,IN,Technician,Female,46204,Other,Single,Fully Meets,5,3437,15-10-2022,3,2,5,20-10-2022,Technical Skills,Internal,Failed,1,455.68,MyriamGivens,58,Active,55+,,,0,3.33,-0.8,
Dheepa,Nguyen,10-08-2018,04-11-2019,Area Sales Manager,MSC,Full-Time,Zone C,Temporary,Retirement,Sales,General - Con,06-04-1948,GA,Technician,Female,30428,Asian,Married,Fully Meets,3,3438,28-10-2022,4,2,5,05-10-2022,Technical Skills,Internal,Failed,2,208.17,DheepaNguyen,74,Terminated,55+,2019,November,0,3.67,1.23,1-3 yr
Bartholemew,Khemmich,25-05-2022,27-11-2022,Area Sales Manager,EW,Full-Time,Zone A,Temporary,Involuntary,Sales,Splicing,24-11-1981,CO,Splicer,Male,80820,Other,Single,Fully Meets,3,3439,30-10-2022,1,2,5,09-03-2023,Technical Skills,External,Incomplete,1,421.07,BartholemewKhemmich,40,Terminated,35-44,2022,November,0,2.67,0.51,0-1 yr
Xana,Potts,05-12-2019,17-02-2023,Area Sales Manager,CCDR,Contract,Zone A,Full-Time,Resignation,Sales,Finance & Accounting,06-11-1951,KY,Controller,Female,40220,White,Divorced,Fully Meets,3,3440,24-09-2022,1,4,5,29-05-2023,Communication Skills,External,Failed,1,649.03,XanaPotts,70,Terminated,55+,2023,February,0,3.33,3.2,3-5 yr
Prater,Jeremy,28-04-2019,,Area Sales Manager,BPC,Part-Time,Zone A,Part-Time,Unk,Sales,General - Con,21-11-1989,NV,Lineman,Male,89139,Asian,Widowed,Exceeds,4,3441,30-10-2022,4,2,5,08-01-2023,Project Management,Internal,Passed,4,450.2,PraterJeremy,32,Active,25-34,,,1,3.67,3.51,3-5 yr
Kaylah,Moon,09-07-2019,16-06-2022,Area Sales Manager,PYZ,Full-Time,Zone A,Full-Time,Retirement,IT/IS,Field Operations,24-11-1952,MA,Laborer,Male,2810,Black,Single,Exceeds,2,3442,31-10-2022,2,5,3,06-03-2023,Project Management,External,Failed,4,286.87,KaylahMoon,69,Terminated,55+,2022,June,0,3.33,2.94,1-3 yr
Kristen,Tate,05-04-2021,12-05-2023,Area Sales Manager,WBL,Full-Time,Zone C,Part-Time,Voluntary,IT/IS,Project Management - Con,08-04-1994,KY,Coordinator,Male,2621,Asian,Widowed,Fully Meets,3,3443,29-04-2023,2,2,4,18-02-2023,Technical Skills,External,Failed,3,402.13,KristenTate,29,Terminated,25-34,2023,May,0,2.67,2.1,1-3 yr
Bobby,Rodgers,28-11-2021,04-02-2022,Area Sales Manager,NEL,Contract,Zone A,Part-Time,Voluntary,Sales,Engineers,15-11-1983,KY,Director,Male,44553,Other,Widowed,Fully Meets,3,3444,14-12-2022,1,2,4,02-11-2022,Technical Skills,External,Failed,2,388.84,BobbyRodgers,39,Terminated,35-44,2022,February,0,2.33,0.19,0-1 yr
Reid,Park,16-01-2021,,Area Sales Manager,PL,Contract,Zone C,Full-Time,Unk,Sales,Project Management - Con,07-12-1985,KY,Supervisor,Female,5360,Other,Married,Exceeds,4,3445,07-05-2023,4,5,2,14-07-2023,Project Management,External,Completed,2,879.64,ReidPark,37,Active,35-44,,,1,3.67,2.3,1-3 yr
Hector,Dalton,24-08-2021,,Area Sales Manager,BPC,Part-Time,Zone A,Part-Time,Unk,Sales,Field Operations,01-05-1996,TX,Driller,Female,16325,White,Divorced,Exceeds,2,3446,21-05-2023,4,3,5,11-12-2022,Technical Skills,Internal,Failed,5,701.13,HectorDalton,27,Active,25-34,,,0,4,1.74,1-3 yr
Mariela,Schultz,26-05-2020,18-06-2023,Area Sales Manager,CCDR,Part-Time,Zone C,Part-Time,Involuntary,Sales,General - Con,17-02-1964,TX,Technician,Female,43481,Asian,Widowed,Fully Meets,3,3447,08-05-2023,5,1,4,02-04-2023,Customer Service,Internal,Incomplete,3,353.21,MarielaSchultz,59,Terminated,55+,2023,June,0,3.33,3.06,3-5 yr
Angela,Molina,01-10-2019,06-11-2020,Area Sales Manager,SVG,Full-Time,Zone A,Temporary,Retirement,Sales,Engineers,12-05-1958,TX,Specialist,Male,50705,Asian,Widowed,Fully Meets,3,3448,28-03-2023,5,1,5,16-05-2023,Communication Skills,Internal,Completed,4,911.05,AngelaMolina,64,Terminated,55+,2020,November,1,3.67,1.1,1-3 yr
Gerald,Preston,10-05-2023,27-05-2023,Area Sales Manager,EW,Contract,Zone B,Temporary,Involuntary,Sales,General - Eng,18-09-1992,CO,Technician,Male,5168,Black,Single,Fully Meets,5,3449,30-06-2023,3,2,1,02-10-2022,Communication Skills,External,Completed,3,242.21,GeraldPreston,30,Terminated,25-34,2023,May,1,2,0.05,0-1 yr
Reilly,Moyer,01-09-2020,04-12-2022,Area Sales Manager,MSC,Contract,Zone C,Temporary,Resignation,Sales,Field Operations,11-08-1994,CO,Operator,Male,11765,Other,Single,Exceeds,2,3450,18-01-2023,4,3,5,12-01-2023,Technical Skills,Internal,Completed,4,186.07,ReillyMoyer,28,Terminated,25-34,2022,December,1,4,2.26,1-3 yr
Carlee,French,18-02-2021,11-11-2022,Area Sales Manager,TNS,Contract,Zone C,Full-Time,Voluntary,Sales,General - Con,15-01-1968,CO,Technician,Male,71071,Other,Divorced,Exceeds,3,3451,29-04-2023,5,1,2,22-03-2023,Technical Skills,External,Completed,1,921.97,CarleeFrench,55,Terminated,55+,2022,November,1,2.67,1.73,1-3 yr
Jaydon,Blackburn,08-11-2022,,Area Sales Manager,PYZ,Part-Time,Zone A,Part-Time,Unk,Sales,General - Con,07-01-1947,IN,Foreman,Male,12122,Black,Divorced,Fully Meets,2,3452,19-01-2023,5,5,2,13-09-2022,Customer Service,Internal,Failed,1,691.04,JaydonBlackburn,76,Active,55+,,,0,4,0.2,0-1 yr
Bridger,Carter,13-10-2022,,Area Sales Manager,WBL,Contract,Zone C,Part-Time,Unk,Sales,Fielders,07-04-1982,MA,Engineer,Male,87065,White,Widowed,Fully Meets,4,3453,17-09-2022,5,5,3,25-08-2022,Customer Service,External,Completed,5,964.44,BridgerCarter,40,Active,35-44,,,1,4.33,-0.07,
Leon,Beard,11-09-2022,,Area Sales Manager,PYZ,Full-Time,Zone C,Full-Time,Unk,IT/IS,General - Con,29-01-1970,KY,Foreman,Male,10415,Hispanic,Married,Needs Improvement,4,3454,14-03-2023,4,4,2,07-02-2023,Communication Skills,Internal,Passed,3,184.9,LeonBeard,53,Active,45-54,,,1,3.33,0.5,0-1 yr
Charity,Miranda,29-06-2021,05-07-2022,Area Sales Manager,WBL,Full-Time,Zone C,Temporary,Resignation,Sales,Project Management - Eng,18-01-1999,KY,Manager,Male,3763,Other,Widowed,Exceeds,4,3455,12-08-2022,2,1,1,17-03-2023,Project Management,External,Passed,1,220.41,CharityMiranda,23,Terminated,<25,2022,July,1,1.33,1.02,1-3 yr
Axel,Howe,06-03-2023,,Area Sales Manager,NEL,Full-Time,Zone A,Temporary,Unk,Sales,Field Operations,25-09-1946,KY,Technician,Female,79623,Black,Divorced,Fully Meets,3,3456,30-03-2023,4,3,4,08-06-2023,Technical Skills,External,Passed,2,336.82,AxelHowe,76,Active,55+,,,1,3.67,0.07,0-1 yr
Milton,Wall,25-09-2020,,Area Sales Manager,PL,Full-Time,Zone B,Temporary,Unk,Sales,Engineers,23-08-1947,KY,Technician,Female,69189,White,Divorced,Needs Improvement,3,3457,21-04-2023,5,1,4,15-04-2023,Customer Service,External,Completed,4,485.73,MiltonWall,75,Active,55+,,,1,3.33,2.57,1-3 yr
Cory,Robinson,28-04-2022,24-05-2023,Area Sales Manager,BPC,Contract,Zone A,Full-Time,Voluntary,Sales,Field Operations,12-08-1996,TX,Laborer,Female,5194,Hispanic,Single,Needs Improvement,3,3458,14-02-2023,2,5,5,02-12-2022,Communication Skills,Internal,Failed,2,409.27,CoryRobinson,26,Terminated,25-34,2023,May,0,4,1.07,1-3 yr
Saniya,Yu,18-04-2021,21-06-2022,Area Sales Manager,CCDR,Part-Time,Zone A,Full-Time,Retirement,Sales,General - Con,09-02-1944,TX,Splicer,Male,8779,Black,Widowed,Exceeds,2,3459,26-10-2022,4,4,3,14-06-2023,Communication Skills,Internal,Passed,4,168.32,SaniyaYu,78,Terminated,55+,2022,June,1,3.67,1.17,1-3 yr
Alisa,James,19-02-2020,,Area Sales Manager,SVG,Full-Time,Zone A,Full-Time,Unk,Sales,Aerial,10-02-1944,TX,Lineman,Male,74682,Asian,Married,Fully Meets,3,3460,16-11-2022,4,3,3,08-07-2023,Communication Skills,External,Incomplete,5,919.52,AlisaJames,78,Active,55+,,,0,3.33,2.74,1-3 yr
Lincoln,Compton,18-07-2019,01-10-2021,Area Sales Manager,EW,Full-Time,Zone C,Part-Time,Resignation,Sales,General - Con,29-12-1997,CO,Foreman,Male,78046,Hispanic,Married,Needs Improvement,1,3461,24-04-2023,1,4,4,05-01-2023,Technical Skills,External,Completed,2,948.43,LincolnCompton,25,Terminated,25-34,2021,October,1,3,2.21,1-3 yr
Aliana,Nolan,13-09-2018,17-09-2021,Area Sales Manager,MSC,Contract,Zone A,Full-Time,Involuntary,Sales,Field Operations,09-08-1942,CO,Coordinator,Male,27270,Hispanic,Divorced,Needs Improvement,3,3462,08-11-2022,3,3,1,19-07-2023,Project Management,External,Completed,1,320.01,AlianaNolan,80,Terminated,55+,2021,September,1,2.33,3.01,3-5 yr
Kayden,Dodson,30-04-2020,18-07-2021,Area Sales Manager,TNS,Part-Time,Zone A,Temporary,Retirement,Sales,Field Operations,21-06-1951,IN,Tower Hand,Male,12703,Hispanic,Single,Fully Meets,1,3463,18-09-2022,4,3,4,29-08-2022,Technical Skills,Internal,Incomplete,4,926.19,KaydenDodson,71,Terminated,55+,2021,July,0,3.67,1.22,1-3 yr
James,Duke,03-12-2018,09-09-2022,Area Sales Manager,PYZ,Contract,Zone B,Full-Time,Involuntary,Sales,Shop (Fleet),17-06-1998,MA,Mechanic,Male,66835,Black,Widowed,Needs Improvement,5,3464,29-12-2022,2,5,3,13-11-2022,Customer Service,External,Passed,2,290.47,JamesDuke,24,Terminated,<25,2022,September,1,3.33,3.77,3-5 yr
Willow,Stuart,08-11-2021,,Area Sales Manager,WBL,Full-Time,Zone B,Full-Time,Unk,Sales,General - Con,07-01-1962,MA,Flagger,Male,66150,Asian,Divorced,Needs Improvement,3,3465,19-05-2023,5,4,3,04-06-2023,Communication Skills,External,Incomplete,1,706.1,WillowStuart,61,Active,55+,,,0,4,1.52,1-3 yr
Clayton,Walker,13-04-2022,10-04-2023,Area Sales Manager,PYZ,Part-Time,Zone C,Full-Time,Retirement,IT/IS,Aerial,26-01-1979,KY,Supervisor,Male,64288,Other,Married,Exceeds,4,3466,04-08-2023,1,3,4,07-12-2022,Customer Service,External,Passed,3,447.66,ClaytonWalker,44,Terminated,35-44,2023,April,1,2.67,0.99,0-1 yr
Celia,Curtis,06-05-2020,,Area Sales Manager,WBL,Contract,Zone A,Part-Time,Unk,Sales,Fielders,14-05-1987,KY,Engineer,Female,94333,Asian,Divorced,Exceeds,1,3467,27-06-2023,4,3,2,24-02-2023,Technical Skills,Internal,Incomplete,1,759.7,CeliaCurtis,36,Active,35-44,,,0,3,3.14,3-5 yr
Valentin,Reilly,09-09-2019,,Area Sales Manager,NEL,Contract,Zone B,Temporary,Unk,Sales,Wireline Construction,26-04-1998,KY,Foreman,Female,45453,Black,Single,Fully Meets,4,3468,05-02-2023,3,1,3,10-05-2023,Customer Service,Internal,Completed,3,180.63,ValentinReilly,24,Active,<25,,,1,2.33,3.41,3-5 yr
Ryland,Shepherd,29-07-2020,05-01-2023,Area Sales Manager,PL,Contract,Zone B,Full-Time,Resignation,Sales,Field Operations,21-02-1945,TX,Driver,Female,81905,Asian,Divorced,Needs Improvement,3,3469,01-08-2023,5,5,1,15-08-2022,Communication Skills,Internal,Failed,2,552.54,RylandShepherd,78,Terminated,55+,2023,January,0,3.67,2.44,1-3 yr
Esteban,Gilbert,14-11-2018,28-10-2019,Area Sales Manager,BPC,Contract,Zone C,Part-Time,Retirement,Sales,Field Operations,31-05-1997,TX,Technician,Female,12491,Black,Married,Needs Improvement,3,3470,06-05-2023,1,2,3,26-09-2022,Project Management,External,Passed,1,986.96,EstebanGilbert,25,Terminated,25-34,2019,October,1,2,0.95,0-1 yr
Jonathan,Adkins,29-02-2020,,Area Sales Manager,CCDR,Part-Time,Zone C,Temporary,Unk,Sales,Field Operations,03-01-1967,TX,Foreman,Male,64350,Asian,Married,Fully Meets,4,3471,30-04-2023,2,4,1,23-03-2023,Customer Service,External,Passed,3,109.98,JonathanAdkins,56,Active,55+,,,1,2.33,3.16,3-5 yr
Nevaeh,Soto,15-01-2023,,Area Sales Manager,SVG,Contract,Zone C,Full-Time,Unk,Sales,Project Management - Con,12-01-1982,TX,Director,Male,74124,Other,Married,Exceeds,4,3472,26-07-2023,5,5,4,12-02-2023,Technical Skills,External,Completed,5,537.24,NevaehSoto,41,Active,35-44,,,1,4.67,0.53,0-1 yr
Chaim,Mata,29-06-2023,,Area Sales Manager,EW,Part-Time,Zone A,Temporary,Unk,Sales,Shop (Fleet),01-10-1950,CO,Manager,Male,33379,Hispanic,Widowed,Exceeds,2,3473,28-06-2023,3,4,4,06-12-2022,Communication Skills,External,Failed,5,789.99,ChaimMata,72,Active,55+,,,0,3.67,0,0-1 yr
Arely,Patton,09-03-2020,,Area Sales Manager,MSC,Full-Time,Zone A,Temporary,Unk,Sales,Catv,16-12-1965,CO,Laborer,Male,34481,Other,Divorced,Fully Meets,2,3474,09-05-2023,3,1,2,01-09-2022,Customer Service,External,Incomplete,5,155.51,ArelyPatton,57,Active,55+,,,0,2,3.16,3-5 yr
Vance,Trujillo,21-09-2021,13-04-2023,Area Sales Manager,TNS,Full-Time,Zone C,Temporary,Resignation,Sales,General - Con,25-12-1957,IN,Foreman,Male,90406,Asian,Widowed,Fully Meets,2,3475,25-01-2023,4,3,4,02-11-2022,Customer Service,Internal,Passed,2,648.76,VanceTrujillo,65,Terminated,55+,2023,April,1,3.67,1.56,1-3 yr
Charlie,Koch,12-06-2023,06-07-2023,Area Sales Manager,PYZ,Part-Time,Zone A,Temporary,Voluntary,Sales,Fielders,20-06-1945,MA,Engineer,Male,95774,Asian,Divorced,Needs Improvement,2,3476,03-03-2023,5,5,3,18-11-2022,Leadership Development,Internal,Incomplete,4,533.5,CharlieKoch,77,Terminated,55+,2023,July,0,4.33,0.07,0-1 yr
Sonny,Horne,07-04-2019,,Area Sales Manager,PYZ,Part-Time,Zone A,Full-Time,Unk,IT/IS,Aerial,03-12-1969,KY,Laborer,Female,16058,Asian,Widowed,Needs Improvement,2,3477,05-12-2022,1,2,1,07-11-2022,Leadership Development,External,Failed,5,429.48,SonnyHorne,53,Active,45-54,,,0,1.33,3.66,3-5 yr
Thomas,Chandler,17-09-2018,09-01-2019,Area Sales Manager,WBL,Full-Time,Zone C,Temporary,Resignation,Sales,Wireline Construction,10-10-1957,KY,Groundman,Female,45149,Hispanic,Married,Fully Meets,2,3478,29-11-2022,3,4,1,05-10-2022,Technical Skills,External,Incomplete,1,526.74,ThomasChandler,65,Terminated,55+,2019,January,0,2.67,0.31,0-1 yr
Sarai,Stone,02-08-2022,02-04-2023,Area Sales Manager,NEL,Contract,Zone A,Part-Time,Involuntary,Sales,Project Management - Con,17-05-1962,TX,Technician,Female,96336,Hispanic,Widowed,Fully Meets,2,3479,03-11-2022,4,4,4,18-01-2023,Communication Skills,Internal,Passed,3,443.45,SaraiStone,60,Terminated,55+,2023,April,1,4,0.67,0-1 yr
Jerimiah,Harmon,08-09-2022,16-10-2022,Area Sales Manager,PL,Full-Time,Zone C,Temporary,Retirement,Sales,Catv,09-08-1946,TX,Supervisor,Female,75671,Black,Widowed,Fully Meets,1,3480,25-07-2023,1,5,3,02-03-2023,Leadership Development,External,Failed,1,887.15,JerimiahHarmon,77,Terminated,55+,2022,October,0,3,0.1,0-1 yr
Leland,Allen,07-03-2019,31-05-2021,Area Sales Manager,BPC,Full-Time,Zone C,Part-Time,Voluntary,Sales,Wireline Construction,11-12-1965,TX,Splicer,Male,61149,Other,Widowed,Fully Meets,4,3481,02-03-2023,5,2,4,29-05-2023,Technical Skills,External,Incomplete,5,758.95,LelandAllen,57,Terminated,55+,2021,May,0,3.67,2.23,1-3 yr
Cristal,Bolton,29-10-2019,07-02-2021,Area Sales Manager,CCDR,Full-Time,Zone A,Temporary,Resignation,Sales,Catv,11-02-1990,TX,Lineman,Male,57302,Asian,Divorced,Needs Improvement,2,3482,22-10-2022,4,5,5,03-03-2023,Technical Skills,Internal,Failed,1,627.11,CristalBolton,32,Terminated,25-34,2021,February,0,4.67,1.28,1-3 yr
Jaslene,Harding,26-09-2021,,Area Sales Manager,SVG,Part-Time,Zone B,Temporary,Unk,Sales,Project Management - Con,19-06-1964,CO,Coordinator,Male,42605,Asian,Widowed,Fully Meets,1,3483,23-10-2022,1,4,5,10-08-2022,Project Management,External,Passed,4,111.96,JasleneHarding,58,Active,55+,,,1,3.33,1.07,1-3 yr
Albert,Gonzalez,29-08-2018,,Area Sales Manager,EW,Part-Time,Zone B,Full-Time,Unk,Sales,General - Con,18-07-1995,CO,Model Assistant,Male,64036,Other,Single,Fully Meets,4,3484,16-09-2022,1,2,4,27-06-2023,Project Management,External,Passed,1,795.7,AlbertGonzalez,27,Active,25-34,,,1,2.33,4.05,3-5 yr
Jaiden,Johnson,26-10-2021,,Area Sales Manager,MSC,Contract,Zone C,Full-Time,Unk,Sales,Field Operations,22-08-1994,CO,Laborer,Male,23173,White,Widowed,Fully Meets,5,3485,07-05-2023,2,1,3,07-08-2022,Customer Service,Internal,Passed,2,796.45,JaidenJohnson,28,Active,25-34,,,1,2,1.53,1-3 yr
Brendon,Mcconnell,31-10-2022,08-06-2023,Area Sales Manager,TNS,Part-Time,Zone C,Temporary,Involuntary,Sales,Fielders,14-11-1990,IN,Engineer,Male,19665,Other,Widowed,Fully Meets,4,3486,27-08-2022,3,1,1,23-07-2023,Project Management,Internal,Completed,5,812.59,BrendonMcconnell,31,Terminated,25-34,2023,June,1,1.67,0.6,0-1 yr
Kimora,Parsons,15-03-2023,,Area Sales Manager,BPC,Contract,Zone B,Part-Time,Unk,Sales,General - Sga,01-02-1994,KY,Administrator,Female,41161,Other,Divorced,Fully Meets,4,3487,23-09-2022,5,4,1,17-07-2023,Project Management,External,Completed,5,132.97,KimoraParsons,28,Active,25-34,,,1,3.33,-0.47,
Willie,Patterson,09-09-2022,,Area Sales Manager,CCDR,Contract,Zone B,Full-Time,Unk,Sales,Wireline Construction,12-11-1997,KY,Lineman,Female,52499,Asian,Single,Fully Meets,2,3488,11-03-2023,1,5,1,20-09-2022,Communication Skills,Internal,Completed,1,308.19,WilliePatterson,25,Active,25-34,,,1,2.33,0.5,0-1 yr
Devyn,Powers,04-03-2022,,Area Sales Manager,EW,Part-Time,Zone A,Temporary,Unk,Sales,Field Operations,02-05-1953,TX,Laborer,Female,25634,Black,Divorced,Fully Meets,2,3489,03-12-2022,2,4,5,02-07-2023,Project Management,Internal,Passed,1,131.41,DevynPowers,69,Active,55+,,,1,3.67,0.75,0-1 yr
Weston,Preston,11-02-2019,,Area Sales Manager,MSC,Part-Time,Zone A,Part-Time,Unk,Sales,General - Sga,10-07-1991,TX,Director,Female,37965,Hispanic,Divorced,Fully Meets,2,3490,12-10-2022,5,3,2,19-07-2023,Technical Skills,Internal,Failed,3,389.59,WestonPreston,31,Active,25-34,,,0,3.33,3.67,3-5 yr
Lennon,Buchanan,26-01-2021,,Area Sales Manager,NEL,Contract,Zone B,Full-Time,Unk,Sales,Field Operations,02-06-1973,TX,Driver,Male,39504,White,Widowed,Fully Meets,5,3491,10-09-2022,3,4,5,14-07-2023,Project Management,Internal,Incomplete,3,442.56,LennonBuchanan,49,Active,45-54,,,0,4,1.62,1-3 yr
Vicente,Merritt,26-11-2019,,Area Sales Manager,PL,Full-Time,Zone C,Full-Time,Unk,Sales,General - Con,08-01-1993,CO,Clerk,Male,31676,Asian,Married,Fully Meets,1,3492,13-01-2023,1,5,5,06-09-2022,Project Management,Internal,Incomplete,3,327.66,VicenteMerritt,30,Active,25-34,,,0,3.67,3.13,3-5 yr
Hugo,Clay,15-07-2019,,Area Sales Manager,PYZ,Full-Time,Zone C,Full-Time,Unk,Sales,Project Management - Con,17-04-1984,CO,Project Manager,Male,28784,Asian,Widowed,Fully Meets,5,3493,02-04-2023,3,1,5,19-02-2023,Project Management,Internal,Completed,3,400.95,HugoClay,38,Active,35-44,,,1,3,3.72,3-5 yr
Cohen,Raymond,18-06-2020,,Area Sales Manager,SVG,Contract,Zone B,Full-Time,Unk,Sales,General - Con,08-02-1994,CO,Technician,Male,90983,Black,Single,Fully Meets,4,3494,15-12-2022,1,2,1,11-02-2023,Technical Skills,Internal,Completed,2,910.45,CohenRaymond,28,Active,25-34,,,1,1.33,2.49,1-3 yr
Tia,Ellis,22-06-2023,22-07-2023,Area Sales Manager,TNS,Part-Time,Zone B,Temporary,Retirement,Sales,Wireline Construction,27-01-1993,IN,Laborer,Male,1115,Other,Married,Fully Meets,4,3495,08-09-2022,4,3,5,21-12-2022,Customer Service,External,Passed,1,701.55,TiaEllis,29,Terminated,25-34,2023,July,1,4,0.08,0-1 yr
Aspen,Bentley,02-12-2021,,Area Sales Manager,WBL,Contract,Zone A,Part-Time,Unk,Sales,General - Sga,19-09-1964,CA,Administrator,Male,72233,Other,Widowed,Fully Meets,5,3496,26-12-2022,1,3,2,16-02-2023,Project Management,Internal,Incomplete,1,806.87,AspenBentley,58,Active,55+,,,0,2,1.07,1-3 yr
Graham,Rodriguez,08-12-2021,,Area Sales Manager,TNS,Part-Time,Zone C,Temporary,Unk,Sales,Project Management - Con,18-02-1981,OR,Lineman,Female,58210,Hispanic,Widowed,Fully Meets,1,3497,18-09-2022,2,3,4,11-03-2023,Communication Skills,Internal,Completed,2,184.21,GrahamRodriguez,41,Active,35-44,,,1,3,0.78,0-1 yr
Joel,Mcmillan,26-04-2023,22-06-2023,Area Sales Manager,PYZ,Full-Time,Zone A,Full-Time,Voluntary,Sales,General - Sga,17-10-1998,KY,Laborer,Female,36087,White,Widowed,Fully Meets,2,3498,19-06-2023,3,3,4,30-05-2023,Project Management,External,Failed,1,208.43,JoelMcmillan,24,Terminated,<25,2023,June,0,3.33,0.16,0-1 yr
Maci,Frost,25-09-2018,20-12-2021,Area Sales Manager,WBL,Part-Time,Zone C,Temporary,Involuntary,Sales,Field Operations,16-01-1971,KY,Technician,Female,61457,Asian,Widowed,Fully Meets,5,3499,21-07-2023,5,3,5,30-01-2023,Technical Skills,Internal,Incomplete,2,762.45,MaciFrost,52,Terminated,45-54,2021,December,0,4.33,3.24,3-5 yr
Nevaeh,Lucas,20-11-2018,21-06-2020,Area Sales Manager,NEL,Full-Time,Zone B,Part-Time,Voluntary,Sales,Shop (Fleet),25-02-2000,TX,Mechanic,Female,80424,White,Divorced,Fully Meets,1,3500,14-05-2023,4,1,4,15-06-2023,Leadership Development,External,Incomplete,4,779.79,NevaehLucas,23,Terminated,<25,2020,June,0,3,1.59,1-3 yr
Garrett,Zimmerman,30-08-2020,30-08-2022,Area Sales Manager,PL,Part-Time,Zone A,Part-Time,Retirement,Sales,General - Con,19-04-1959,TX,Technician,Male,6240,Other,Widowed,Fully Meets,4,3501,20-02-2023,2,3,4,09-06-2023,Project Management,External,Passed,3,135.95,GarrettZimmerman,63,Terminated,55+,2022,August,1,3,2,1-3 yr
Eugene,Marks,01-10-2019,,Area Sales Manager,BPC,Full-Time,Zone C,Temporary,Unk,Sales,Splicing,29-06-1976,TX,Electrician,Male,49914,White,Married,Fully Meets,1,3502,24-04-2023,5,3,5,03-01-2023,Customer Service,External,Incomplete,3,427.12,EugeneMarks,46,Active,45-54,,,0,4.33,3.56,3-5 yr
Geovanni,Pugh,20-01-2022,,Area Sales Manager,CCDR,Part-Time,Zone A,Temporary,Unk,Sales,Project Management - Con,27-07-1951,CO,Manager,Male,71319,Other,Single,Fully Meets,4,3503,28-01-2023,5,2,3,20-02-2023,Technical Skills,Internal,Completed,4,996.35,GeovanniPugh,71,Active,55+,,,1,3.33,1.02,1-3 yr
Javon,Kelley,10-10-2021,,Area Sales Manager,SVG,Full-Time,Zone B,Part-Time,Unk,Sales,General - Con,23-08-1980,CO,Laborer,Male,27992,Hispanic,Married,Fully Meets,2,3504,20-04-2023,3,4,3,02-06-2023,Communication Skills,Internal,Completed,5,963.23,JavonKelley,42,Active,35-44,,,1,3.33,1.52,1-3 yr
Amaya,Hicks,29-08-2020,,Area Sales Manager,EW,Contract,Zone B,Temporary,Unk,Sales,Field Operations,24-07-1943,IN,Groundman,Male,72324,Hispanic,Widowed,Fully Meets,1,3505,10-11-2022,4,3,2,13-09-2022,Leadership Development,Internal,Failed,5,260.97,AmayaHicks,79,Active,55+,,,0,3,2.2,1-3 yr
Laila,Woodard,27-08-2019,10-05-2023,Area Sales Manager,MSC,Full-Time,Zone B,Temporary,Voluntary,Sales,Field Operations,06-07-1988,IN,Technician,Male,38740,Other,Married,Fully Meets,2,3506,27-06-2023,2,2,3,21-05-2023,Leadership Development,Internal,Completed,1,781.81,LailaWoodard,34,Terminated,25-34,2023,May,1,2.33,3.7,3-5 yr
Ivan,Huff,25-02-2021,07-04-2023,Area Sales Manager,TNS,Full-Time,Zone A,Full-Time,Retirement,Sales,Project Management - Con,24-03-1973,CA,Manager,Male,9437,White,Single,Fully Meets,4,3507,31-03-2023,2,5,2,25-05-2023,Project Management,Internal,Passed,4,651.77,IvanHuff,50,Terminated,45-54,2023,April,1,3,2.11,1-3 yr
Aidan,Harding,13-07-2021,,Area Sales Manager,CCDR,Full-Time,Zone B,Part-Time,Unk,Sales,Aerial,26-05-1942,OR,Laborer,Male,9385,Asian,Single,Fully Meets,5,3508,17-04-2023,1,5,4,04-04-2023,Communication Skills,External,Completed,1,568.22,AidanHarding,80,Active,55+,,,1,3.33,1.76,1-3 yr
Cruz,Boyer,14-04-2021,,Area Sales Manager,BPC,Part-Time,Zone C,Full-Time,Unk,Sales,General - Sga,04-11-1977,KY,Project Controls,Female,75993,Black,Married,Fully Meets,2,3509,03-12-2022,4,5,2,04-03-2023,Leadership Development,External,Completed,4,612.1,CruzBoyer,45,Active,45-54,,,1,3.67,1.64,1-3 yr
Raven,Koch,10-02-2020,,Area Sales Manager,PYZ,Part-Time,Zone A,Full-Time,Unk,Sales,General - Con,17-10-1956,KY,Laborer,Female,65329,Hispanic,Married,Fully Meets,2,3510,22-08-2022,2,4,3,27-10-2022,Technical Skills,External,Completed,4,473.23,RavenKoch,65,Active,55+,,,1,3,2.53,1-3 yr
Karli,Barker,17-08-2021,31-12-2021,Area Sales Manager,WBL,Part-Time,Zone B,Full-Time,Resignation,Sales,Finance & Accounting,18-02-1997,KY,Director,Female,41111,Asian,Divorced,Fully Meets,4,3511,11-05-2023,5,4,5,07-04-2023,Technical Skills,Internal,Completed,3,344.44,KarliBarker,26,Terminated,25-34,2021,December,1,4.67,0.37,0-1 yr
Tyrone,Sosa,17-04-2023,22-06-2023,Area Sales Manager,NEL,Contract,Zone C,Temporary,Voluntary,Sales,Yard (Material Handling),25-10-1996,TX,Coordinator,Female,58860,Black,Single,Fully Meets,2,3512,20-02-2023,5,1,3,25-11-2022,Communication Skills,Internal,Failed,2,206.44,TyroneSosa,26,Terminated,25-34,2023,June,0,3,0.18,0-1 yr
Damaris,Cisneros,02-09-2022,24-05-2023,Area Sales Manager,PL,Contract,Zone C,Temporary,Involuntary,Sales,General - Con,13-11-1959,TX,Laborer,Male,93051,Other,Married,Fully Meets,5,3513,11-05-2023,4,1,3,03-06-2023,Communication Skills,External,Completed,1,599,DamarisCisneros,63,Terminated,55+,2023,May,1,2.67,0.72,0-1 yr
Alexus,Estes,15-04-2020,,Area Sales Manager,BPC,Full-Time,Zone B,Part-Time,Unk,Sales,Wireline Construction,03-01-1958,TX,Manager,Male,17419,Asian,Married,Fully Meets,1,3514,25-08-2022,2,1,1,21-02-2023,Leadership Development,Internal,Incomplete,3,975.46,AlexusEstes,64,Active,55+,,,0,1.33,2.36,1-3 yr
Kinsley,Flowers,09-03-2022,10-12-2022,Area Sales Manager,CCDR,Part-Time,Zone A,Part-Time,Retirement,Sales,Finance & Accounting,29-04-1997,CO,Controller,Male,59593,White,Single,Fully Meets,4,3515,03-07-2023,3,5,5,04-02-2023,Customer Service,Internal,Completed,1,143.96,KinsleyFlowers,26,Terminated,25-34,2022,December,1,4.33,0.76,0-1 yr
Deborah,Love,07-04-2022,22-01-2023,Area Sales Manager,SVG,Contract,Zone B,Part-Time,Retirement,Sales,Project Management - Con,25-06-1988,CO,Coordinator,Male,96350,Asian,Divorced,Fully Meets,5,3516,15-11-2022,2,3,5,22-06-2023,Technical Skills,Internal,Incomplete,1,570.42,DeborahLove,34,Terminated,25-34,2023,January,0,3.33,0.79,0-1 yr
Milagros,Francis,19-02-2020,,Area Sales Manager,EW,Part-Time,Zone A,Part-Time,Unk,Sales,Splicing,04-01-1942,IN,Splicer,Male,44469,Hispanic,Widowed,Fully Meets,4,3517,01-01-2023,4,1,1,17-09-2022,Technical Skills,Internal,Failed,3,391.31,MilagrosFrancis,81,Active,55+,,,0,2,2.87,1-3 yr
Roberto,Michael,10-04-2021,04-07-2022,Area Sales Manager,MSC,Contract,Zone B,Part-Time,Involuntary,Sales,General - Eng,24-05-1969,CA,Coordinator,Female,13249,Hispanic,Married,Fully Meets,2,3518,13-05-2023,4,2,5,27-06-2023,Customer Service,Internal,Completed,3,826.58,RobertoMichael,54,Terminated,45-54,2022,July,1,3.67,1.23,1-3 yr
Elaine,Ewing,19-12-2021,02-03-2022,Area Sales Manager,TNS,Part-Time,Zone C,Temporary,Resignation,Sales,Aerial,28-03-1951,CA,Groundman,Male,17123,Hispanic,Widowed,Fully Meets,2,3519,10-06-2023,1,3,4,11-12-2022,Leadership Development,External,Incomplete,4,930.69,ElaineEwing,72,Terminated,55+,2022,March,0,2.67,0.2,0-1 yr
Caiden,Munoz,13-12-2020,13-01-2023,Area Sales Manager,TNS,Full-Time,Zone C,Temporary,Involuntary,Sales,Project Management - Con,01-03-1963,ND,Manager,Female,18983,Black,Divorced,Fully Meets,1,3520,17-09-2022,5,1,1,11-09-2022,Customer Service,External,Incomplete,1,607.93,CaidenMunoz,59,Terminated,55+,2023,January,0,2.33,2.08,1-3 yr
Jocelyn,Bradford,26-02-2019,,Area Sales Manager,WBL,Contract,Zone C,Part-Time,Unk,Sales,General - Con,16-04-1949,KY,Electrician,Female,51795,Asian,Divorced,Fully Meets,4,3521,19-09-2022,1,3,3,28-02-2023,Communication Skills,Internal,Incomplete,5,723.5,JocelynBradford,73,Active,55+,,,0,2.33,3.56,3-5 yr
Marques,Armstrong,02-03-2020,,Area Sales Manager,BPC,Full-Time,Zone C,Part-Time,Unk,Sales,Splicing,12-10-1983,KY,Splicer,Female,34369,Other,Single,Fully Meets,1,3522,14-07-2023,1,5,4,05-05-2023,Communication Skills,External,Completed,5,394.04,MarquesArmstrong,39,Active,35-44,,,1,3.33,3.36,3-5 yr
Rohan,Chapman,25-06-2021,25-08-2022,Area Sales Manager,CCDR,Full-Time,Zone A,Temporary,Resignation,Sales,General - Con,19-12-1978,KY,Laborer,Female,23092,Other,Single,Fully Meets,2,3523,27-02-2023,3,2,3,10-07-2023,Leadership Development,External,Incomplete,2,451.18,RohanChapman,44,Terminated,35-44,2022,August,0,2.67,1.17,1-3 yr
Emmanuel,Franklin,26-07-2021,04-05-2022,Area Sales Manager,EW,Contract,Zone B,Full-Time,Resignation,Sales,Field Operations,11-11-1999,TX,Laborer,Male,6074,Asian,Divorced,Fully Meets,2,3524,19-05-2023,3,2,4,02-01-2023,Communication Skills,Internal,Completed,5,124.65,EmmanuelFranklin,23,Terminated,<25,2022,May,1,3,0.77,0-1 yr
Clayton,Mccormick,03-07-2022,10-01-2023,Area Sales Manager,MSC,Contract,Zone B,Temporary,Retirement,Sales,General - Con,29-01-1967,TX,Foreman,Male,72264,Hispanic,Single,Fully Meets,2,3525,01-02-2023,1,2,1,09-10-2022,Leadership Development,External,Incomplete,4,237.75,ClaytonMccormick,56,Terminated,55+,2023,January,0,1.33,0.52,0-1 yr
Darius,Krause,15-09-2022,,Area Sales Manager,NEL,Full-Time,Zone B,Full-Time,Unk,Sales,General - Con,30-05-1948,TX,Foreman,Male,28282,White,Widowed,Fully Meets,4,3526,28-01-2023,1,5,3,15-10-2022,Customer Service,Internal,Passed,2,360.5,DariusKrause,74,Active,55+,,,1,3,0.37,0-1 yr
Ahmed,Hawkins,01-05-2020,25-02-2021,Area Sales Manager,PL,Full-Time,Zone B,Temporary,Retirement,Sales,Aerial,15-10-1974,CO,Lineman,Male,46645,Black,Married,Fully Meets,1,3527,27-02-2023,1,3,2,06-01-2023,Project Management,Internal,Failed,4,396.28,AhmedHawkins,48,Terminated,45-54,2021,February,0,2,0.82,0-1 yr
Kymani,Benjamin,13-10-2022,,Area Sales Manager,PYZ,Full-Time,Zone C,Part-Time,Unk,Sales,Finance & Accounting,13-12-1991,CO,Accounting,Male,10790,Hispanic,Widowed,Fully Meets,2,3528,27-05-2023,5,2,2,02-03-2023,Technical Skills,External,Passed,1,465.96,KymaniBenjamin,31,Active,25-34,,,1,3,0.62,0-1 yr
Callum,Mcdaniel,03-01-2020,24-08-2020,Area Sales Manager,SVG,Part-Time,Zone C,Full-Time,Voluntary,Sales,Field Operations,18-06-1994,IN,Top Hand,Male,67282,Hispanic,Single,Fully Meets,2,3529,15-07-2023,2,3,4,04-09-2022,Project Management,Internal,Incomplete,1,515.56,CallumMcdaniel,29,Terminated,25-34,2020,August,0,3,0.64,0-1 yr
Zariah,Black,13-11-2019,,Area Sales Manager,TNS,Full-Time,Zone B,Part-Time,Unk,Sales,Field Operations,16-06-1993,CA,Tower Hand,Female,62321,Black,Widowed,Fully Meets,2,3530,27-11-2022,1,2,5,18-01-2023,Customer Service,External,Passed,2,496.85,ZariahBlack,29,Active,25-34,,,1,2.67,3.04,3-5 yr
Ronnie,Mayer,17-06-2023,,Area Sales Manager,WBL,Full-Time,Zone C,Full-Time,Unk,Sales,Project Management - Con,18-05-1943,CA,Project Manager,Male,18409,Black,Divorced,Fully Meets,1,3531,24-02-2023,2,4,4,30-11-2022,Leadership Development,External,Completed,3,629.46,RonnieMayer,79,Active,55+,,,1,3.33,-0.31,
Marlon,Ford,14-10-2021,,Area Sales Manager,EW,Part-Time,Zone B,Full-Time,Unk,IT/IS,Wireless,27-11-1966,OR,Technician,Female,40306,Black,Widowed,Fully Meets,1,3532,08-10-2022,2,2,5,02-05-2023,Technical Skills,Internal,Failed,2,771.61,MarlonFord,55,Active,55+,,,0,3,0.98,0-1 yr
Slade,Griffith,01-06-2021,16-07-2023,Area Sales Manager,MSC,Contract,Zone B,Full-Time,Voluntary,Sales,General - Sga,12-11-1966,ND,Administrator,Male,65183,White,Married,Fully Meets,2,3533,08-01-2023,2,5,2,11-05-2023,Leadership Development,Internal,Completed,4,418.4,SladeGriffith,56,Terminated,55+,2023,July,1,3,2.12,1-3 yr
Lee,Frye,14-09-2018,,Area Sales Manager,TNS,Full-Time,Zone A,Full-Time,Unk,Sales,Engineers,16-08-1959,KY,Engineer,Female,97002,Asian,Single,Fully Meets,4,3534,14-04-2023,4,3,2,21-05-2023,Customer Service,Internal,Completed,3,900.96,LeeFrye,63,Active,55+,,,1,3,4.58,3-5 yr
Veronica,Rowe,11-12-2018,02-06-2022,Area Sales Manager,PYZ,Full-Time,Zone A,Temporary,Retirement,Sales,Fielders,02-02-1994,KY,Engineer,Female,29811,Black,Single,Fully Meets,4,3535,01-11-2022,1,5,1,25-06-2023,Technical Skills,External,Incomplete,1,936.96,VeronicaRowe,28,Terminated,25-34,2022,June,0,2.33,3.47,3-5 yr
Aylin,Berg,06-08-2022,,Area Sales Manager,WBL,Contract,Zone C,Temporary,Unk,Sales,General - Sga,02-01-1989,GA,Administrative,Female,89169,Black,Single,Fully Meets,2,3536,09-10-2022,1,2,4,23-11-2022,Leadership Development,External,Passed,5,269.03,AylinBerg,33,Active,25-34,,,1,2.33,0.18,0-1 yr
Neveah,Rowe,28-05-2022,24-02-2023,Area Sales Manager,NEL,Contract,Zone C,Part-Time,Retirement,Sales,Field Operations,11-07-1954,TX,Foreman,Male,63882,Hispanic,Married,Fully Meets,2,3537,09-09-2022,4,2,5,06-02-2023,Leadership Development,Internal,Completed,4,853.77,NeveahRowe,68,Terminated,55+,2023,February,1,3.67,0.74,0-1 yr
Keith,Baxter,16-06-2019,05-03-2022,Area Sales Manager,PL,Part-Time,Zone C,Part-Time,Resignation,Sales,Fielders,29-08-1959,TX,Engineer,Male,62328,Asian,Widowed,Fully Meets,2,3538,20-04-2023,1,5,4,06-10-2022,Technical Skills,Internal,Failed,4,141.07,KeithBaxter,63,Terminated,55+,2022,March,0,3.33,2.72,1-3 yr
Chaz,Bruce,08-12-2019,,Area Sales Manager,BPC,Full-Time,Zone C,Temporary,Unk,Sales,General - Con,27-11-1983,CO,Foreman,Male,74448,Hispanic,Single,Fully Meets,5,3539,06-02-2023,3,3,4,17-03-2023,Project Management,External,Failed,4,234.77,ChazBruce,39,Active,35-44,,,0,3.33,3.16,3-5 yr
Maya,Mccann,12-03-2020,09-10-2022,Area Sales Manager,CCDR,Full-Time,Zone B,Part-Time,Retirement,Sales,Splicing,09-06-1983,CO,Supervisor,Male,18721,White,Widowed,Exceeds,4,3540,25-06-2023,2,2,3,26-10-2022,Communication Skills,External,Incomplete,2,903.46,MayaMccann,40,Terminated,35-44,2022,October,0,2.33,2.58,1-3 yr
Aaron,Weber,06-04-2020,24-07-2023,Area Sales Manager,SVG,Full-Time,Zone B,Full-Time,Involuntary,Sales,Field Operations,27-10-1991,IN,Technician,Male,78938,Black,Married,Exceeds,2,3541,28-11-2022,1,3,3,22-05-2023,Customer Service,External,Passed,4,380.3,AaronWeber,31,Terminated,25-34,2023,July,1,2.33,3.3,3-5 yr
Ellie,Gill,15-04-2023,,Area Sales Manager,EW,Contract,Zone A,Temporary,Unk,Sales,Field Operations,01-03-1948,IN,Manager,Male,45456,White,Married,Needs Improvement,1,3542,18-10-2022,2,3,4,22-08-2022,Project Management,Internal,Failed,4,511.42,EllieGill,74,Active,55+,,,0,3,-0.49,
Rayne,Kerr,10-11-2020,,Area Sales Manager,MSC,Part-Time,Zone A,Temporary,Unk,Sales,General - Con,18-02-1981,CA,Laborer,Female,45509,Black,Single,Fully Meets,2,3543,11-02-2023,4,5,5,21-05-2023,Communication Skills,External,Passed,4,171.03,RayneKerr,42,Active,35-44,,,1,4.67,2.25,1-3 yr
Samara,Mcbride,29-06-2023,09-07-2023,Area Sales Manager,TNS,Contract,Zone A,Temporary,Retirement,Sales,Aerial,16-09-2000,CA,Foreman,Male,13902,Asian,Single,Fully Meets,2,3544,14-09-2022,3,5,3,02-05-2023,Leadership Development,External,Passed,3,842.93,SamaraMcbride,22,Terminated,<25,2023,July,1,3.67,0.03,0-1 yr
Ryann,Rubio,07-03-2022,,Area Sales Manager,EW,Full-Time,Zone C,Temporary,Unk,IT/IS,Field Operations,28-01-1943,OR,Locator,Female,9733,Black,Widowed,Fully Meets,1,3545,27-05-2023,2,5,2,04-05-2023,Customer Service,External,Incomplete,5,581.12,RyannRubio,80,Active,55+,,,0,3,1.22,1-3 yr
Paris,Carr,31-07-2021,27-01-2023,Area Sales Manager,CCDR,Full-Time,Zone B,Part-Time,Voluntary,Sales,General - Con,14-07-1980,ND,Foreman,Male,35786,Hispanic,Widowed,Exceeds,1,3546,10-05-2023,2,5,5,21-11-2022,Project Management,External,Passed,4,426.45,ParisCarr,42,Terminated,35-44,2023,January,1,4,1.49,1-3 yr
Adriel,Wiggins,20-01-2022,,Area Sales Manager,BPC,Contract,Zone B,Full-Time,Unk,Sales,Project Management - Eng,25-03-1947,KY,Supervisor,Female,1919,Other,Married,Needs Improvement,2,3547,24-12-2022,2,4,2,24-04-2023,Technical Skills,External,Failed,4,805.05,AdrielWiggins,75,Active,55+,,,0,2.67,0.93,0-1 yr
Sanaa,Glass,11-07-2021,10-10-2022,Area Sales Manager,WBL,Part-Time,Zone A,Full-Time,Resignation,Sales,General - Con,25-01-1964,KY,Technician,Female,40135,White,Single,Fully Meets,1,3548,06-10-2022,5,5,3,16-08-2022,Leadership Development,External,Passed,3,368.8,SanaaGlass,58,Terminated,55+,2022,October,1,4.33,1.25,1-3 yr
Ryan,Lynch,15-10-2018,18-10-2020,Area Sales Manager,TNS,Full-Time,Zone C,Full-Time,Retirement,Sales,Field Operations,17-03-1955,GA,Technician,Female,72975,Black,Divorced,Fully Meets,2,3549,19-04-2023,1,4,1,02-11-2022,Communication Skills,External,Failed,5,788.67,RyanLynch,68,Terminated,55+,2020,October,0,2,2.01,1-3 yr
Charlie,Atkinson,26-11-2021,14-10-2022,Area Sales Manager,SVG,Part-Time,Zone C,Temporary,Resignation,Sales,Wireline Construction,26-03-1988,TX,Billing,Male,57754,White,Divorced,Fully Meets,1,3550,23-01-2023,3,5,4,09-04-2023,Project Management,Internal,Completed,4,363.11,CharlieAtkinson,34,Terminated,25-34,2022,October,1,4,0.88,0-1 yr
Emery,Roach,11-08-2018,,Area Sales Manager,PYZ,Part-Time,Zone C,Part-Time,Unk,Sales,Engineers,04-07-1954,TX,Engineer,Male,81142,Black,Married,Needs Improvement,4,3551,03-06-2023,4,4,3,27-10-2022,Communication Skills,External,Incomplete,1,570.13,EmeryRoach,68,Active,55+,,,0,3.67,4.81,3-5 yr
Harper,Ramos,16-02-2020,03-06-2020,Area Sales Manager,PL,Full-Time,Zone B,Full-Time,Retirement,Sales,Field Operations,11-08-1942,CO,Foreman,Male,28714,White,Single,Needs Improvement,1,3552,14-10-2022,3,4,2,26-11-2022,Leadership Development,External,Failed,4,480.87,HarperRamos,80,Terminated,55+,2020,June,0,3,0.3,0-1 yr
Khalil,Mendez,20-01-2020,,Area Sales Manager,NEL,Contract,Zone C,Temporary,Unk,Sales,Field Operations,07-05-1949,CO,Foreman,Male,50379,Black,Divorced,Fully Meets,4,3553,30-10-2022,4,2,4,11-12-2022,Project Management,Internal,Incomplete,5,689.48,KhalilMendez,73,Active,55+,,,0,3.33,2.78,1-3 yr
Lizeth,Holland,31-03-2019,,Area Sales Manager,MSC,Part-Time,Zone C,Temporary,Unk,Sales,People Services,14-10-1958,IN,Cpo,Male,78385,Asian,Widowed,Fully Meets,1,3554,07-06-2023,2,1,2,05-06-2023,Project Management,Internal,Completed,4,283.33,LizethHolland,64,Active,55+,,,1,1.67,4.19,3-5 yr
Matilda,Randall,06-01-2023,07-05-2023,Area Sales Manager,EW,Full-Time,Zone C,Temporary,Resignation,Sales,General - Eng,11-01-1988,IN,Drafter,Female,48104,Hispanic,Widowed,Fully Meets,4,3555,13-01-2023,2,5,1,04-03-2023,Leadership Development,External,Passed,4,566.12,MatildaRandall,35,Terminated,35-44,2023,May,1,2.67,0.33,0-1 yr
Damien,Howe,18-07-2019,15-01-2020,Area Sales Manager,CCDR,Full-Time,Zone B,Temporary,Retirement,Sales,Wireline Construction,16-06-1961,CA,Vp,Male,86009,White,Single,Exceeds,2,3556,11-06-2023,2,2,3,11-02-2023,Customer Service,Internal,Incomplete,1,513.92,DamienHowe,62,Terminated,55+,2020,January,0,2.33,0.5,0-1 yr
Nicholas,Obrien,13-02-2019,,Area Sales Manager,BPC,Part-Time,Zone C,Temporary,Unk,Sales,Field Operations,06-06-1960,MA,Operator,Male,68837,Other,Single,Fully Meets,2,3557,20-04-2023,4,5,2,04-02-2023,Project Management,External,Failed,1,210.38,NicholasObrien,62,Active,55+,,,0,3.67,4.18,3-5 yr
Mildred,Gentry,30-12-2018,,Production Technician I,MSC,Part-Time,Zone A,Part-Time,Unk,Production,Yard (Material Handling),04-06-1959,MA,Manager,Female,2145,Black,Single,Fully Meets,1,3558,05-10-2022,2,5,3,18-07-2023,Technical Skills,Internal,Completed,1,941.54,MildredGentry,63,Active,55+,,,1,3.33,3.76,3-5 yr
Wilson K,Adinolfi,06-11-2019,06-09-2020,Production Technician I,NEL,Part-Time,Zone C,Full-Time,Retirement,Production,Field Operations,18-11-1991,MA,Assistant,Male,1960,White,Single,Fully Meets,2,3559,27-12-2022,3,2,1,30-11-2022,Project Management,External,Failed,2,959.81,Wilson KAdinolfi,31,Terminated,25-34,2020,September,0,2,0.84,0-1 yr
Joanne,Handschiegl,01-06-2022,,Production Technician I,MSC,Contract,Zone C,Full-Time,Unk,Production,Field Operations,18-02-1954,MA,Technician,Female,2127,Asian,Divorced,Exceeds,4,3560,09-01-2023,2,4,5,22-05-2023,Technical Skills,External,Passed,1,738.92,JoanneHandschiegl,68,Active,55+,,,1,3.67,0.61,0-1 yr
Dianna,Blount,28-03-2023,,Production Technician II,BPC,Part-Time,Zone C,Temporary,Unk,Production,General - Con,31-01-1959,MA,Technician,Female,2171,White,Married,Fully Meets,5,3561,20-11-2022,2,1,5,07-09-2022,Technical Skills,External,Failed,5,445.04,DiannaBlount,63,Active,55+,,,0,2.67,-0.35,
Jean,Crimmings,21-05-2019,05-01-2023,Production Technician I,CCDR,Contract,Zone B,Full-Time,Retirement,Production,Shop (Fleet),09-04-1954,MA,Manager,Female,1821,Other,Single,Exceeds,2,3562,27-11-2022,2,1,3,02-01-2023,Project Management,External,Failed,3,808.05,JeanCrimmings,68,Terminated,55+,2023,January,0,2,3.63,3-5 yr
Nore,Sadki,01-01-2019,,Production Technician I,WBL,Contract,Zone B,Full-Time,Unk,Production,Field Operations,15-10-1946,MA,Driver,Male,2148,Black,Widowed,PIP,4,3563,31-01-2023,4,1,3,06-04-2023,Leadership Development,External,Passed,4,886.9,NoreSadki,76,Active,55+,,,1,2.67,4.08,3-5 yr
Susan,Lundy,26-01-2019,02-12-2020,Production Technician II,SVG,Full-Time,Zone C,Temporary,Resignation,Production,Aerial,07-11-1994,MA,Lineman,Female,2122,White,Divorced,Fully Meets,1,3564,12-03-2023,4,4,3,10-12-2022,Technical Skills,External,Incomplete,4,106.14,SusanLundy,28,Terminated,25-34,2020,December,0,3.67,1.85,1-3 yr
Kramer,Keatts,11-09-2021,,Production Technician I,WBL,Part-Time,Zone B,Full-Time,Unk,Production,General - Con,10-05-1968,MA,Lineman,Male,1887,Other,Divorced,Fully Meets,4,3565,29-09-2022,5,5,5,06-05-2023,Project Management,External,Passed,4,684.35,KramerKeatts,54,Active,45-54,,,1,5,1.05,1-3 yr
Maliki,Moumanil,26-09-2021,,Production Technician II,PL,Part-Time,Zone A,Part-Time,Unk,Production,Aerial,05-10-1963,MA,Lineman,Male,1460,Black,Single,Fully Meets,2,3566,27-01-2023,1,2,3,05-09-2022,Communication Skills,Internal,Failed,2,578.81,MalikiMoumanil,59,Active,55+,,,0,2,1.34,1-3 yr
Nader,Barton,04-03-2023,,Production Technician I,EW,Full-Time,Zone C,Full-Time,Unk,Production,General - Sga,02-09-1966,MA,Technician,Male,2747,Asian,Widowed,Fully Meets,4,3567,04-08-2023,2,3,2,09-06-2023,Customer Service,Internal,Completed,5,764.51,NaderBarton,56,Active,55+,,,1,2.33,0.42,0-1 yr
Quinn,Rarrick,11-07-2023,29-07-2023,Production Technician I,EW,Full-Time,Zone B,Part-Time,Involuntary,Production,Field Operations,08-12-1974,MA,Foreman,Male,2478,Asian,Divorced,Fully Meets,2,3568,07-02-2023,2,4,1,23-08-2022,Project Management,Internal,Incomplete,2,201.76,QuinnRarrick,48,Terminated,45-54,2023,July,0,2.33,0.05,0-1 yr
Beatrice,Chace,09-02-2019,28-08-2020,Production Technician I,MSC,Part-Time,Zone B,Temporary,Involuntary,Production,Catv,19-07-1995,MA,Supervisor,Female,2763,Hispanic,Divorced,Fully Meets,2,3569,24-12-2022,1,3,5,09-11-2022,Technical Skills,External,Incomplete,4,730.04,BeatriceChace,27,Terminated,25-34,2020,August,0,3,1.55,1-3 yr
Adrienne J,Homberger,19-04-2019,26-10-2021,Production Technician II,TNS,Full-Time,Zone B,Temporary,Voluntary,Production,Fielders,23-11-1974,MA,Engineer,Female,2445,Asian,Married,Fully Meets,1,3570,02-01-2023,2,5,3,29-03-2023,Project Management,External,Failed,2,796.88,Adrienne JHomberger,48,Terminated,45-54,2021,October,0,3.33,2.52,1-3 yr
Marilyn,Linares,07-07-2022,17-07-2023,Production Technician I,NEL,Part-Time,Zone C,Full-Time,Resignation,Production,Field Operations,29-08-1947,MA,Engineer,Female,1886,White,Widowed,Fully Meets,4,3571,23-11-2022,4,1,5,04-08-2023,Project Management,External,Completed,3,834.44,MarilynLinares,75,Terminated,55+,2023,July,1,3.33,1.03,1-3 yr
Timothy,Sullivan,12-03-2019,19-05-2020,Production Technician I,WBL,Contract,Zone A,Part-Time,Retirement,Production,Fielders,07-06-1994,MA,Engineer,Male,2747,White,Single,Fully Meets,5,3572,05-12-2022,5,5,5,19-05-2023,Leadership Development,Internal,Failed,5,569.17,TimothySullivan,28,Terminated,25-34,2020,May,0,5,1.19,1-3 yr
Jennifer,Medeiros,09-03-2020,17-10-2021,Production Technician I,NEL,Contract,Zone B,Full-Time,Involuntary,Production,Field Operations,26-10-1983,MA,Driller,Female,2346,Asian,Divorced,Exceeds,4,3573,31-12-2022,4,1,1,06-10-2022,Customer Service,Internal,Completed,4,386.07,JenniferMedeiros,39,Terminated,35-44,2021,October,1,2,1.61,1-3 yr
Anna,Von Massenbach,18-05-2021,04-01-2022,Production Technician I,WBL,Contract,Zone B,Full-Time,Involuntary,Production,Underground,06-05-1951,MA,Laborer,Female,2124,Hispanic,Widowed,Fully Meets,1,3574,07-07-2023,3,3,3,05-09-2022,Customer Service,Internal,Completed,1,309.56,AnnaVon Massenbach,72,Terminated,55+,2022,January,1,3,0.63,0-1 yr
George,Johnson,28-04-2021,18-01-2022,Production Technician I,MSC,Part-Time,Zone A,Temporary,Resignation,Production,Field Operations,05-03-1987,MA,Groundman,Male,2445,Hispanic,Single,Exceeds,5,3575,26-06-2023,5,1,5,12-12-2022,Technical Skills,Internal,Incomplete,3,583.21,GeorgeJohnson,36,Terminated,35-44,2022,January,0,3.67,0.73,0-1 yr
Angela,Erilus,21-07-2021,26-04-2023,Production Technician II,PL,Full-Time,Zone B,Full-Time,Voluntary,Production,Engineers,26-04-1992,MA,Project Manager,Female,2133,Asian,Single,Exceeds,4,3576,23-03-2023,2,3,3,02-02-2023,Project Management,External,Completed,5,398.65,AngelaErilus,30,Terminated,25-34,2023,April,1,2.67,1.76,1-3 yr
Miguel,Estremera,15-09-2019,,Production Technician I,BPC,Part-Time,Zone C,Temporary,Unk,Production,Field Operations,30-05-1957,MA,Tower Hand,Male,2129,White,Widowed,Fully Meets,4,3577,14-08-2022,5,4,5,26-01-2023,Communication Skills,Internal,Passed,5,931.46,MiguelEstremera,65,Active,55+,,,1,4.67,2.91,1-3 yr
Clinton,Owad,04-05-2019,,Production Technician I,WBL,Full-Time,Zone A,Temporary,Unk,Production,Field Operations,30-05-1957,MA,Technician,Male,1760,Hispanic,Married,Exceeds,2,3578,14-10-2022,1,4,2,01-12-2022,Project Management,External,Completed,5,115.06,ClintonOwad,65,Active,55+,,,1,2.33,3.45,3-5 yr
Constance,Sloan,20-05-2021,,Production Technician II,BPC,Full-Time,Zone C,Part-Time,Unk,Production,Field Operations,15-11-1946,MA,Laborer,Female,1851,Asian,Widowed,Needs Improvement,4,3579,27-04-2023,5,3,3,27-04-2023,Communication Skills,External,Failed,2,199.82,ConstanceSloan,76,Active,55+,,,0,3.67,1.94,1-3 yr
Davion,Sanchez,16-12-2019,,Production Technician I,PYZ,Full-Time,Zone C,Full-Time,Unk,Production,Field Operations,21-04-1942,MA,Foreman,Male,41016,Other,Married,Fully Meets,4,3580,21-10-2022,2,4,3,04-11-2022,Communication Skills,Internal,Failed,5,940.2,DavionSanchez,80,Active,55+,,,0,3,2.85,1-3 yr
Ross,Strickland,20-11-2020,01-05-2023,Production Technician I,SVG,Full-Time,Zone A,Part-Time,Voluntary,Production,Wireline Construction,08-03-1943,MA,Foreman,Male,18389,Other,Divorced,Fully Meets,2,3581,29-08-2022,3,4,4,29-01-2023,Communication Skills,External,Completed,1,122.07,RossStrickland,79,Terminated,55+,2023,May,1,3.67,2.44,1-3 yr
Augustus,Drake,19-08-2020,04-05-2022,Production Technician I,TNS,Part-Time,Zone B,Part-Time,Retirement,Production,Yard (Material Handling),09-08-1968,MA,Laborer,Male,90676,Asian,Widowed,Fully Meets,4,3582,17-09-2022,2,2,5,09-09-2022,Communication Skills,Internal,Completed,4,875.02,AugustusDrake,54,Terminated,45-54,2022,May,1,3,1.71,1-3 yr
Gracelyn,Huynh,28-04-2021,18-04-2022,Production Technician I,WBL,Full-Time,Zone C,Temporary,Retirement,Production,Field Operations,20-11-1958,MA,Construction Manager,Female,16011,White,Married,Needs Improvement,4,3583,05-07-2023,4,1,4,18-03-2023,Communication Skills,Internal,Incomplete,4,116.4,GracelynHuynh,64,Terminated,55+,2022,April,0,3,0.97,0-1 yr
Orlando,Armstrong,14-08-2020,,Production Technician I,BPC,Contract,Zone C,Full-Time,Unk,Production,Field Operations,07-11-1987,MA,Lineman,Female,2051,Other,Married,Fully Meets,4,3584,28-05-2023,2,2,5,15-12-2022,Technical Skills,External,Passed,5,341.78,OrlandoArmstrong,35,Active,35-44,,,1,3,2.78,1-3 yr
Edward,Everett,22-12-2021,,Production Technician I,CCDR,Full-Time,Zone A,Full-Time,Unk,Production,Yard (Material Handling),16-07-1992,MA,Laborer,Female,3074,Black,Divorced,Fully Meets,4,3585,12-01-2023,1,2,3,14-02-2023,Communication Skills,Internal,Completed,4,107.48,EdwardEverett,30,Active,25-34,,,1,2,1.06,1-3 yr
Jaqueline,Terrell,01-02-2019,10-02-2019,Production Technician I,EW,Part-Time,Zone B,Full-Time,Resignation,Production,People Services,27-12-2000,MA,Manager,Female,24711,Hispanic,Single,Fully Meets,2,3586,31-01-2023,4,2,4,30-09-2022,Communication Skills,External,Completed,1,502.7,JaquelineTerrell,22,Terminated,<25,2019,February,1,3.33,0.02,0-1 yr
Quinn,Mccullough,10-05-2021,17-12-2021,Production Technician I,MSC,Full-Time,Zone B,Temporary,Resignation,Production,General - Eng,25-12-1977,MA,Administrative,Male,74564,Other,Divorced,Fully Meets,2,3587,24-05-2023,1,2,2,22-03-2023,Leadership Development,External,Completed,5,570.04,QuinnMccullough,45,Terminated,45-54,2021,December,1,1.67,0.61,0-1 yr
Selena,Greer,25-06-2019,15-08-2019,Production Technician I,NEL,Full-Time,Zone C,Full-Time,Retirement,Production,Shop (Fleet),08-03-1972,MA,Mechanic,Male,14504,Black,Widowed,Fully Meets,2,3588,10-05-2023,4,2,1,23-03-2023,Communication Skills,External,Passed,1,538.83,SelenaGreer,51,Terminated,45-54,2019,August,1,2.33,0.14,0-1 yr
Giovani,Roy,25-04-2019,,Production Technician I,PL,Contract,Zone B,Temporary,Unk,Production,Field Operations,02-08-1951,MA,Laborer,Male,2683,White,Single,Fully Meets,1,3589,18-09-2022,2,3,2,07-01-2023,Communication Skills,Internal,Incomplete,4,881.8,GiovaniRoy,71,Active,55+,,,0,2.33,3.4,3-5 yr
Dominik,Mullen,25-02-2021,13-10-2022,Production Technician I,PYZ,Part-Time,Zone C,Full-Time,Retirement,Production,Field Operations,31-05-1995,MA,Laborer,Male,66167,Asian,Widowed,Fully Meets,4,3590,06-12-2022,2,5,4,02-04-2023,Leadership Development,External,Completed,1,274.33,DominikMullen,27,Terminated,25-34,2022,October,1,3.67,1.63,1-3 yr
Abdullah,Ellison,23-11-2021,29-05-2023,Production Technician I,SVG,Contract,Zone B,Part-Time,Voluntary,Production,Field Operations,14-11-1998,MA,Supervisor,Female,21634,White,Married,Needs Improvement,5,3591,27-07-2023,2,1,4,01-03-2023,Customer Service,Internal,Failed,1,247.01,AbdullahEllison,24,Terminated,<25,2023,May,0,2.33,1.51,1-3 yr
Andre,Guzman,05-10-2021,18-06-2022,Production Technician I,TNS,Contract,Zone B,Full-Time,Voluntary,Production,Field Operations,23-12-1998,MA,Technician,Male,9454,Other,Single,Fully Meets,3,3592,15-11-2022,4,1,2,30-01-2023,Leadership Development,External,Incomplete,1,734.68,AndreGuzman,23,Terminated,<25,2022,June,0,2.33,0.7,0-1 yr
Brayden,Malone,30-05-2020,,Production Technician I,WBL,Contract,Zone A,Full-Time,Unk,Production,General - Con,11-11-1949,MA,Foreman,Male,48453,Asian,Married,Fully Meets,1,3593,07-10-2022,4,4,3,15-06-2023,Project Management,Internal,Incomplete,3,258.07,BraydenMalone,72,Active,55+,,,0,3.67,2.35,1-3 yr
Maribel,Morrison,11-12-2018,,Production Technician I,PYZ,Part-Time,Zone B,Part-Time,Unk,Production,Field Operations,14-03-1968,MA,Technician,Male,72888,Black,Married,Needs Improvement,1,3594,23-01-2023,1,5,1,05-05-2023,Leadership Development,Internal,Passed,5,472.64,MaribelMorrison,54,Active,45-54,,,1,2.33,4.12,3-5 yr
Fisher,Stafford,22-09-2020,14-09-2022,Production Technician I,WBL,Contract,Zone A,Temporary,Resignation,Production,Engineers,02-03-1952,MA,Technician,Male,56703,Other,Divorced,Fully Meets,1,3595,19-01-2023,2,3,1,21-02-2023,Technical Skills,External,Passed,2,252.88,FisherStafford,70,Terminated,55+,2022,September,1,2,1.98,1-3 yr
Kellen,Medina,28-07-2019,,Production Technician I,NEL,Part-Time,Zone C,Full-Time,Unk,Production,Splicing,19-07-1982,MA,Technician,Male,33998,Other,Single,Needs Improvement,2,3596,19-10-2022,4,3,4,14-12-2022,Technical Skills,Internal,Incomplete,2,289.68,KellenMedina,40,Active,35-44,,,0,3.67,3.23,3-5 yr
Brenton,Monroe,06-06-2020,14-04-2021,Production Technician II,PYZ,Contract,Zone C,Part-Time,Retirement,Production,General - Con,31-10-1986,MA,Foreman,Female,17650,Black,Single,Fully Meets,1,3597,27-10-2022,5,4,4,03-03-2023,Technical Skills,External,Incomplete,4,505.59,BrentonMonroe,36,Terminated,35-44,2021,April,0,4.33,0.85,0-1 yr
Derick,Rocha,28-09-2018,05-08-2023,Production Technician II,SVG,Part-Time,Zone A,Full-Time,Resignation,Production,Project Management - Eng,06-10-1950,MA,Supervisor,Female,72750,Other,Married,Needs Improvement,1,3598,01-07-2023,2,5,4,11-10-2022,Technical Skills,Internal,Passed,3,373.87,DerickRocha,72,Terminated,55+,2023,August,1,3.67,4.85,3-5 yr
Elaine,Weeks,12-04-2020,,Production Technician II,TNS,Part-Time,Zone A,Temporary,Unk,Production,General - Con,31-03-1950,MA,Technician,Female,14044,White,Divorced,Fully Meets,2,3599,02-03-2023,4,4,2,02-03-2023,Leadership Development,Internal,Completed,5,918.86,ElaineWeeks,72,Active,55+,,,1,3.33,2.89,1-3 yr
Marely,Dixon,01-11-2022,,Production Technician II,WBL,Contract,Zone B,Temporary,Unk,Production,Field Operations,07-10-1949,MA,Technician,Female,34810,White,Single,Fully Meets,2,3600,04-07-2023,2,1,4,01-11-2022,Leadership Development,Internal,Passed,4,299.7,MarelyDixon,73,Active,55+,,,1,2.33,0.67,0-1 yr
Keagan,Henson,21-11-2022,,Production Technician II,BPC,Part-Time,Zone B,Full-Time,Unk,Production,Wireline Construction,22-07-1966,MA,Billing,Female,75187,White,Married,Fully Meets,5,3601,01-09-2022,1,1,2,03-01-2023,Project Management,External,Completed,1,865.58,KeaganHenson,56,Active,55+,,,1,1.33,-0.22,
Helena,Davenport,11-04-2021,24-05-2023,Production Technician II,CCDR,Full-Time,Zone B,Part-Time,Involuntary,Production,Engineers,12-10-1994,MA,Engineer,Female,30766,Hispanic,Married,Fully Meets,5,3602,04-08-2023,3,3,3,09-04-2023,Technical Skills,External,Incomplete,1,632.59,HelenaDavenport,28,Terminated,25-34,2023,May,0,3,2.12,1-3 yr
Houston,Aguirre,29-11-2018,21-02-2019,Production Technician II,EW,Full-Time,Zone A,Part-Time,Resignation,Production,Field Operations,15-02-1977,MA,Technician,Female,58348,White,Married,Fully Meets,2,3603,08-10-2022,5,1,3,02-10-2022,Technical Skills,External,Incomplete,3,680.48,HoustonAguirre,45,Terminated,45-54,2019,February,0,3,0.23,0-1 yr
Kane,Owen,16-01-2019,31-08-2022,Production Technician II,MSC,Part-Time,Zone B,Full-Time,Resignation,Production,Field Operations,09-03-1948,MA,Foreman,Female,44626,Hispanic,Divorced,Needs Improvement,4,3604,15-12-2022,3,5,4,23-03-2023,Project Management,External,Failed,3,287.71,KaneOwen,74,Terminated,55+,2022,August,0,4,3.62,3-5 yr
Emerson,Pitts,18-09-2019,,Production Technician I,CCDR,Contract,Zone C,Temporary,Unk,Production,Engineers,25-08-1943,MA,Technician,Male,2315,Other,Divorced,Fully Meets,4,3605,09-07-2023,5,1,3,17-11-2022,Communication Skills,External,Passed,2,102.92,EmersonPitts,79,Active,55+,,,1,3,3.81,3-5 yr
Clarissa,Winters,01-08-2019,20-01-2023,Production Technician I,SVG,Part-Time,Zone C,Full-Time,Involuntary,Production,Billable Consultants,13-03-1965,MA,Engineer,Male,95618,Other,Divorced,Fully Meets,3,3606,27-03-2023,3,5,1,31-10-2022,Project Management,Internal,Passed,2,255.6,ClarissaWinters,58,Terminated,55+,2023,January,1,3,3.47,3-5 yr
Frankie,Atkins,18-06-2019,14-04-2021,Production Technician I,EW,Full-Time,Zone A,Full-Time,Resignation,Production,Project Management - Con,03-08-1976,MA,Coordinator,Male,15195,Other,Married,Fully Meets,5,3607,18-07-2023,2,4,1,04-05-2023,Customer Service,External,Passed,4,321.91,FrankieAtkins,46,Terminated,45-54,2021,April,1,2.33,1.82,1-3 yr
Ally,Zhang,13-02-2019,,Production Technician I,MSC,Full-Time,Zone C,Part-Time,Unk,Production,Field Operations,06-07-1979,MA,Technician,Male,74447,Other,Married,Fully Meets,3,3608,12-01-2023,1,3,1,14-03-2023,Project Management,External,Completed,3,834.12,AllyZhang,43,Active,35-44,,,1,1.67,3.91,3-5 yr
Kayleigh,Harmon,02-06-2021,,Production Technician I,TNS,Contract,Zone B,Full-Time,Unk,Production,Shop (Fleet),09-06-1993,MA,Welder,Female,21318,Other,Widowed,Fully Meets,3,3609,05-11-2022,2,2,4,23-09-2022,Customer Service,Internal,Passed,4,273.88,KayleighHarmon,29,Active,25-34,,,1,2.67,1.43,1-3 yr
Kayley,Myers,11-10-2018,,Production Technician I,PYZ,Part-Time,Zone C,Full-Time,Unk,Production,Field Operations,07-04-1973,MA,Laborer,Female,51430,Other,Single,Fully Meets,3,3610,14-12-2022,4,5,5,15-02-2023,Customer Service,Internal,Incomplete,4,217.57,KayleyMyers,49,Active,45-54,,,0,4.67,4.18,3-5 yr
Rowan,Cobb,09-03-2021,,Production Technician I,WBL,Contract,Zone C,Full-Time,Unk,Production,Project Management - Con,20-01-1952,MA,Technician,Female,85651,Hispanic,Married,Fully Meets,2,3611,16-09-2022,2,3,4,07-01-2023,Customer Service,Internal,Completed,1,482.09,RowanCobb,70,Active,55+,,,1,3,1.52,1-3 yr
Edward,Mann,23-01-2022,,Production Technician I,NEL,Contract,Zone A,Part-Time,Unk,Production,Field Operations,25-12-1984,MA,Technician,Male,68900,Black,Single,PIP,4,3612,07-07-2023,5,3,3,03-07-2023,Leadership Development,External,Failed,2,614.11,EdwardMann,38,Active,35-44,,,0,3.67,1.45,1-3 yr
Amirah,Johnson,24-02-2019,,Production Technician I,PL,Contract,Zone B,Part-Time,Unk,Production,Field Operations,14-06-1973,MA,Laborer,Male,9241,Asian,Married,Exceeds,1,3613,13-10-2022,1,5,2,08-10-2022,Customer Service,Internal,Incomplete,1,354.22,AmirahJohnson,49,Active,45-54,,,0,2.67,3.63,3-5 yr
Bridget,Deleon,08-01-2020,02-07-2021,Production Technician I,BPC,Contract,Zone B,Temporary,Voluntary,Production,Project Management - Con,31-08-1973,MA,Field Project Manager,Male,23691,White,Married,Fully Meets,2,3614,04-07-2023,4,5,1,04-06-2023,Leadership Development,External,Passed,3,868.85,BridgetDeleon,49,Terminated,45-54,2021,July,1,3.33,1.48,1-3 yr
Martin,Weber,13-05-2021,22-09-2022,Production Technician I,CCDR,Full-Time,Zone B,Part-Time,Retirement,Production,General - Con,14-05-1986,MA,Manager,Male,74388,Asian,Divorced,Exceeds,2,3615,06-02-2023,3,1,4,17-12-2022,Communication Skills,Internal,Passed,4,701.34,MartinWeber,36,Terminated,35-44,2022,September,1,2.67,1.36,1-3 yr
Ruben,Lewis,12-02-2022,,Production Technician I,SVG,Contract,Zone C,Full-Time,Unk,Production,General - Con,24-03-1981,MA,Laborer,Female,14234,Hispanic,Married,Fully Meets,4,3616,04-08-2023,1,1,1,30-01-2023,Customer Service,Internal,Incomplete,4,134.93,RubenLewis,42,Active,35-44,,,0,1,1.47,1-3 yr
Bailey,Collier,01-02-2023,,Production Technician I,EW,Full-Time,Zone C,Full-Time,Unk,Production,Wireline Construction,18-02-1961,MA,Splicer,Female,37635,Hispanic,Married,Fully Meets,1,3617,26-02-2023,2,3,3,09-04-2023,Customer Service,Internal,Completed,5,531.1,BaileyCollier,62,Active,55+,,,1,2.67,0.07,0-1 yr
Charlee,Roth,04-02-2023,,Production Technician I,MSC,Part-Time,Zone B,Temporary,Unk,Production,Splicing,05-05-1944,MA,Splicer,Male,13186,Black,Married,Fully Meets,3,3618,06-12-2022,3,4,5,26-12-2022,Leadership Development,External,Passed,3,609.3,CharleeRoth,78,Active,55+,,,1,4,-0.16,
Karissa,Bowers,23-03-2023,01-05-2023,Production Technician I,TNS,Full-Time,Zone A,Full-Time,Involuntary,Production,General - Con,17-03-1984,MA,Technician,Male,76278,Asian,Married,Fully Meets,3,3619,30-04-2023,1,5,2,10-11-2022,Project Management,Internal,Passed,2,656.68,KarissaBowers,39,Terminated,35-44,2023,May,1,2.67,0.11,0-1 yr
Noel,Ramirez,22-03-2023,14-07-2023,Production Technician I,PYZ,Part-Time,Zone A,Temporary,Involuntary,Production,General - Eng,12-10-1994,MA,Specialist,Male,77580,Hispanic,Married,Fully Meets,2,3620,29-08-2022,1,2,2,20-12-2022,Technical Skills,Internal,Completed,3,654.22,NoelRamirez,27,Terminated,25-34,2023,July,1,1.67,0.31,0-1 yr
Victoria,Franco,28-11-2018,,Production Technician I,WBL,Contract,Zone A,Full-Time,Unk,Production,Wireless,09-09-1997,MA,Laborer,Male,15586,White,Married,Fully Meets,2,3621,23-06-2023,2,3,2,15-07-2023,Leadership Development,External,Passed,3,879.89,VictoriaFranco,25,Active,25-34,,,1,2.33,4.57,3-5 yr
Danika,Fleming,09-07-2020,10-07-2021,Production Technician II,SVG,Part-Time,Zone A,Temporary,Resignation,Production,Field Operations,16-10-1995,MA,Laborer,Female,75607,Hispanic,Divorced,Fully Meets,3,3622,26-07-2023,3,1,5,11-05-2023,Project Management,External,Completed,1,977.23,DanikaFleming,27,Terminated,25-34,2021,July,1,3,1,0-1 yr
Jocelyn,Kline,11-02-2019,,Production Technician II,EW,Part-Time,Zone A,Full-Time,Unk,Production,Engineers,25-04-1958,MA,Engineer,Female,47289,Asian,Divorced,Fully Meets,3,3623,04-12-2022,2,2,5,03-08-2023,Project Management,External,Completed,2,763.37,JocelynKline,64,Active,55+,,,1,3,3.81,3-5 yr
Cesar,Higgins,09-01-2020,,Production Technician II,MSC,Part-Time,Zone B,Part-Time,Unk,Production,Technology / It,04-02-1996,MA,Engineer,Female,85711,Asian,Married,Fully Meets,4,3624,09-01-2023,2,2,2,05-04-2023,Communication Skills,External,Passed,5,962.13,CesarHiggins,26,Active,25-34,,,1,2,3,1-3 yr
Gabriel,Dodson,11-11-2021,31-07-2022,Production Technician II,TNS,Contract,Zone B,Part-Time,Resignation,Production,Engineers,14-12-1975,MA,Engineer,Female,54392,Asian,Single,Fully Meets,5,3625,28-08-2022,5,2,4,26-03-2023,Technical Skills,External,Incomplete,2,617.27,GabrielDodson,46,Terminated,45-54,2022,July,0,3.67,0.72,0-1 yr
Raphael,Sandoval,15-05-2021,,Production Technician II,PYZ,Full-Time,Zone B,Temporary,Unk,Production,Field Operations,28-10-1993,MA,Foreman,Female,61825,Asian,Single,Fully Meets,2,3626,24-02-2023,2,5,1,25-09-2022,Communication Skills,Internal,Failed,2,559.78,RaphaelSandoval,29,Active,25-34,,,0,2.67,1.78,1-3 yr
Ruth,Harrell,21-08-2019,28-10-2022,Production Technician II,WBL,Contract,Zone C,Full-Time,Resignation,Production,Field Operations,23-02-1967,MA,Supervisor,Female,52646,Black,Married,Fully Meets,3,3627,29-01-2023,1,1,4,30-08-2022,Leadership Development,Internal,Incomplete,5,113.89,RuthHarrell,55,Terminated,55+,2022,October,0,2,3.19,3-5 yr
Peyton,Barber,18-09-2020,,Production Technician II,NEL,Contract,Zone B,Part-Time,Unk,Production,Engineers,27-01-1946,MA,Technician,Female,56126,Hispanic,Married,Fully Meets,3,3628,27-05-2023,4,3,1,25-09-2022,Leadership Development,Internal,Incomplete,4,858.62,PeytonBarber,77,Active,55+,,,0,2.67,2.69,1-3 yr
Reginald,Lowery,27-08-2022,03-12-2022,Production Technician I,NEL,Contract,Zone B,Full-Time,Voluntary,Production,Field Operations,26-11-1983,MA,Laborer,Male,70056,Black,Divorced,Fully Meets,5,3629,18-11-2022,2,4,4,30-07-2023,Technical Skills,Internal,Incomplete,1,343.76,ReginaldLowery,39,Terminated,35-44,2022,December,0,3.33,0.27,0-1 yr
Stephanie,Briggs,23-02-2019,,Production Technician I,MSC,Contract,Zone B,Full-Time,Unk,Production,Field Operations,07-05-1965,MA,Laborer,Male,81819,Other,Widowed,Fully Meets,5,3630,19-10-2022,5,3,2,24-09-2022,Technical Skills,Internal,Failed,5,507.58,StephanieBriggs,57,Active,55+,,,0,3.33,3.65,3-5 yr
Shaniya,Becker,08-08-2022,25-10-2022,Production Technician I,EW,Contract,Zone C,Full-Time,Retirement,Production,Wireline Construction,28-04-1947,MA,Apprentice,Male,12978,Other,Divorced,Fully Meets,3,3631,10-02-2023,4,1,5,10-04-2023,Customer Service,Internal,Completed,1,691.12,ShaniyaBecker,75,Terminated,55+,2022,October,1,3.33,0.21,0-1 yr
Ryan,Oconnell,24-09-2022,24-10-2022,Production Technician I,CCDR,Contract,Zone C,Full-Time,Involuntary,Production,Field Operations,03-10-1945,MA,Foreman,Male,37983,Asian,Married,Fully Meets,3,3632,27-02-2023,3,4,5,23-06-2023,Technical Skills,Internal,Completed,2,174.85,RyanOconnell,77,Terminated,55+,2022,October,1,4,0.08,0-1 yr
Emma,Ware,21-03-2022,,Production Technician I,BPC,Contract,Zone B,Temporary,Unk,Production,Aerial,24-03-1987,MA,Laborer,Female,56687,Hispanic,Single,Fully Meets,5,3633,04-11-2022,4,4,4,01-12-2022,Communication Skills,Internal,Incomplete,3,699.39,EmmaWare,35,Active,35-44,,,0,4,0.62,0-1 yr
Keyon,Haley,23-06-2023,26-07-2023,Production Technician I,PYZ,Part-Time,Zone B,Full-Time,Retirement,Production,General - Sga,26-04-1962,MA,Supervisor,Female,40148,Other,Married,Fully Meets,5,3634,25-06-2023,2,5,2,15-09-2022,Technical Skills,External,Incomplete,3,254.68,KeyonHaley,61,Terminated,55+,2023,July,0,3,0.09,0-1 yr
Kylee,Bates,26-10-2020,,Production Technician I,WBL,Part-Time,Zone C,Part-Time,Unk,Production,Yard (Material Handling),12-03-1978,MA,Runner,Female,71593,Hispanic,Single,Fully Meets,4,3635,07-10-2022,1,5,4,13-06-2023,Technical Skills,External,Failed,2,534.55,KyleeBates,44,Active,35-44,,,0,3.33,1.95,1-3 yr
Marc,Chandler,29-01-2020,,Production Technician I,NEL,Contract,Zone B,Temporary,Unk,Production,Catv,13-03-1982,MA,Supervisor,Male,10775,Asian,Divorced,Fully Meets,3,3636,08-12-2022,3,5,3,26-08-2022,Communication Skills,External,Passed,3,795.72,MarcChandler,40,Active,35-44,,,1,3.67,2.86,1-3 yr
Abdullah,Pruitt,23-04-2022,,Production Technician I,PL,Full-Time,Zone C,Full-Time,Unk,Production,Aerial,17-04-1995,MA,Engineer,Male,59441,Asian,Divorced,Fully Meets,3,3637,07-05-2023,2,1,3,21-03-2023,Project Management,External,Completed,4,977.23,AbdullahPruitt,28,Active,25-34,,,1,2,1.04,1-3 yr
Shamar,Roth,15-06-2023,,Production Technician I,BPC,Full-Time,Zone C,Part-Time,Unk,Production,Field Operations,10-12-1978,MA,Inspector,Male,55470,Hispanic,Single,Fully Meets,3,3638,15-05-2023,4,5,1,01-01-2023,Customer Service,Internal,Completed,3,370.79,ShamarRoth,44,Active,35-44,,,1,3.33,-0.08,
Jaylen,Acosta,19-09-2019,14-04-2020,Production Technician I,CCDR,Contract,Zone C,Full-Time,Retirement,Production,Field Operations,08-01-1966,MA,Runner,Female,8655,Hispanic,Divorced,Fully Meets,3,3639,17-03-2023,3,2,3,30-03-2023,Communication Skills,External,Completed,3,160.86,JaylenAcosta,57,Terminated,55+,2020,April,1,2.67,0.57,0-1 yr
Kale,House,07-01-2023,,Production Technician I,SVG,Contract,Zone A,Temporary,Unk,Production,Field Operations,21-09-2000,MA,Foreman,Female,48077,Asian,Divorced,Fully Meets,3,3640,25-07-2023,2,1,2,31-01-2023,Communication Skills,External,Passed,1,699.48,KaleHouse,22,Active,<25,,,1,1.67,0.54,0-1 yr
Kiersten,Ellis,07-02-2020,01-05-2021,Production Technician I,EW,Contract,Zone B,Full-Time,Voluntary,Production,General - Con,15-01-1971,MA,Operator,Male,56039,Other,Widowed,Fully Meets,3,3641,07-11-2022,2,5,4,28-07-2023,Leadership Development,Internal,Passed,3,831.52,KierstenEllis,51,Terminated,45-54,2021,May,1,3.67,1.23,1-3 yr
Karissa,Carrillo,29-04-2020,12-11-2021,Production Technician I,MSC,Contract,Zone B,Full-Time,Retirement,Production,Field Operations,31-05-1978,MA,Laborer,Male,7474,Black,Single,Fully Meets,3,3642,08-10-2022,4,1,2,20-11-2022,Communication Skills,Internal,Completed,1,234.74,KarissaCarrillo,44,Terminated,35-44,2021,November,1,2.33,1.54,1-3 yr
Issac,Whitehead,16-04-2020,,Production Technician I,TNS,Full-Time,Zone A,Full-Time,Unk,Production,Catv,22-03-1961,MA,Laborer,Male,9287,Asian,Single,Fully Meets,3,3643,18-06-2023,1,5,3,27-03-2023,Leadership Development,Internal,Completed,4,712.43,IssacWhitehead,62,Active,55+,,,1,3,3.17,3-5 yr
Madisyn,Andrews,16-06-2022,,Production Technician I,PYZ,Part-Time,Zone B,Full-Time,Unk,Production,Field Operations,24-06-1986,MA,Laborer,Male,42213,Black,Married,Fully Meets,3,3644,11-11-2022,4,4,4,06-02-2023,Technical Skills,Internal,Incomplete,1,504.66,MadisynAndrews,36,Active,35-44,,,0,4,0.41,0-1 yr
Madyson,Rhodes,22-07-2019,,Production Technician I,WBL,Part-Time,Zone C,Full-Time,Unk,Production,General - Con,16-09-1977,MA,Technician,Male,34428,Asian,Single,Fully Meets,3,3645,08-06-2023,1,3,3,06-05-2023,Leadership Development,External,Incomplete,5,398.36,MadysonRhodes,45,Active,45-54,,,0,2.33,3.88,3-5 yr
Brenton,Rodriguez,22-04-2023,,Production Technician II,SVG,Part-Time,Zone A,Full-Time,Unk,Production,Splicing,01-01-1968,MA,Splicer,Female,77551,Hispanic,Widowed,Fully Meets,3,3646,30-07-2023,5,4,4,22-07-2023,Communication Skills,External,Failed,4,533.61,BrentonRodriguez,55,Active,55+,,,0,4.33,0.27,0-1 yr
Nathen,Arias,28-12-2020,30-01-2021,Production Technician II,EW,Part-Time,Zone A,Part-Time,Involuntary,Production,Engineers,24-07-1966,MA,Engineer,Female,20847,Black,Single,Fully Meets,3,3647,28-12-2022,2,4,4,10-08-2022,Technical Skills,Internal,Completed,4,199.55,NathenArias,56,Terminated,55+,2021,January,1,3.33,0.09,0-1 yr
Keyon,Hensley,23-02-2022,,Production Technician II,MSC,Contract,Zone A,Full-Time,Unk,Production,Aerial,27-06-1948,MA,Lineman,Female,76615,Other,Divorced,Exceeds,4,3648,28-09-2022,3,3,5,26-02-2023,Leadership Development,Internal,Completed,2,325.78,KeyonHensley,74,Active,55+,,,1,3.67,0.59,0-1 yr
Elisha,Ruiz,13-08-2022,,Production Technician II,TNS,Contract,Zone A,Part-Time,Unk,Production,Field Operations,06-06-1968,MA,Technician,Female,26602,White,Married,Exceeds,4,3649,08-09-2022,1,2,2,18-12-2022,Leadership Development,External,Completed,4,336.33,ElishaRuiz,54,Active,45-54,,,1,1.67,0.07,0-1 yr
Amirah,Stanley,03-10-2019,28-02-2022,Production Technician II,PYZ,Full-Time,Zone B,Part-Time,Retirement,Production,Field Operations,25-12-1991,MA,Laborer,Female,72818,White,Divorced,Fully Meets,3,3650,30-06-2023,3,2,4,09-01-2023,Communication Skills,External,Passed,4,242.71,AmirahStanley,31,Terminated,25-34,2022,February,1,3,2.41,1-3 yr
Jeremy,Meyer,14-10-2019,,Production Technician II,WBL,Full-Time,Zone C,Full-Time,Unk,Production,General - Con,19-01-1991,MA,Lineman,Female,90347,White,Single,Fully Meets,3,3651,25-10-2022,1,4,1,14-05-2023,Leadership Development,Internal,Failed,4,651.28,JeremyMeyer,31,Active,25-34,,,0,2,3.03,3-5 yr
Owen,Dillon,30-08-2019,27-08-2022,Production Technician I,NEL,Part-Time,Zone C,Part-Time,Resignation,Production,Field Operations,16-08-1946,MA,Supervisor,Male,96845,Other,Married,Fully Meets,3,3652,01-09-2022,1,5,2,31-01-2023,Communication Skills,External,Incomplete,3,962.45,OwenDillon,76,Terminated,55+,2022,August,0,2.67,2.99,1-3 yr
Bridget,Bray,04-02-2021,30-07-2023,Production Technician I,PL,Contract,Zone B,Part-Time,Voluntary,Production,General - Con,29-06-1995,MA,Foreman,Male,67277,Asian,Widowed,Exceeds,3,3653,31-05-2023,4,4,3,20-01-2023,Customer Service,External,Failed,1,791.72,BridgetBray,27,Terminated,25-34,2023,July,0,3.67,2.48,1-3 yr
Cassius,Gates,23-11-2022,,Production Technician I,PYZ,Part-Time,Zone A,Part-Time,Unk,Production,Aerial,30-03-1995,MA,Lineman,Male,17975,Asian,Divorced,Exceeds,4,3654,02-01-2023,2,4,1,11-04-2023,Project Management,Internal,Incomplete,4,553.86,CassiusGates,27,Active,25-34,,,0,2.33,0.11,0-1 yr
Martha,Kemp,25-02-2023,,Production Technician I,SVG,Part-Time,Zone C,Full-Time,Unk,Production,Engineers,20-10-1998,MA,Engineer,Male,97142,Asian,Married,Fully Meets,3,3655,05-04-2023,1,5,1,04-01-2023,Technical Skills,External,Passed,1,735.72,MarthaKemp,24,Active,<25,,,1,2.33,0.11,0-1 yr
Francesca,Mcmahon,15-12-2019,,Production Technician I,TNS,Part-Time,Zone B,Part-Time,Unk,Production,Underground,14-04-2001,MA,Laborer,Male,72523,Hispanic,Divorced,Exceeds,5,3656,14-11-2022,5,3,2,14-06-2023,Project Management,Internal,Failed,4,867.03,FrancescaMcmahon,21,Active,<25,,,0,3.33,2.92,1-3 yr
Lorelei,Walls,29-08-2021,,Production Technician I,WBL,Part-Time,Zone C,Full-Time,Unk,Production,General - Con,04-03-1992,MA,Flagger,Female,44406,Black,Single,Fully Meets,4,3657,26-03-2023,4,2,4,26-05-2023,Project Management,External,Incomplete,1,710.14,LoreleiWalls,31,Active,25-34,,,0,3.33,1.57,1-3 yr
Emery,Gillespie,04-11-2022,07-07-2023,Production Technician I,BPC,Part-Time,Zone C,Temporary,Involuntary,Production,Project Management - Con,25-11-1966,MA,Technician,Female,95682,Black,Divorced,Fully Meets,3,3658,02-08-2023,5,4,2,18-08-2022,Leadership Development,External,Incomplete,2,799.88,EmeryGillespie,56,Terminated,55+,2023,July,0,3.67,0.67,0-1 yr
Kaylee,Baldwin,02-10-2019,13-10-2019,Production Technician I,CCDR,Full-Time,Zone A,Part-Time,Voluntary,Production,Field Operations,30-10-1989,MA,Engineer,Male,86746,Other,Divorced,Exceeds,1,3659,26-08-2022,3,1,5,27-01-2023,Leadership Development,External,Passed,5,242.87,KayleeBaldwin,32,Terminated,25-34,2019,October,1,3,0.03,0-1 yr
Aron,Hester,24-05-2019,,Production Technician I,EW,Full-Time,Zone A,Full-Time,Unk,Production,Field Operations,21-06-1974,MA,Supervisor,Male,73540,Hispanic,Single,Exceeds,3,3660,30-08-2022,3,2,4,19-05-2023,Leadership Development,Internal,Passed,4,849.77,AronHester,48,Active,45-54,,,1,3,3.27,3-5 yr
Reagan,Brennan,28-02-2022,05-09-2022,Production Technician I,MSC,Contract,Zone C,Temporary,Involuntary,Production,Executive,22-05-1952,MA,Vp,Male,21624,Asian,Married,Fully Meets,3,3661,06-07-2023,3,2,5,06-05-2023,Customer Service,External,Passed,2,471.5,ReaganBrennan,71,Terminated,55+,2022,September,1,3.33,0.52,0-1 yr
Hugh,Berry,13-06-2023,,Production Technician I,NEL,Full-Time,Zone B,Temporary,Unk,Production,Wireline Construction,18-04-1973,MA,Laborer,Male,90473,Other,Married,Exceeds,2,3662,14-07-2023,3,5,3,20-05-2023,Customer Service,Internal,Passed,1,535.93,HughBerry,50,Active,45-54,,,1,3.67,0.08,0-1 yr
Brandon,Anderson,07-10-2019,22-01-2022,Production Technician I,PL,Part-Time,Zone B,Full-Time,Retirement,Production,General - Con,23-11-1977,MA,Foreman,Female,13534,Black,Single,Exceeds,3,3663,26-04-2023,2,3,4,22-03-2023,Technical Skills,Internal,Passed,3,816.64,BrandonAnderson,45,Terminated,45-54,2022,January,1,3,2.29,1-3 yr
Diana,Garza,06-10-2020,12-01-2022,Production Technician I,PYZ,Full-Time,Zone C,Part-Time,Involuntary,Production,Field Operations,15-08-1956,MA,Locator,Female,2667,Other,Widowed,Fully Meets,3,3664,30-05-2023,5,3,2,14-03-2023,Communication Skills,Internal,Incomplete,1,210.44,DianaGarza,66,Terminated,55+,2022,January,0,3.33,1.27,1-3 yr
Dalton,Bowen,22-11-2019,,Production Technician I,SVG,Full-Time,Zone B,Temporary,Unk,Production,Field Operations,30-03-1985,MA,Field Technician,Male,54319,Asian,Married,Fully Meets,3,3665,02-03-2023,5,2,1,09-01-2023,Project Management,Internal,Passed,3,752.33,DaltonBowen,37,Active,35-44,,,1,2.67,3.27,3-5 yr
Davin,Peters,29-04-2022,21-01-2023,Production Technician I,TNS,Full-Time,Zone A,Full-Time,Involuntary,Production,Field Operations,19-05-1956,MA,Laborer,Male,16052,Hispanic,Single,Fully Meets,3,3666,26-04-2023,5,2,1,02-08-2023,Project Management,Internal,Completed,3,343.52,DavinPeters,66,Terminated,55+,2023,January,1,2.67,0.73,0-1 yr
Leyla,Warren,11-12-2022,28-04-2023,Production Technician I,WBL,Part-Time,Zone B,Temporary,Resignation,Production,Billable Consultants,23-08-1998,MA,Technician,Male,18998,Black,Single,Fully Meets,3,3667,18-11-2022,1,1,2,03-02-2023,Leadership Development,Internal,Completed,3,860.31,LeylaWarren,24,Terminated,<25,2023,April,1,1.33,0.38,0-1 yr
Victoria,Allen,06-08-2023,06-08-2023,Production Technician I,BPC,Full-Time,Zone C,Full-Time,Voluntary,Production,Underground,24-05-1996,MA,Operator,Male,33735,Asian,Widowed,Needs Improvement,3,3668,29-06-2023,1,5,1,28-11-2022,Customer Service,External,Completed,4,265.55,VictoriaAllen,27,Terminated,25-34,2023,August,1,2.33,0,0-1 yr
Tyler,Hines,28-03-2020,12-03-2023,Production Technician I,CCDR,Contract,Zone A,Temporary,Retirement,Production,Finance & Accounting,16-01-1967,MA,Clerk,Male,81928,Black,Widowed,Fully Meets,3,3669,11-04-2023,4,2,4,03-08-2023,Project Management,Internal,Completed,1,183.85,TylerHines,56,Terminated,55+,2023,March,1,3.33,2.95,1-3 yr
Sandra,Atkinson,11-08-2022,27-03-2023,Production Technician II,SVG,Full-Time,Zone A,Full-Time,Resignation,Production,Billable Consultants,17-01-1969,MA,Engineer,Female,14006,Hispanic,Widowed,Needs Improvement,3,3670,16-08-2022,2,2,3,25-09-2022,Project Management,External,Completed,5,942.09,SandraAtkinson,53,Terminated,45-54,2023,March,1,2.33,0.62,0-1 yr
Simone,Hayes,26-01-2023,19-06-2023,Production Technician II,EW,Part-Time,Zone A,Temporary,Involuntary,Production,Splicing,29-12-1989,MA,Splicer,Female,45376,Asian,Divorced,Needs Improvement,3,3671,10-01-2023,3,4,5,20-01-2023,Communication Skills,External,Passed,4,381.94,SimoneHayes,33,Terminated,25-34,2023,June,1,4,0.39,0-1 yr
Rhett,Valenzuela,14-01-2019,,Production Technician II,MSC,Part-Time,Zone A,Full-Time,Unk,Production,General - Con,24-02-1991,MA,Foreman,Female,44501,Asian,Divorced,Fully Meets,3,3672,30-11-2022,3,2,4,29-08-2022,Project Management,External,Failed,1,358.73,RhettValenzuela,31,Active,25-34,,,0,3,3.88,3-5 yr
Lane,Zuniga,11-06-2022,10-01-2023,Production Technician II,TNS,Full-Time,Zone B,Temporary,Voluntary,Production,People Services,19-02-1973,MA,Manager,Female,47767,Other,Widowed,Fully Meets,3,3673,08-06-2023,3,3,1,21-03-2023,Customer Service,External,Passed,3,578.02,LaneZuniga,50,Terminated,45-54,2023,January,1,2.33,0.58,0-1 yr
Isabelle,Shields,25-06-2020,02-03-2022,Production Technician II,BPC,Part-Time,Zone C,Part-Time,Voluntary,Production,Engineers,01-05-1996,MA,Engineer,Female,39141,Other,Single,Fully Meets,3,3674,02-04-2023,4,4,3,08-11-2022,Project Management,Internal,Completed,2,223.29,IsabelleShields,26,Terminated,25-34,2022,March,1,3.67,1.68,1-3 yr
Mario,Mays,08-06-2020,29-12-2022,Production Technician II,CCDR,Full-Time,Zone C,Full-Time,Resignation,Production,Engineers,28-08-1952,MA,Technician,Female,70090,Hispanic,Divorced,Fully Meets,3,3675,05-05-2023,5,3,2,07-09-2022,Customer Service,Internal,Passed,5,992.37,MarioMays,70,Terminated,55+,2022,December,1,3.33,2.56,1-3 yr
Leah,Robinson,29-08-2018,,Production Technician I,BPC,Contract,Zone B,Part-Time,Unk,Production,Yard (Material Handling),29-11-1993,MA,Associate,Male,35858,Black,Divorced,Fully Meets,3,3676,07-09-2022,3,4,1,10-02-2023,Customer Service,Internal,Failed,5,113.48,LeahRobinson,28,Active,25-34,,,0,2.67,4.02,3-5 yr
Dayami,Bailey,01-10-2022,,Production Technician I,CCDR,Full-Time,Zone A,Full-Time,Unk,Production,Field Operations,04-02-1960,MA,Supervisor,Male,27462,Hispanic,Single,Fully Meets,3,3677,25-07-2023,3,5,5,05-10-2022,Leadership Development,External,Incomplete,4,882.2,DayamiBailey,63,Active,55+,,,0,4.33,0.81,0-1 yr
Ramon,Fleming,22-07-2021,,Production Technician I,SVG,Full-Time,Zone A,Full-Time,Unk,Production,General - Eng,24-05-1999,MA,Drafter,Male,65321,Asian,Single,Fully Meets,3,3678,20-11-2022,3,4,4,06-09-2022,Customer Service,Internal,Incomplete,2,288.16,RamonFleming,23,Active,<25,,,0,3.67,1.33,1-3 yr
Pedro,Harrison,14-12-2019,,Production Technician I,EW,Full-Time,Zone A,Full-Time,Unk,Production,Engineers,16-07-1989,MA,Engineer,Male,54017,Asian,Divorced,Fully Meets,3,3679,26-10-2022,4,2,5,16-01-2023,Leadership Development,External,Completed,1,815.52,PedroHarrison,33,Active,25-34,,,1,3.67,2.87,1-3 yr
Harrison,Hudson,27-03-2020,,Production Technician I,MSC,Part-Time,Zone B,Full-Time,Unk,Production,Underground,14-09-1985,MA,Operator,Female,51584,Other,Divorced,Fully Meets,3,3680,23-04-2023,3,2,3,15-05-2023,Leadership Development,Internal,Completed,4,461.06,HarrisonHudson,37,Active,35-44,,,1,2.67,3.07,3-5 yr
Taniya,Lane,25-11-2021,,Production Technician I,TNS,Part-Time,Zone B,Temporary,Unk,Production,Engineers,17-03-1976,MA,Project Manager,Female,75321,Black,Widowed,Fully Meets,3,3681,13-08-2022,5,2,5,22-03-2023,Customer Service,External,Incomplete,2,580.16,TaniyaLane,46,Active,45-54,,,0,4,0.71,0-1 yr
Rene,Wallace,08-07-2023,,Production Technician I,PYZ,Full-Time,Zone C,Temporary,Unk,Production,Field Operations,28-04-1943,MA,Technician,Female,37646,Black,Single,Fully Meets,4,3682,30-07-2023,3,3,3,17-10-2022,Communication Skills,External,Incomplete,3,336.69,ReneWallace,80,Active,55+,,,0,3,0.06,0-1 yr
Kai,Gaines,02-11-2021,11-12-2021,Production Technician I,WBL,Part-Time,Zone C,Temporary,Involuntary,Production,Finance & Accounting,06-01-1956,MA,Administration,Male,33204,Other,Divorced,Fully Meets,3,3683,25-10-2022,2,1,5,28-12-2022,Project Management,Internal,Completed,1,990.69,KaiGaines,66,Terminated,55+,2021,December,1,2.67,0.11,0-1 yr
Noelle,Levy,01-12-2019,25-12-2022,Production Technician I,NEL,Contract,Zone C,Part-Time,Involuntary,Production,Field Operations,03-08-1954,MA,Technician,Male,76198,Hispanic,Widowed,Fully Meets,3,3684,16-04-2023,5,5,3,29-10-2022,Communication Skills,Internal,Completed,2,939.39,NoelleLevy,68,Terminated,55+,2022,December,1,4.33,3.07,3-5 yr
Kylie,Jimenez,16-08-2022,10-11-2022,Production Technician I,PL,Full-Time,Zone C,Full-Time,Retirement,Production,Project Management - Con,22-06-1986,MA,Coordinator,Male,10600,Asian,Widowed,Fully Meets,3,3685,03-01-2023,4,3,4,06-01-2023,Leadership Development,External,Passed,1,941.12,KylieJimenez,36,Terminated,35-44,2022,November,1,3.67,0.24,0-1 yr
Carly,Figueroa,25-04-2021,12-12-2022,Production Technician I,BPC,Part-Time,Zone A,Full-Time,Retirement,Production,Engineers,20-04-1998,MA,Director,Male,67909,White,Single,Exceeds,1,3686,03-01-2023,3,3,1,05-07-2023,Project Management,Internal,Incomplete,3,878.11,CarlyFigueroa,24,Terminated,<25,2022,December,0,2.33,1.63,1-3 yr
Bria,Mcpherson,17-05-2019,,Production Technician I,CCDR,Part-Time,Zone B,Temporary,Unk,Production,Field Operations,20-08-1944,MA,Supervisor,Female,26340,White,Divorced,Exceeds,1,3687,02-09-2022,2,4,5,26-12-2022,Customer Service,External,Incomplete,3,614.53,BriaMcpherson,78,Active,55+,,,0,3.67,3.3,3-5 yr
Brynn,Harding,04-05-2019,03-08-2021,Production Technician I,SVG,Contract,Zone B,Full-Time,Involuntary,Production,Wireline Construction,19-09-1951,MA,Manager,Female,42113,Asian,Divorced,Exceeds,3,3688,02-12-2022,4,4,4,26-11-2022,Customer Service,Internal,Failed,4,269.88,BrynnHarding,71,Terminated,55+,2021,August,0,4,2.25,1-3 yr
Rashad,Wells,16-07-2021,,Production Technician I,EW,Contract,Zone A,Temporary,Unk,Production,Field Operations,29-12-1960,MA,Laborer,Male,95832,Asian,Married,Exceeds,3,3689,17-08-2022,4,4,3,25-02-2023,Communication Skills,External,Passed,1,734.94,RashadWells,61,Active,55+,,,1,3.67,1.09,1-3 yr
Jaylene,Deleon,04-08-2020,27-02-2021,Production Technician I,MSC,Part-Time,Zone A,Temporary,Voluntary,Production,Yard (Material Handling),14-11-1950,MA,Laborer,Male,60287,White,Single,Needs Improvement,3,3690,31-05-2023,4,3,5,03-04-2023,Technical Skills,Internal,Completed,5,589.5,JayleneDeleon,72,Terminated,55+,2021,February,1,4,0.57,0-1 yr
Chace,Church,23-11-2020,,Production Technician I,TNS,Part-Time,Zone C,Full-Time,Unk,Production,Finance & Accounting,03-01-1993,MA,Manager,Male,34316,Asian,Single,Needs Improvement,1,3691,07-12-2022,1,1,5,06-03-2023,Leadership Development,Internal,Completed,3,311.28,ChaceChurch,29,Active,25-34,,,1,2.33,2.04,1-3 yr
Zayne,Hunter,11-11-2019,,Production Technician I,PYZ,Full-Time,Zone B,Part-Time,Unk,Production,Aerial,15-12-1979,MA,Lineman,Male,75371,Black,Widowed,Needs Improvement,3,3692,17-02-2023,4,5,3,29-03-2023,Technical Skills,Internal,Passed,5,671.88,ZayneHunter,43,Active,35-44,,,1,4,3.27,3-5 yr
Amya,Vega,20-05-2019,30-08-2020,Production Technician II,SVG,Part-Time,Zone B,Temporary,Involuntary,Production,Project Management - Con,01-08-1977,MA,Field Project Manager,Female,13727,White,Married,Exceeds,2,3693,09-04-2023,3,1,1,24-01-2023,Project Management,External,Completed,1,861.5,AmyaVega,45,Terminated,45-54,2020,August,1,1.67,1.28,1-3 yr
Nickolas,West,05-11-2019,16-04-2022,Production Technician II,EW,Full-Time,Zone A,Part-Time,Involuntary,Production,Field Operations,11-03-1961,MA,Specialist,Female,94278,Hispanic,Married,PIP,4,3694,20-03-2023,3,3,5,19-05-2023,Leadership Development,External,Completed,2,649.18,NickolasWest,62,Terminated,55+,2022,April,1,3.67,2.44,1-3 yr
Cason,Neal,20-09-2018,04-02-2021,Production Technician II,MSC,Contract,Zone C,Temporary,Voluntary,Production,Catv,28-11-1989,MA,Laborer,Female,70817,Hispanic,Divorced,PIP,4,3695,28-08-2022,1,1,4,08-01-2023,Project Management,External,Failed,4,492.2,CasonNeal,32,Terminated,25-34,2021,February,0,2,2.38,1-3 yr
Aldo,Dyer,02-09-2020,26-05-2023,Production Technician II,TNS,Contract,Zone B,Part-Time,Resignation,Production,Wireless,07-10-1989,MA,Foreman,Female,74423,Hispanic,Widowed,PIP,3,3696,01-12-2022,2,1,2,13-01-2023,Technical Skills,Internal,Passed,2,299.59,AldoDyer,33,Terminated,25-34,2023,May,1,1.67,2.73,1-3 yr
Sonia,Skinner,28-06-2020,,Production Technician II,PYZ,Full-Time,Zone A,Part-Time,Unk,Production,Field Operations,26-12-1992,MA,Technician,Female,51256,Other,Single,PIP,4,3697,20-07-2023,3,4,1,24-04-2023,Technical Skills,Internal,Failed,2,982.33,SoniaSkinner,30,Active,25-34,,,0,2.67,3.06,3-5 yr
Julien,Banks,22-03-2023,30-05-2023,Production Technician II,WBL,Full-Time,Zone A,Full-Time,Involuntary,Production,Catv,12-06-1984,MA,Foreman,Female,16462,Hispanic,Married,PIP,3,3698,19-01-2023,2,5,4,24-12-2022,Leadership Development,External,Passed,2,830.36,JulienBanks,38,Terminated,35-44,2023,May,1,3.67,0.19,0-1 yr
Madelyn,Mcdonald,30-08-2022,20-09-2022,Production Technician I,PYZ,Part-Time,Zone B,Temporary,Involuntary,Production,Engineers,31-01-1977,MA,Engineer,Male,48065,Asian,Divorced,PIP,2,3699,21-06-2023,2,4,3,19-08-2022,Customer Service,External,Passed,1,973.34,MadelynMcdonald,46,Terminated,45-54,2022,September,1,3,0.06,0-1 yr
Brenden,Nash,24-10-2019,,Production Technician I,PL,Part-Time,Zone A,Temporary,Unk,Production,Wireline Construction,12-04-1988,MA,Supervisor,Male,93840,Hispanic,Divorced,PIP,1,3700,18-01-2023,4,1,1,25-02-2023,Project Management,Internal,Failed,4,667.34,BrendenNash,34,Active,25-34,,,0,2,3.24,3-5 yr
Genesis,Coleman,09-11-2019,,Production Technician I,NEL,Part-Time,Zone B,Temporary,Unk,Production,Shop (Fleet),20-06-1948,MA,Mechanic,Male,35917,Other,Single,PIP,2,3701,10-06-2023,4,1,4,21-08-2022,Communication Skills,Internal,Failed,4,480.17,GenesisColeman,75,Active,55+,,,0,3,3.58,3-5 yr
Justice,Branch,13-07-2019,,Production Technician I,MSC,Part-Time,Zone C,Part-Time,Unk,Production,Aerial,22-04-1976,MA,Foreman,Male,22165,Asian,Single,Exceeds,3,3702,24-02-2023,2,4,1,15-02-2023,Leadership Development,External,Failed,3,346.28,JusticeBranch,46,Active,45-54,,,0,2.33,3.62,3-5 yr
Addisyn,Guerrero,31-08-2020,26-06-2022,Production Technician I,EW,Part-Time,Zone A,Part-Time,Resignation,Production,Engineers,15-02-1951,MA,Engineer,Female,87563,White,Widowed,Exceeds,4,3703,02-06-2023,5,5,5,27-12-2022,Communication Skills,External,Completed,3,121.45,AddisynGuerrero,72,Terminated,55+,2022,June,1,5,1.82,1-3 yr
Addisyn,Aguilar,25-01-2019,26-10-2021,Production Technician I,CCDR,Full-Time,Zone C,Part-Time,Involuntary,Production,Field Operations,05-02-1976,MA,Associate,Female,20993,Asian,Married,Exceeds,5,3704,07-07-2023,2,4,5,07-10-2022,Technical Skills,External,Incomplete,2,669.3,AddisynAguilar,47,Terminated,45-54,2021,October,0,3.67,2.75,1-3 yr
Marcos,Gallagher,21-11-2020,09-04-2023,Production Technician I,BPC,Full-Time,Zone A,Part-Time,Involuntary,Production,General - Sga,27-05-1967,MA,Vp,Female,88723,White,Single,Exceeds,3,3705,25-05-2023,3,1,4,17-04-2023,Technical Skills,Internal,Completed,5,983.59,MarcosGallagher,56,Terminated,55+,2023,April,1,2.67,2.38,1-3 yr
Mareli,Parker,23-09-2019,,Production Technician I,WBL,Full-Time,Zone B,Part-Time,Unk,Production,Field Operations,08-11-1974,MA,Laborer,Male,59933,White,Divorced,Exceeds,3,3706,17-07-2023,2,1,4,07-06-2023,Customer Service,Internal,Completed,1,304.9,MareliParker,48,Active,45-54,,,1,2.33,3.81,3-5 yr
Joshua,Mitchell,11-12-2022,,Production Technician I,TNS,Contract,Zone B,Temporary,Unk,Production,Engineers,01-12-1995,MA,Manager,Male,81280,Asian,Divorced,Exceeds,3,3707,24-03-2023,3,2,4,24-12-2022,Leadership Development,External,Passed,3,778.72,JoshuaMitchell,27,Active,25-34,,,1,3,0.28,0-1 yr
Case,Gaines,21-08-2020,20-09-2022,Production Technician I,SVG,Full-Time,Zone C,Part-Time,Resignation,Production,Fielders,19-02-1974,MA,Engineer,Male,13899,Black,Married,Exceeds,4,3708,21-08-2022,5,5,2,03-01-2023,Customer Service,External,Passed,4,136.15,CaseGaines,48,Terminated,45-54,2022,September,1,4,2.08,1-3 yr
Jacey,Reyes,04-02-2019,17-04-2023,Production Technician I,PYZ,Full-Time,Zone C,Part-Time,Voluntary,Production,Splicing,18-09-1969,MA,Splicer,Male,44907,Black,Divorced,Exceeds,5,3709,08-05-2023,3,5,3,07-04-2023,Leadership Development,Internal,Incomplete,4,339.84,JaceyReyes,53,Terminated,45-54,2023,April,0,3.67,4.2,3-5 yr
Dean,Middleton,29-10-2021,,Production Technician I,PL,Full-Time,Zone C,Part-Time,Unk,Production,Aerial,16-10-1960,MA,Foreman,Female,64630,Hispanic,Single,Exceeds,1,3710,28-02-2023,5,5,3,02-06-2023,Leadership Development,External,Completed,1,791.78,DeanMiddleton,62,Active,55+,,,1,4.33,1.33,1-3 yr
Marlene,Bates,17-07-2021,,Production Technician I,NEL,Part-Time,Zone A,Temporary,Unk,Production,Finance & Accounting,03-01-1981,MA,Administrative,Female,36588,Black,Single,Needs Improvement,1,3711,14-12-2022,4,3,3,19-10-2022,Leadership Development,External,Incomplete,5,853.26,MarleneBates,41,Active,35-44,,,0,3.33,1.41,1-3 yr
Kyra,Ray,28-04-2019,01-09-2022,Production Technician I,MSC,Part-Time,Zone C,Temporary,Retirement,Production,Field Operations,03-04-1956,MA,Technician,Male,33658,Asian,Married,Needs Improvement,5,3712,25-01-2023,2,3,1,31-10-2022,Project Management,Internal,Incomplete,4,214.12,KyraRay,66,Terminated,55+,2022,September,0,2,3.35,3-5 yr
Melanie,Kennedy,21-07-2020,,Production Technician I,EW,Full-Time,Zone B,Temporary,Unk,Production,General - Sga,10-04-1985,MA,Administrator,Male,87025,Hispanic,Widowed,Fully Meets,3,3713,30-10-2022,3,4,1,17-05-2023,Customer Service,External,Incomplete,5,235.82,MelanieKennedy,37,Active,35-44,,,0,2.67,2.28,1-3 yr
Aleena,Mercer,19-01-2020,,Production Technician I,CCDR,Full-Time,Zone B,Part-Time,Unk,Production,Field Operations,19-04-1965,MA,Laborer,Male,93985,White,Married,Fully Meets,4,3714,21-07-2023,3,5,2,18-05-2023,Leadership Development,Internal,Passed,5,448.57,AleenaMercer,58,Active,55+,,,1,3.33,3.5,3-5 yr
Jake,White,12-09-2021,,Production Technician I,BPC,Contract,Zone A,Full-Time,Unk,Production,Project Management - Con,05-03-1976,MA,Coordinator,Male,27233,Black,Widowed,Fully Meets,4,3715,20-05-2023,1,1,4,11-01-2023,Leadership Development,External,Incomplete,3,572.56,JakeWhite,47,Active,45-54,,,0,2,1.68,1-3 yr
Chaim,Chase,31-07-2022,18-02-2023,Production Technician II,SVG,Full-Time,Zone A,Full-Time,Voluntary,Production,General - Con,27-06-1993,MA,Laborer,Female,5569,Black,Married,Fully Meets,1,3716,19-11-2022,5,3,3,07-03-2023,Project Management,Internal,Incomplete,4,959.78,ChaimChase,29,Terminated,25-34,2023,February,0,3.67,0.55,0-1 yr
Keshawn,Le,18-05-2023,,Production Technician II,EW,Contract,Zone B,Full-Time,Unk,Production,Field Operations,07-11-1992,MA,Specialist,Female,21090,Asian,Married,Fully Meets,2,3717,01-01-2023,4,1,3,22-08-2022,Communication Skills,External,Passed,3,363.02,KeshawnLe,30,Active,25-34,,,1,2.67,-0.38,
Dalton,Frazier,25-05-2021,22-10-2021,Production Technician II,MSC,Contract,Zone C,Temporary,Voluntary,Production,Field Operations,15-09-1946,MA,Driver,Female,52357,Other,Married,Fully Meets,4,3718,05-10-2022,1,1,3,02-05-2023,Communication Skills,Internal,Completed,2,325.7,DaltonFrazier,76,Terminated,55+,2021,October,1,1.67,0.41,0-1 yr
Cannon,Hester,22-07-2022,,Production Technician II,TNS,Contract,Zone B,Full-Time,Unk,Production,Underground,08-07-1947,MA,Laborer,Female,47989,Hispanic,Divorced,Fully Meets,3,3719,27-11-2022,1,2,1,08-10-2022,Project Management,Internal,Incomplete,3,727.75,CannonHester,75,Active,55+,,,0,1.33,0.35,0-1 yr
Crystal,Brandt,23-05-2019,12-09-2020,Production Technician II,PYZ,Part-Time,Zone B,Full-Time,Resignation,Production,Field Operations,18-12-1958,MA,Laborer,Female,31486,White,Single,Fully Meets,3,3720,15-05-2023,2,1,5,23-09-2022,Project Management,Internal,Passed,2,845.21,CrystalBrandt,64,Terminated,55+,2020,September,1,2.67,1.31,1-3 yr
Johnny,Goodman,12-02-2020,07-04-2020,Production Technician I,NEL,Full-Time,Zone B,Full-Time,Resignation,Production,Fielders,24-03-1960,MA,Engineer,Male,24794,Black,Widowed,Fully Meets,2,3721,07-02-2023,5,4,5,22-12-2022,Technical Skills,External,Incomplete,4,327.82,JohnnyGoodman,62,Terminated,55+,2020,April,0,4.67,0.15,0-1 yr
Nehemiah,Hancock,16-02-2020,09-01-2022,Production Technician I,PL,Part-Time,Zone B,Full-Time,Involuntary,Production,Field Operations,31-08-1947,MA,Laborer,Male,80316,White,Married,Fully Meets,2,3722,01-06-2023,1,5,5,15-01-2023,Communication Skills,Internal,Passed,1,512.55,NehemiahHancock,75,Terminated,55+,2022,January,1,3.67,1.9,1-3 yr
Elliana,Villanueva,29-04-2022,16-07-2022,Production Technician I,BPC,Full-Time,Zone A,Temporary,Retirement,Production,Wireline Construction,30-08-1972,MA,Laborer,Male,46742,Asian,Married,Fully Meets,3,3723,18-06-2023,2,1,4,06-09-2022,Communication Skills,Internal,Completed,1,457.17,EllianaVillanueva,50,Terminated,45-54,2022,July,1,2.33,0.21,0-1 yr
Essence,Schwartz,10-10-2019,30-10-2021,Production Technician I,CCDR,Part-Time,Zone C,Temporary,Retirement,Production,Field Operations,25-11-1969,MA,Laborer,Male,30194,Asian,Divorced,Fully Meets,4,3724,04-02-2023,1,2,5,28-06-2023,Communication Skills,Internal,Incomplete,4,573.33,EssenceSchwartz,53,Terminated,45-54,2021,October,0,2.67,2.06,1-3 yr
Ryker,Cox,07-04-2019,09-07-2023,Production Technician I,SVG,Contract,Zone B,Part-Time,Voluntary,Production,Aerial,21-08-1955,MA,Lineman,Male,36808,Asian,Widowed,Fully Meets,1,3725,17-05-2023,4,3,3,23-05-2023,Customer Service,External,Failed,3,135.18,RykerCox,67,Terminated,55+,2023,July,0,3.33,4.25,3-5 yr
Averi,Stevenson,13-07-2020,18-09-2021,Production Technician I,EW,Contract,Zone A,Full-Time,Voluntary,Production,General - Con,25-07-1995,MA,Lineman,Female,36688,Other,Married,Fully Meets,4,3726,01-10-2022,1,4,1,13-01-2023,Communication Skills,External,Failed,3,911.12,AveriStevenson,27,Terminated,25-34,2021,September,0,2,1.18,1-3 yr
Katherine,Russo,26-08-2021,,Production Technician I,MSC,Part-Time,Zone C,Temporary,Unk,Production,Field Operations,15-01-1945,MA,Supervisor,Female,37883,Other,Divorced,Fully Meets,3,3727,11-10-2022,1,2,5,02-05-2023,Project Management,Internal,Incomplete,5,693.8,KatherineRusso,77,Active,55+,,,0,2.67,1.13,1-3 yr
Aydan,Robbins,23-12-2021,,Production Technician I,TNS,Contract,Zone A,Part-Time,Unk,Production,Splicing,07-02-1967,MA,Laborer,Male,39843,Hispanic,Divorced,Fully Meets,5,3728,18-04-2023,5,1,2,10-07-2023,Customer Service,Internal,Completed,5,419.79,AydanRobbins,56,Active,55+,,,1,2.67,1.32,1-3 yr
Heaven,Walls,08-12-2022,04-07-2023,Production Technician I,BPC,Contract,Zone B,Part-Time,Voluntary,Production,Wireline Construction,01-01-1943,MA,Supervisor,Male,69873,Other,Divorced,Fully Meets,3,3729,19-03-2023,4,5,3,12-12-2022,Customer Service,External,Failed,1,693.56,HeavenWalls,80,Terminated,55+,2023,July,0,4,0.57,0-1 yr
Bobby,Chung,18-01-2022,,Production Technician I,CCDR,Contract,Zone B,Temporary,Unk,Production,Fielders,08-12-1965,MA,Engineer,Male,2548,Black,Widowed,Fully Meets,4,3730,20-02-2023,4,5,5,29-08-2022,Leadership Development,External,Incomplete,1,161.47,BobbyChung,57,Active,55+,,,0,4.67,1.09,1-3 yr
Maximus,Fields,28-02-2020,14-12-2022,Production Technician I,EW,Part-Time,Zone B,Part-Time,Retirement,Production,Field Operations,04-07-1998,MA,Engineer,Male,73555,Hispanic,Single,Fully Meets,3,3731,11-04-2023,2,4,1,02-05-2023,Project Management,External,Passed,5,773.63,MaximusFields,24,Terminated,<25,2022,December,1,2.33,2.79,1-3 yr
Orion,Ochoa,31-05-2020,,Production Technician I,MSC,Part-Time,Zone B,Part-Time,Unk,Production,Field Operations,03-07-1954,MA,Technician,Male,27650,Black,Widowed,Fully Meets,5,3732,12-12-2022,3,4,4,09-12-2022,Technical Skills,Internal,Incomplete,5,695.42,OrionOchoa,68,Active,55+,,,0,3.67,2.53,1-3 yr
Halle,Boyd,20-04-2020,23-07-2022,Production Technician I,NEL,Contract,Zone C,Part-Time,Retirement,Production,Field Operations,15-10-1994,MA,Driver,Female,2035,Hispanic,Single,Fully Meets,3,3733,05-08-2023,1,3,5,04-06-2023,Communication Skills,Internal,Incomplete,1,246.16,HalleBoyd,28,Terminated,25-34,2022,July,0,3,2.26,1-3 yr
Lindsey,Rocha,07-03-2019,,Production Technician I,PL,Full-Time,Zone C,Temporary,Unk,Production,Technology / It,21-07-1964,MA,Engineer,Male,74284,White,Divorced,Fully Meets,3,3734,31-07-2023,4,5,2,05-03-2023,Communication Skills,Internal,Failed,2,702.69,LindseyRocha,59,Active,55+,,,0,3.67,4.4,3-5 yr
Chace,Gray,29-05-2019,,Production Technician I,PYZ,Contract,Zone C,Temporary,Unk,Production,Wireless,11-07-1963,MA,Project Manager,Male,81455,White,Married,Fully Meets,1,3735,03-02-2023,4,4,4,25-10-2022,Technical Skills,External,Failed,1,473.1,ChaceGray,59,Active,55+,,,0,4,3.69,3-5 yr
Carsen,Wheeler,18-10-2020,22-03-2023,Production Technician I,SVG,Full-Time,Zone A,Part-Time,Resignation,Production,Wireline Construction,02-07-1976,MA,Laborer,Male,95345,Other,Married,Fully Meets,2,3736,14-09-2022,3,1,3,25-10-2022,Project Management,Internal,Incomplete,2,119.82,CarsenWheeler,46,Terminated,45-54,2023,March,0,2.33,2.42,1-3 yr
Arielle,Escobar,19-11-2018,,Production Technician I,TNS,Part-Time,Zone B,Part-Time,Unk,Production,People Services,11-12-1946,MA,Director,Male,67176,Hispanic,Divorced,Fully Meets,5,3737,09-09-2022,2,5,1,17-11-2022,Customer Service,External,Failed,1,157.8,ArielleEscobar,75,Active,55+,,,0,2.67,3.81,3-5 yr
Kaitlynn,Blair,15-04-2022,09-01-2023,Production Technician II,SVG,Full-Time,Zone A,Temporary,Involuntary,Production,General - Con,03-09-2000,MA,Lineman,Female,21015,Hispanic,Widowed,Fully Meets,3,3738,19-09-2022,3,3,5,01-09-2022,Technical Skills,Internal,Completed,3,791.98,KaitlynnBlair,22,Terminated,<25,2023,January,1,3.67,0.74,0-1 yr
Amir,Melendez,24-08-2018,22-03-2021,Production Technician II,EW,Full-Time,Zone B,Temporary,Voluntary,Production,Field Operations,09-03-1951,MA,Tower Hand,Female,80870,Asian,Divorced,Fully Meets,3,3739,23-05-2023,1,3,4,19-08-2022,Customer Service,External,Incomplete,5,752.97,AmirMelendez,72,Terminated,55+,2021,March,0,2.67,2.58,1-3 yr
Monique,Buckley,15-10-2022,17-02-2023,Production Technician II,MSC,Full-Time,Zone C,Part-Time,Voluntary,Production,People Services,24-05-2001,MA,Intern,Female,12265,Other,Single,Fully Meets,4,3740,23-06-2023,2,2,4,11-09-2022,Leadership Development,External,Completed,5,916.21,MoniqueBuckley,22,Terminated,<25,2023,February,1,2.67,0.34,0-1 yr
Clark,Blanchard,27-02-2023,28-03-2023,Production Technician II,TNS,Full-Time,Zone A,Temporary,Voluntary,Production,Field Operations,14-09-1948,MA,Engineer,Female,47025,Hispanic,Widowed,Fully Meets,1,3741,01-09-2022,2,5,4,05-10-2022,Project Management,External,Completed,2,751.04,ClarkBlanchard,74,Terminated,55+,2023,March,1,3.67,0.08,0-1 yr
Gabriel,Pearson,22-09-2021,15-05-2023,Production Technician II,PYZ,Contract,Zone A,Temporary,Resignation,Production,Field Operations,12-09-1981,MA,Manager,Female,81011,Asian,Married,Fully Meets,2,3742,07-01-2023,2,1,1,22-04-2023,Communication Skills,Internal,Passed,3,620.63,GabrielPearson,41,Terminated,35-44,2023,May,1,1.33,1.64,1-3 yr
Mercedes,Cook,30-05-2020,,Production Technician I,WBL,Contract,Zone A,Part-Time,Unk,Production,General - Con,13-09-1950,MA,Locator,Male,13394,Black,Married,Fully Meets,2,3743,11-08-2022,2,1,3,17-11-2022,Leadership Development,Internal,Passed,3,439.3,MercedesCook,71,Active,55+,,,1,2,2.2,1-3 yr
Skyler,Blankenship,11-09-2020,,Production Technician I,NEL,Part-Time,Zone B,Full-Time,Unk,Production,Aerial,22-12-1964,MA,Lineman,Female,50967,Asian,Widowed,Fully Meets,5,3744,05-09-2022,4,3,2,23-05-2023,Communication Skills,Internal,Completed,1,716.39,SkylerBlankenship,57,Active,55+,,,1,3,1.98,1-3 yr
Jordan,Davis,31-05-2019,06-10-2020,Production Technician I,PL,Full-Time,Zone C,Full-Time,Involuntary,Production,General - Con,20-07-1978,MA,Technician,Male,8286,Asian,Single,Fully Meets,4,3745,13-01-2023,5,4,4,11-10-2022,Technical Skills,External,Failed,5,300.33,JordanDavis,44,Terminated,35-44,2020,October,0,4.33,1.35,1-3 yr
Bridget,Wu,13-07-2020,,Production Technician I,BPC,Part-Time,Zone B,Full-Time,Unk,Production,Shop (Fleet),21-08-1969,MA,Mechanic,Male,68039,Black,Widowed,Fully Meets,3,3746,06-11-2022,2,1,5,22-02-2023,Project Management,Internal,Passed,3,337.15,BridgetWu,53,Active,45-54,,,1,2.67,2.32,1-3 yr
Gabriel,Kirk,09-09-2021,10-02-2023,Production Technician I,CCDR,Part-Time,Zone C,Temporary,Retirement,Production,Technology / It,17-02-1944,MA,Technician,Male,56563,Black,Widowed,Fully Meets,2,3747,26-04-2023,2,5,5,18-10-2022,Leadership Development,External,Failed,5,725.6,GabrielKirk,79,Terminated,55+,2023,February,0,4,1.42,1-3 yr
Aron,Ali,06-04-2019,,Production Technician I,SVG,Full-Time,Zone C,Part-Time,Unk,Production,General - Con,20-08-1969,MA,Laborer,Male,96739,Other,Married,Fully Meets,1,3748,18-11-2022,4,1,3,23-12-2022,Customer Service,Internal,Failed,5,588.88,AronAli,53,Active,45-54,,,0,2.67,3.62,3-5 yr
Kayden,Soto,16-02-2021,,Production Technician I,EW,Full-Time,Zone A,Full-Time,Unk,Production,Project Management - Eng,02-05-1985,MA,Planner,Female,27488,Other,Married,Fully Meets,4,3749,01-04-2023,1,3,3,28-09-2022,Technical Skills,External,Passed,4,742.98,KaydenSoto,37,Active,35-44,,,1,2.33,2.12,1-3 yr
Micaela,Conner,17-02-2020,,Production Technician I,MSC,Full-Time,Zone C,Part-Time,Unk,Production,Engineers,16-02-1955,MA,Engineer,Male,49299,Black,Single,Fully Meets,1,3750,07-12-2022,4,1,5,27-09-2022,Project Management,External,Passed,5,283.05,MicaelaConner,67,Active,55+,,,1,3.33,2.8,1-3 yr
Arthur,Mitchell,15-10-2021,,Production Technician I,TNS,Contract,Zone A,Full-Time,Unk,Production,Aerial,24-12-1972,MA,Model Assistant,Male,32547,Other,Single,Fully Meets,3,3751,05-04-2023,1,1,4,10-11-2022,Customer Service,Internal,Incomplete,4,511.13,ArthurMitchell,50,Active,45-54,,,0,2,1.47,1-3 yr
Deven,Morse,06-07-2022,,Production Technician I,PYZ,Full-Time,Zone A,Temporary,Unk,Production,Engineers,12-10-1954,MA,Engineer,Male,11664,White,Divorced,Fully Meets,2,3752,04-08-2023,3,1,5,31-05-2023,Communication Skills,Internal,Completed,1,158.86,DevenMorse,68,Active,55+,,,1,3,1.08,1-3 yr
George,Villegas,05-03-2019,10-12-2020,Production Technician I,WBL,Part-Time,Zone B,Part-Time,Involuntary,Production,Project Management - Eng,29-09-1959,MA,Planner,Male,37926,White,Single,Fully Meets,4,3753,23-02-2023,1,3,2,19-09-2022,Project Management,External,Failed,1,741.95,GeorgeVillegas,63,Terminated,55+,2020,December,0,2,1.77,1-3 yr
Arielle,Potts,02-06-2020,25-01-2022,Production Technician I,NEL,Full-Time,Zone C,Full-Time,Voluntary,Production,Project Management - Con,31-05-1978,MA,Engineer,Male,76770,Black,Married,Fully Meets,1,3754,23-04-2023,3,3,5,08-03-2023,Technical Skills,External,Incomplete,4,132.52,AriellePotts,44,Terminated,35-44,2022,January,0,3.67,1.65,1-3 yr
Maxwell,Howell,26-11-2020,17-02-2023,Production Technician I,PL,Full-Time,Zone C,Full-Time,Resignation,Production,Executive,21-04-2001,MA,Manager,Female,72484,Black,Married,Fully Meets,4,3755,11-07-2023,5,4,2,27-06-2023,Customer Service,Internal,Completed,1,736.19,MaxwellHowell,22,Terminated,<25,2023,February,1,3.67,2.23,1-3 yr
Junior,Bridges,24-05-2021,,Production Technician I,BPC,Full-Time,Zone A,Temporary,Unk,Production,Field Operations,01-06-1944,MA,Driller,Female,13669,Hispanic,Married,Fully Meets,3,3756,23-11-2022,1,5,3,27-03-2023,Technical Skills,External,Failed,4,521.51,JuniorBridges,78,Active,55+,,,0,3,1.5,1-3 yr
Salvatore,Noble,17-10-2022,26-03-2023,Production Technician I,CCDR,Full-Time,Zone B,Part-Time,Involuntary,Production,Aerial,28-10-1993,MA,Lineman,Male,7481,Asian,Single,Fully Meets,2,3757,24-07-2023,4,4,5,21-10-2022,Technical Skills,Internal,Incomplete,2,132.09,SalvatoreNoble,29,Terminated,25-34,2023,March,0,4.33,0.44,0-1 yr
Heath,Hodges,16-11-2022,24-06-2023,Production Technician I,SVG,Contract,Zone A,Temporary,Retirement,Production,Engineers,20-12-1946,MA,Engineer,Male,76897,Other,Divorced,Fully Meets,3,3758,04-10-2022,2,1,1,16-01-2023,Leadership Development,Internal,Failed,4,917.17,HeathHodges,75,Terminated,55+,2023,June,0,1.33,0.6,0-1 yr
Gabriella,Warner,01-05-2022,25-09-2022,Production Technician I,EW,Contract,Zone B,Full-Time,Retirement,Production,Yard (Material Handling),21-10-1958,MA,Laborer,Male,47326,Black,Married,Fully Meets,1,3759,28-11-2022,3,4,1,11-08-2022,Project Management,Internal,Completed,2,790.71,GabriellaWarner,64,Terminated,55+,2022,September,1,2.67,0.4,0-1 yr
Ryan,Tate,24-08-2021,,Production Technician I,MSC,Full-Time,Zone A,Part-Time,Unk,Production,General - Con,12-02-1960,MA,Technician,Male,20814,Other,Widowed,Fully Meets,3,3760,28-10-2022,4,3,1,28-11-2022,Technical Skills,External,Passed,1,680.48,RyanTate,62,Active,55+,,,1,2.67,1.18,1-3 yr
Hazel,Vincent,22-06-2023,10-07-2023,Production Technician II,CCDR,Contract,Zone A,Full-Time,Involuntary,Production,General - Sga,23-11-1987,MA,Assistant,Female,75880,Black,Married,Fully Meets,1,3761,30-05-2023,2,4,1,18-08-2022,Customer Service,External,Failed,1,947.57,HazelVincent,35,Terminated,35-44,2023,July,0,2.33,0.05,0-1 yr
Gavyn,Riggs,18-07-2020,,Production Technician II,SVG,Part-Time,Zone B,Temporary,Unk,Production,Engineers,11-05-1949,MA,Engineer,Female,65366,Black,Divorced,Fully Meets,2,3762,06-08-2022,2,1,1,15-06-2023,Project Management,Internal,Failed,2,594.61,GavynRiggs,73,Active,55+,,,0,1.33,2.05,1-3 yr
Giancarlo,Cross,12-01-2023,06-02-2023,Production Technician II,EW,Full-Time,Zone B,Full-Time,Involuntary,Production,Finance & Accounting,25-06-1950,MA,Clerk,Female,40231,White,Widowed,Fully Meets,3,3763,09-07-2023,3,2,5,13-11-2022,Technical Skills,External,Incomplete,1,775.59,GiancarloCross,73,Terminated,55+,2023,February,0,3.33,0.07,0-1 yr
Cristal,Bradshaw,16-02-2022,,Production Technician II,MSC,Full-Time,Zone B,Temporary,Unk,Production,General - Sga,13-12-1995,MA,Manager,Female,41487,Black,Single,Fully Meets,3,3764,11-07-2023,2,1,5,30-08-2022,Communication Skills,External,Incomplete,2,239.16,CristalBradshaw,27,Active,25-34,,,0,2.67,1.4,1-3 yr
Guadalupe,Burke,02-09-2022,,Production Technician II,TNS,Part-Time,Zone A,Temporary,Unk,Production,Yard (Material Handling),30-06-1969,MA,Runner,Female,36904,Hispanic,Widowed,Fully Meets,3,3765,02-01-2023,1,1,2,25-11-2022,Customer Service,Internal,Completed,5,275.94,GuadalupeBurke,53,Active,45-54,,,1,1.33,0.33,0-1 yr
Elisa,Henry,02-02-2019,03-02-2023,Production Technician II,PYZ,Part-Time,Zone A,Part-Time,Resignation,Production,Yard (Material Handling),10-03-1943,MA,Manager,Female,10110,Black,Widowed,Fully Meets,3,3766,12-05-2023,4,4,5,27-03-2023,Technical Skills,Internal,Incomplete,4,466.32,ElisaHenry,80,Terminated,55+,2023,February,0,4.33,4,3-5 yr
Kale,Fischer,26-08-2021,05-09-2022,Production Technician I,TNS,Full-Time,Zone B,Part-Time,Retirement,Production,General - Con,07-03-1993,MA,Laborer,Female,46087,Black,Divorced,Fully Meets,2,3767,09-07-2023,2,5,3,12-10-2022,Leadership Development,Internal,Completed,4,840.46,KaleFischer,30,Terminated,25-34,2022,September,1,3.33,1.03,1-3 yr
Morgan,Blackwell,31-12-2020,,Production Technician I,SVG,Contract,Zone B,Full-Time,Unk,Production,Catv,30-05-1991,MA,Foreman,Female,37838,Black,Divorced,Fully Meets,4,3768,27-01-2023,2,4,1,04-01-2023,Leadership Development,Internal,Completed,3,145.76,MorganBlackwell,31,Active,25-34,,,1,2.33,2.07,1-3 yr
Ivan,Wright,12-12-2020,,Production Technician I,PYZ,Full-Time,Zone A,Full-Time,Unk,Production,Fielders,21-11-1952,MA,Engineer,Male,15968,Asian,Married,Fully Meets,3,3769,25-09-2022,3,5,3,12-10-2022,Project Management,Internal,Incomplete,2,647.7,IvanWright,69,Active,55+,,,0,3.67,1.79,1-3 yr
Nayeli,Hood,13-01-2022,11-04-2023,Production Technician I,PL,Contract,Zone B,Temporary,Involuntary,Production,Aerial,26-01-1995,MA,Lineman,Male,21100,Asian,Married,Fully Meets,3,3770,06-05-2023,1,3,3,05-07-2023,Project Management,Internal,Incomplete,2,536.2,NayeliHood,28,Terminated,25-34,2023,April,0,2.33,1.24,1-3 yr
Marilyn,Smith,24-01-2021,07-05-2023,Production Technician I,NEL,Part-Time,Zone B,Temporary,Retirement,Production,General - Con,20-09-1981,MA,Foreman,Male,65845,Asian,Married,Fully Meets,3,3771,25-09-2022,2,2,4,26-03-2023,Communication Skills,Internal,Incomplete,5,769.97,MarilynSmith,41,Terminated,35-44,2023,May,0,2.67,2.28,1-3 yr
Zoie,Rowland,08-02-2022,22-07-2022,Production Technician I,MSC,Full-Time,Zone A,Temporary,Retirement,Production,Engineers,05-02-1966,MA,Engineer,Female,58535,Asian,Divorced,Fully Meets,3,3772,10-09-2022,2,5,1,01-01-2023,Communication Skills,External,Completed,1,894.66,ZoieRowland,56,Terminated,55+,2022,July,1,2.67,0.45,0-1 yr
Ann,Nguyen,11-10-2020,26-02-2022,Production Technician I,EW,Part-Time,Zone A,Temporary,Retirement,Production,Engineers,16-05-1972,MA,Engineer,Female,3994,Hispanic,Divorced,Fully Meets,3,3773,16-10-2022,1,5,2,15-11-2022,Project Management,External,Failed,2,374.02,AnnNguyen,50,Terminated,45-54,2022,February,0,2.67,1.38,1-3 yr
Ramiro,Savage,20-06-2019,13-10-2021,Production Technician I,CCDR,Part-Time,Zone B,Full-Time,Involuntary,Production,Engineers,06-04-1998,MA,Engineer,Male,32544,Black,Single,Fully Meets,3,3774,11-04-2023,5,3,1,04-02-2023,Leadership Development,Internal,Passed,5,569.42,RamiroSavage,25,Terminated,25-34,2021,October,1,3,2.32,1-3 yr
Karma,Koch,13-07-2021,26-11-2022,Production Technician I,BPC,Contract,Zone B,Part-Time,Resignation,Production,Field Operations,15-10-1980,MA,Laborer,Male,36153,Other,Widowed,Fully Meets,3,3775,15-04-2023,2,1,3,14-11-2022,Customer Service,Internal,Completed,1,172.82,KarmaKoch,42,Terminated,35-44,2022,November,1,2,1.37,1-3 yr
Jacqueline,Hendrix,14-10-2021,30-10-2021,Production Technician I,WBL,Contract,Zone A,Full-Time,Resignation,Production,General - Eng,28-04-1980,MA,Administrative,Male,34262,Black,Married,Fully Meets,3,3776,13-12-2022,4,1,5,05-02-2023,Project Management,Internal,Completed,4,585.84,JacquelineHendrix,42,Terminated,35-44,2021,October,1,3.33,0.04,0-1 yr
Kaitlin,Barker,09-11-2021,,Production Technician I,TNS,Contract,Zone C,Temporary,Unk,Production,Aerial,21-03-1966,MA,Lineman,Male,12906,Black,Single,Fully Meets,3,3777,28-10-2022,4,3,2,13-10-2022,Project Management,External,Completed,1,759.38,KaitlinBarker,56,Active,55+,,,1,3,0.97,0-1 yr
Semaj,Griffith,02-04-2023,27-07-2023,Production Technician I,SVG,Full-Time,Zone A,Full-Time,Involuntary,Production,Wireline Construction,09-02-1992,MA,Groundman,Male,30753,Other,Married,Fully Meets,3,3778,06-02-2023,1,5,3,13-09-2022,Customer Service,Internal,Completed,5,341.74,SemajGriffith,31,Terminated,25-34,2023,July,1,3,0.32,0-1 yr
Damian,Burke,19-10-2022,03-05-2023,Production Technician I,PYZ,Part-Time,Zone B,Temporary,Voluntary,Production,Shop (Fleet),28-04-1963,MA,Technician,Female,60533,Other,Divorced,Fully Meets,3,3779,18-06-2023,4,1,1,29-05-2023,Project Management,External,Incomplete,3,733.04,DamianBurke,60,Terminated,55+,2023,May,0,2,0.54,0-1 yr
Jessie,Smith,09-05-2020,14-09-2021,Production Technician I,PL,Part-Time,Zone C,Part-Time,Retirement,Production,General - Con,16-11-1945,MA,Technician,Female,36882,Black,Widowed,Fully Meets,3,3780,21-05-2023,2,3,2,02-08-2023,Customer Service,Internal,Failed,2,658.27,JessieSmith,77,Terminated,55+,2021,September,0,2.33,1.35,1-3 yr
Hezekiah,Cummings,18-08-2019,05-05-2022,Production Technician I,NEL,Contract,Zone B,Full-Time,Involuntary,Production,General - Con,23-01-1960,MA,Laborer,Male,62493,Black,Single,Fully Meets,3,3781,09-08-2022,5,3,1,11-07-2023,Customer Service,External,Incomplete,1,124.77,HezekiahCummings,62,Terminated,55+,2022,May,0,3,2.71,1-3 yr
Brody,House,09-03-2019,02-05-2020,Production Technician I,MSC,Full-Time,Zone B,Temporary,Retirement,Production,Field Operations,25-09-1984,MA,Driver,Male,92706,Asian,Widowed,Fully Meets,3,3782,19-07-2023,1,5,1,11-12-2022,Technical Skills,Internal,Passed,5,506.4,BrodyHouse,38,Terminated,35-44,2020,May,1,2.33,1.15,1-3 yr
Aaliyah,Watts,09-05-2020,,Production Technician I,EW,Contract,Zone A,Full-Time,Unk,Production,Fielders,11-04-1962,MA,Engineer,Male,7773,Asian,Divorced,Fully Meets,3,3783,07-03-2023,3,4,3,25-01-2023,Technical Skills,External,Completed,5,851.24,AaliyahWatts,60,Active,55+,,,1,3.33,2.83,1-3 yr
Ashton,Larsen,14-08-2022,,Production Technician I,CCDR,Contract,Zone A,Temporary,Unk,Production,Splicing,14-03-1998,MA,Supervisor,Female,55514,White,Single,Fully Meets,3,3784,04-03-2023,3,3,2,12-10-2022,Communication Skills,Internal,Completed,2,671.12,AshtonLarsen,24,Active,<25,,,1,2.67,0.55,0-1 yr
Joshua,Gibson,18-01-2022,,Production Technician II,PL,Contract,Zone C,Temporary,Unk,Production,Project Management - Con,20-10-1977,MA,Director,Female,13406,Black,Divorced,Fully Meets,3,3785,05-05-2023,3,2,2,01-10-2022,Project Management,External,Passed,1,257.8,JoshuaGibson,45,Active,45-54,,,1,2.33,1.29,1-3 yr
Kyleigh,Bauer,22-06-2021,26-07-2022,Production Technician II,PYZ,Full-Time,Zone A,Part-Time,Resignation,Production,Field Operations,10-06-1962,MA,Technician,Female,65379,Black,Divorced,Fully Meets,3,3786,29-12-2022,3,4,2,17-04-2023,Leadership Development,External,Failed,4,280.06,KyleighBauer,60,Terminated,55+,2022,July,0,3,1.09,1-3 yr
Ramon,Schultz,19-01-2023,20-06-2023,Production Technician II,SVG,Full-Time,Zone C,Part-Time,Resignation,Production,General - Sga,29-08-1972,MA,Supervisor,Female,69445,White,Widowed,Fully Meets,3,3787,06-03-2023,1,2,1,26-04-2023,Project Management,External,Passed,4,140.03,RamonSchultz,50,Terminated,45-54,2023,June,1,1.33,0.42,0-1 yr
Maxim,Houston,17-05-2023,13-06-2023,Production Technician II,TNS,Part-Time,Zone A,Full-Time,Involuntary,Production,Field Operations,06-09-1976,MA,Foreman,Female,32440,Black,Married,Fully Meets,3,3788,05-05-2023,3,4,2,21-03-2023,Customer Service,External,Completed,2,796.95,MaximHouston,46,Terminated,45-54,2023,June,1,3,0.07,0-1 yr
Deanna,Sellers,07-06-2020,,Production Technician II,WBL,Contract,Zone A,Part-Time,Unk,Production,Wireline Construction,25-05-1977,MA,Foreman,Female,30804,Other,Widowed,Fully Meets,3,3789,25-09-2022,3,1,4,26-10-2022,Technical Skills,External,Incomplete,1,997.38,DeannaSellers,45,Active,45-54,,,0,2.67,2.3,1-3 yr
Frankie,Figueroa,07-07-2023,11-07-2023,Production Technician II,PYZ,Full-Time,Zone A,Temporary,Resignation,Production,Yard (Material Handling),11-12-1962,MA,Laborer,Female,17247,Hispanic,Single,Fully Meets,3,3790,31-07-2023,3,2,1,18-03-2023,Communication Skills,External,Completed,2,676.95,FrankieFigueroa,60,Terminated,55+,2023,July,1,2,0.01,0-1 yr
Bentley,Rush,28-03-2020,,Production Technician I,WBL,Full-Time,Zone B,Full-Time,Unk,Production,Finance & Accounting,02-02-1978,MA,Administration,Female,32417,Asian,Divorced,Fully Meets,3,3791,07-09-2022,4,1,1,12-02-2023,Leadership Development,External,Failed,2,348.89,BentleyRush,44,Active,35-44,,,0,2,2.44,1-3 yr
Alexia,Pham,23-05-2019,10-05-2022,Production Technician I,NEL,Part-Time,Zone C,Full-Time,Retirement,Production,Engineers,08-06-1998,MA,Engineer,Male,50738,White,Married,Fully Meets,3,3792,25-09-2022,2,2,2,09-09-2022,Project Management,External,Passed,1,385.62,AlexiaPham,24,Terminated,<25,2022,May,1,2,2.97,1-3 yr
Roselyn,Roberts,20-04-2019,,Production Technician I,PL,Full-Time,Zone B,Full-Time,Unk,Production,General - Con,15-01-1952,MA,Manager,Male,34278,Asian,Married,Fully Meets,3,3793,15-05-2023,2,3,3,24-11-2022,Project Management,Internal,Completed,2,552.67,RoselynRoberts,71,Active,55+,,,1,2.67,4.07,3-5 yr
Ayden,Chambers,09-09-2018,,Production Technician I,BPC,Contract,Zone A,Full-Time,Unk,Production,General - Con,20-01-1996,MA,Foreman,Male,40836,Asian,Widowed,Fully Meets,5,3794,05-12-2022,1,1,3,17-04-2023,Communication Skills,External,Failed,2,645.11,AydenChambers,26,Active,25-34,,,0,1.67,4.24,3-5 yr
Kaitlynn,Serrano,14-07-2022,,Production Technician I,CCDR,Part-Time,Zone A,Part-Time,Unk,Production,General - Sga,01-08-1989,MA,Manager,Male,59081,White,Divorced,Exceeds,3,3795,29-09-2022,4,3,2,25-01-2023,Project Management,External,Passed,1,954.02,KaitlynnSerrano,33,Active,25-34,,,1,3,0.21,0-1 yr
Jefferson,White,17-04-2019,02-12-2021,Production Technician I,SVG,Contract,Zone A,Part-Time,Resignation,Production,General - Con,27-08-1964,MA,Laborer,Female,82019,Hispanic,Married,Exceeds,3,3796,28-06-2023,1,5,2,03-07-2023,Technical Skills,External,Incomplete,5,255.74,JeffersonWhite,58,Terminated,55+,2021,December,0,2.67,2.63,1-3 yr
Maria,Grant,15-05-2020,,Production Technician I,EW,Contract,Zone A,Full-Time,Unk,Production,Catv,26-06-1975,MA,Splicer,Female,32969,Black,Married,Fully Meets,3,3797,03-09-2022,3,4,2,09-03-2023,Technical Skills,External,Completed,2,279.38,MariaGrant,47,Active,45-54,,,1,3,2.3,1-3 yr
Bryanna,Ibarra,04-04-2020,04-07-2023,Production Technician I,MSC,Full-Time,Zone C,Full-Time,Voluntary,Production,General - Con,21-12-1961,MA,Lineman,Male,36648,Other,Widowed,Fully Meets,3,3798,08-11-2022,1,1,1,22-08-2022,Project Management,External,Passed,5,303.44,BryannaIbarra,60,Terminated,55+,2023,July,1,1,3.25,3-5 yr
Sophie,Zavala,15-10-2022,,Production Technician I,TNS,Full-Time,Zone A,Temporary,Unk,Production,Executive,24-11-1964,MA,Director,Male,95984,Hispanic,Single,Exceeds,3,3799,24-12-2022,3,1,3,07-08-2022,Communication Skills,Internal,Incomplete,4,809.38,SophieZavala,58,Active,55+,,,0,2.33,0.19,0-1 yr
Amya,Grant,11-07-2019,,Production Technician I,PYZ,Contract,Zone C,Part-Time,Unk,Production,General - Sga,09-12-1950,MA,Administrator,Male,31864,Other,Married,Fully Meets,3,3800,08-12-2022,5,3,5,14-10-2022,Customer Service,Internal,Completed,4,886.12,AmyaGrant,72,Active,55+,,,1,4.33,3.41,3-5 yr
Jaydan,Neal,02-10-2019,,Production Technician I,WBL,Contract,Zone C,Temporary,Unk,Production,Field Operations,18-01-1948,MA,Laborer,Female,54738,Hispanic,Single,Fully Meets,3,3801,27-11-2022,2,1,4,01-04-2023,Leadership Development,External,Incomplete,2,125.88,JaydanNeal,74,Active,55+,,,0,2.33,3.15,3-5 yr
Amiyah,Ramirez,04-03-2021,,Production Technician I,NEL,Full-Time,Zone A,Full-Time,Unk,Production,Field Operations,28-03-1947,MA,Project Manager,Male,65896,White,Divorced,Fully Meets,3,3802,09-01-2023,3,3,5,24-01-2023,Leadership Development,Internal,Passed,1,493.72,AmiyahRamirez,75,Active,55+,,,1,3.67,1.85,1-3 yr
Kai,Holt,10-02-2021,01-01-2022,Production Technician I,PL,Contract,Zone B,Full-Time,Resignation,Production,Field Operations,12-05-1985,MA,Tower Hand,Female,35618,Black,Single,Fully Meets,3,3803,07-12-2022,1,2,5,12-02-2023,Project Management,External,Passed,4,993.68,KaiHolt,37,Terminated,35-44,2022,January,1,2.67,0.89,0-1 yr
Brendon,Wilson,15-05-2019,,Production Technician I,BPC,Full-Time,Zone C,Part-Time,Unk,Production,General - Con,26-09-1978,MA,Lineman,Female,17561,Hispanic,Single,Fully Meets,3,3804,07-03-2023,3,2,2,15-02-2023,Customer Service,External,Incomplete,4,414.55,BrendonWilson,44,Active,35-44,,,0,2.33,3.81,3-5 yr
Nancy,Short,28-04-2022,,Production Technician I,CCDR,Full-Time,Zone B,Part-Time,Unk,Production,General - Con,23-04-1982,MA,Mechanic,Male,13779,Other,Divorced,Fully Meets,3,3805,31-12-2022,2,5,2,31-08-2022,Communication Skills,External,Incomplete,1,391.88,NancyShort,40,Active,35-44,,,0,3,0.68,0-1 yr
Isabella,Wilkins,23-09-2021,01-07-2023,Production Technician I,SVG,Contract,Zone C,Temporary,Resignation,Production,Field Operations,01-09-1974,MA,Groundman,Male,31026,Other,Married,Fully Meets,3,3806,13-03-2023,4,1,5,09-09-2022,Customer Service,External,Passed,4,600.64,IsabellaWilkins,48,Terminated,45-54,2023,July,1,3.33,1.77,1-3 yr
Mayra,Moss,15-09-2021,10-11-2021,Production Technician I,EW,Contract,Zone C,Temporary,Resignation,Production,Project Management - Con,16-05-1964,MA,Manager,Male,84074,Asian,Single,Fully Meets,3,3807,17-08-2022,4,5,4,26-03-2023,Communication Skills,External,Passed,1,997.74,MayraMoss,58,Terminated,55+,2021,November,1,4.33,0.15,0-1 yr
Maria,Gonzalez,27-04-2019,20-03-2020,IT Support,PYZ,Contract,Zone B,Full-Time,Resignation,IT/IS,General - Sga,16-01-1948,MA,Administrator,Female,2472,White,Widowed,Fully Meets,3,3808,27-01-2023,5,4,4,25-01-2023,Technical Skills,External,Passed,4,254.26,MariaGonzalez,75,Terminated,55+,2020,March,1,4.33,0.9,0-1 yr
Jumil,Turpin,06-10-2019,23-08-2020,Network Engineer,TNS,Part-Time,Zone B,Part-Time,Resignation,IT/IS,Field Operations,20-01-2001,MA,Foreman,Male,2343,Hispanic,Single,Fully Meets,3,3809,04-09-2022,3,1,5,21-10-2022,Technical Skills,External,Incomplete,3,786.62,JumilTurpin,21,Terminated,<25,2020,August,0,3,0.88,0-1 yr
Ann,Daniele,16-02-2020,,Sr. Network Engineer,PL,Full-Time,Zone A,Temporary,Unk,IT/IS,General - Sga,10-10-1959,CT,Administrator,Female,6033,Black,Single,Fully Meets,3,3810,22-12-2022,3,3,1,21-12-2022,Communication Skills,External,Completed,3,189.7,AnnDaniele,63,Active,55+,,,1,2.33,2.85,1-3 yr
Joe,South,14-05-2022,21-10-2022,Sr. Network Engineer,PL,Part-Time,Zone B,Temporary,Involuntary,IT/IS,Fielders,11-03-1958,CT,Engineer,Male,6278,Hispanic,Widowed,Fully Meets,3,3811,18-05-2023,1,1,1,15-05-2023,Technical Skills,External,Completed,2,484.02,JoeSouth,65,Terminated,55+,2022,October,1,1,0.44,0-1 yr
Sarah,Warfield,13-02-2019,06-08-2020,Sr. Network Engineer,BPC,Contract,Zone B,Full-Time,Resignation,IT/IS,General - Eng,24-05-1985,MA,Administrative,Female,2453,Hispanic,Single,Fully Meets,3,3812,11-01-2023,3,3,1,02-06-2023,Communication Skills,Internal,Failed,5,299.74,SarahWarfield,37,Terminated,35-44,2020,August,0,2.33,1.48,1-3 yr
Alejandro,Bacong,24-08-2022,,IT Support,SVG,Part-Time,Zone A,Part-Time,Unk,IT/IS,Engineers,25-02-1955,MA,Engineer,Male,1886,Hispanic,Widowed,Fully Meets,3,3813,06-06-2023,2,3,4,21-07-2023,Technical Skills,Internal,Failed,1,169.79,AlejandroBacong,68,Active,55+,,,0,3,0.78,0-1 yr
Jyoti,Lajiri,07-01-2019,05-09-2020,Sr. Network Engineer,EW,Part-Time,Zone C,Full-Time,Retirement,IT/IS,Engineers,17-04-1955,MA,Coordinator,Male,2169,Black,Widowed,Fully Meets,3,3814,08-07-2023,4,1,2,09-07-2023,Communication Skills,Internal,Failed,5,655.68,JyotiLajiri,68,Terminated,55+,2020,September,0,2.33,1.66,1-3 yr
Neville,Tredinnick,26-03-2021,,Network Engineer,SVG,Contract,Zone C,Part-Time,Unk,IT/IS,Project Management - Con,26-05-1984,MA,Coordinator,Male,1420,White,Divorced,Fully Meets,3,3815,23-02-2023,1,5,3,05-02-2023,Project Management,Internal,Failed,1,910.09,NevilleTredinnick,38,Active,35-44,,,0,3,1.91,1-3 yr
Anthony,Cisco,01-05-2021,,IT Support,WBL,Full-Time,Zone A,Temporary,Unk,IT/IS,Field Operations,10-08-1956,MA,Technician,Male,2135,Hispanic,Single,Fully Meets,3,3816,26-12-2022,1,1,5,20-12-2022,Communication Skills,External,Passed,5,912.1,AnthonyCisco,66,Active,55+,,,1,2.33,1.65,1-3 yr
Linda,Dolan,10-10-2021,21-01-2023,IT Support,CCDR,Part-Time,Zone A,Full-Time,Resignation,IT/IS,General - Con,01-01-1978,MA,Technician,Female,2119,Black,Single,Needs Improvement,3,3817,24-06-2023,3,3,1,07-03-2023,Customer Service,Internal,Incomplete,4,456.65,LindaDolan,45,Terminated,45-54,2023,January,0,2.33,1.28,1-3 yr
Carlos,Merlos,02-01-2020,03-04-2022,Network Engineer,CCDR,Part-Time,Zone A,Part-Time,Voluntary,IT/IS,Wireless,15-06-1950,MA,Technician,Male,2138,Asian,Single,Fully Meets,3,3818,28-01-2023,1,1,3,07-11-2022,Leadership Development,External,Incomplete,4,313.5,CarlosMerlos,72,Terminated,55+,2022,April,0,1.67,2.25,1-3 yr
Tanya,Morway,20-01-2020,,Network Engineer,MSC,Full-Time,Zone B,Part-Time,Unk,IT/IS,Aerial,26-11-1957,MA,Foreman,Female,2048,Asian,Single,Fully Meets,3,3819,01-07-2023,4,1,1,29-12-2022,Leadership Development,Internal,Incomplete,3,906.45,TanyaMorway,65,Active,55+,,,0,2,3.44,3-5 yr
Anita,Shepard,11-08-2018,21-05-2021,Network Engineer,EW,Contract,Zone C,Full-Time,Voluntary,IT/IS,General - Con,29-09-1976,MA,Foreman,Female,1773,Other,Divorced,Fully Meets,3,3820,26-07-2023,1,3,4,19-08-2022,Project Management,External,Incomplete,2,333.8,AnitaShepard,46,Terminated,45-54,2021,May,0,2.67,2.78,1-3 yr
Jeremiah,Semizoglou,18-12-2021,,Sr. Network Engineer,TNS,Contract,Zone A,Temporary,Unk,IT/IS,Field Operations,03-04-1981,MA,Manager,Male,1545,White,Single,Fully Meets,3,3821,05-12-2022,5,4,4,30-11-2022,Project Management,External,Passed,2,866.63,JeremiahSemizoglou,41,Active,35-44,,,1,4.33,0.96,0-1 yr
Katrina,Lambert,24-09-2019,04-04-2022,Network Engineer,WBL,Full-Time,Zone B,Part-Time,Retirement,Executive Office,General - Con,18-09-1975,MA,Technician,Male,56727,Hispanic,Divorced,Fully Meets,3,3822,23-03-2023,4,4,5,08-12-2022,Technical Skills,Internal,Incomplete,5,357.58,KatrinaLambert,47,Terminated,45-54,2022,April,0,4.33,2.53,1-3 yr
Alexzander,Pope,17-10-2022,26-06-2023,Network Engineer,TNS,Full-Time,Zone A,Temporary,Involuntary,Executive Office,Shop (Fleet),24-08-1987,MA,Supervisor,Male,12469,White,Single,Needs Improvement,3,3823,16-11-2022,5,4,1,21-09-2022,Communication Skills,External,Completed,4,516.9,AlexzanderPope,35,Terminated,35-44,2023,June,1,3.33,0.69,0-1 yr
Derek,Holmes,07-01-2020,,IT Support,SVG,Contract,Zone C,Full-Time,Unk,IT/IS,General - Sga,21-11-1948,MA,Administrator,Male,83312,Black,Single,Fully Meets,3,3824,13-02-2023,4,4,5,18-10-2022,Leadership Development,Internal,Completed,5,200.23,DerekHolmes,74,Active,55+,,,1,4.33,3.1,3-5 yr
Danika,Deleon,05-11-2022,,IT Support,PYZ,Full-Time,Zone A,Part-Time,Unk,IT/IS,Field Operations,23-05-1998,MA,Tower Hand,Male,97413,Black,Married,Fully Meets,3,3825,22-12-2022,4,4,2,24-09-2022,Leadership Development,Internal,Completed,1,728.77,DanikaDeleon,24,Active,<25,,,1,3.33,0.13,0-1 yr
Sabrina,Durham,26-04-2023,03-06-2023,IT Support,PL,Part-Time,Zone B,Full-Time,Resignation,IT/IS,Field Operations,11-04-2001,MA,Laborer,Male,21759,Asian,Divorced,Fully Meets,3,3826,17-11-2022,2,1,3,21-11-2022,Communication Skills,Internal,Completed,4,286.12,SabrinaDurham,21,Terminated,<25,2023,June,1,2,0.1,0-1 yr
Frankie,Carrillo,29-05-2019,,IT Support,NEL,Part-Time,Zone B,Part-Time,Unk,IT/IS,General - Eng,24-09-1992,MA,Engineer,Male,79707,Asian,Widowed,Fully Meets,3,3827,25-12-2022,3,3,4,01-02-2023,Communication Skills,Internal,Failed,5,997.15,FrankieCarrillo,30,Active,25-34,,,0,3.33,3.58,3-5 yr
Quintin,Solomon,12-09-2019,,Sr. Network Engineer,PL,Part-Time,Zone A,Full-Time,Unk,IT/IS,Aerial,28-10-1990,MA,Lineman,Male,84152,Black,Divorced,Fully Meets,3,3828,21-02-2023,2,5,1,13-06-2023,Leadership Development,External,Failed,2,984.63,QuintinSolomon,32,Active,25-34,,,0,2.67,3.44,3-5 yr
Jaqueline,Pittman,27-01-2019,26-02-2021,Sr. Network Engineer,BPC,Part-Time,Zone C,Full-Time,Resignation,IT/IS,Project Management - Con,12-03-1956,MA,Manager,Male,55408,Other,Married,Exceeds,3,3829,30-10-2022,3,2,1,24-10-2022,Project Management,External,Incomplete,5,233.67,JaquelinePittman,66,Terminated,55+,2021,February,0,2,2.08,1-3 yr
Mariana,Glass,20-08-2019,,Principal Data Architect,CCDR,Part-Time,Zone C,Temporary,Unk,IT/IS,Field Operations,30-05-1947,CT,Tower Hand,Male,89892,White,Widowed,PIP,3,3830,28-12-2022,1,1,3,15-03-2023,Technical Skills,Internal,Completed,3,142.42,MarianaGlass,75,Active,55+,,,1,1.67,3.36,3-5 yr
Payton,Cross,14-09-2018,,Enterprise Architect,SVG,Part-Time,Zone C,Part-Time,Unk,IT/IS,Field Operations,07-03-1950,CT,Laborer,Female,16260,Hispanic,Divorced,Needs Improvement,3,3831,19-05-2023,3,2,5,22-03-2023,Project Management,Internal,Failed,2,784.73,PaytonCross,73,Active,55+,,,0,3.33,4.68,3-5 yr
Sloane,Rasmussen,02-08-2021,29-09-2022,Sr. DBA,EW,Full-Time,Zone B,Part-Time,Resignation,IT/IS,Project Management - Eng,07-09-1964,MA,Planner,Female,96097,Hispanic,Widowed,PIP,3,3832,03-11-2022,1,4,5,10-01-2023,Leadership Development,Internal,Incomplete,4,770.38,SloaneRasmussen,58,Terminated,55+,2022,September,0,3.33,1.16,1-3 yr
Elise,Vazquez,26-01-2022,02-11-2022,Network Engineer,PYZ,Full-Time,Zone A,Part-Time,Retirement,Executive Office,Field Operations,12-05-1953,MA,Top Hand,Male,21738,Asian,Single,PIP,3,3833,04-02-2023,3,5,2,23-06-2023,Leadership Development,External,Completed,2,409.16,EliseVazquez,69,Terminated,55+,2022,November,1,3.33,0.77,0-1 yr
Monique,Pierce,10-05-2019,05-08-2021,Network Engineer,WBL,Contract,Zone C,Part-Time,Involuntary,Executive Office,Field Operations,11-07-1961,MA,Technician,Male,40039,Hispanic,Married,Fully Meets,3,3834,25-01-2023,3,5,5,04-01-2023,Technical Skills,External,Passed,1,700.53,MoniquePierce,61,Terminated,55+,2021,August,1,4.33,2.24,1-3 yr
Axel,Higgins,02-01-2019,06-12-2022,IT Support,NEL,Part-Time,Zone B,Part-Time,Resignation,IT/IS,Yard (Material Handling),11-10-1993,MA,Associate,Male,45952,Hispanic,Divorced,Fully Meets,3,3835,01-10-2022,5,3,1,05-11-2022,Customer Service,External,Failed,3,439.63,AxelHiggins,28,Terminated,25-34,2022,December,0,3,3.93,3-5 yr
Marcos,Petty,13-08-2021,,IT Support,PL,Contract,Zone A,Temporary,Unk,IT/IS,General - Con,12-01-1946,MA,Technician,Male,9738,Black,Single,Fully Meets,3,3836,04-03-2023,2,3,5,29-04-2023,Technical Skills,External,Incomplete,3,830.78,MarcosPetty,77,Active,55+,,,0,3.33,1.56,1-3 yr
Mia,Cowan,02-10-2022,13-11-2022,IT Support,BPC,Part-Time,Zone A,Part-Time,Resignation,IT/IS,Finance & Accounting,27-08-1956,MA,Administrative,Male,72879,Other,Single,PIP,3,3837,15-10-2022,5,3,1,22-02-2023,Communication Skills,Internal,Failed,3,320.34,MiaCowan,66,Terminated,55+,2022,November,0,3,0.11,0-1 yr
Tanya,Leonard,17-12-2018,21-04-2021,IT Support,CCDR,Part-Time,Zone A,Full-Time,Voluntary,IT/IS,Field Operations,14-08-1979,MA,Assistant,Female,28364,Asian,Single,PIP,3,3838,05-12-2022,1,1,2,19-04-2023,Communication Skills,Internal,Failed,2,510.23,TanyaLeonard,43,Terminated,35-44,2021,April,0,1.33,2.34,1-3 yr
Dereon,Page,11-10-2021,,Sr. Network Engineer,PL,Contract,Zone B,Part-Time,Unk,IT/IS,General - Con,27-09-2000,MA,Lineman,Male,94433,Hispanic,Divorced,PIP,3,3839,04-04-2023,3,3,4,12-06-2023,Communication Skills,External,Failed,4,403,DereonPage,22,Active,<25,,,0,3.33,1.48,1-3 yr
Meadow,Boyer,01-04-2023,18-05-2023,Sr. Network Engineer,BPC,Part-Time,Zone B,Full-Time,Voluntary,IT/IS,Field Operations,25-10-1969,MA,Foreman,Male,97654,Hispanic,Single,Fully Meets,3,3840,03-02-2023,1,5,4,06-11-2022,Technical Skills,External,Failed,4,170.61,MeadowBoyer,53,Terminated,45-54,2023,May,0,3.33,0.13,0-1 yr
Paris,Simpson,20-03-2021,,Principal Data Architect,CCDR,Full-Time,Zone C,Full-Time,Unk,IT/IS,Wireline Construction,17-06-1970,CT,Laborer,Male,78239,Asian,Single,Fully Meets,3,3841,18-05-2023,5,4,4,24-01-2023,Customer Service,External,Passed,4,872.91,ParisSimpson,52,Active,45-54,,,1,4.33,2.16,1-3 yr
Kyla,Durham,20-08-2020,11-08-2021,Enterprise Architect,SVG,Part-Time,Zone B,Part-Time,Involuntary,IT/IS,Aerial,19-07-1951,MA,Lineman,Female,40402,White,Divorced,Fully Meets,3,3842,31-07-2023,2,5,5,22-09-2022,Project Management,Internal,Completed,5,584.99,KylaDurham,72,Terminated,55+,2021,August,1,4,0.97,0-1 yr
Cassidy,Maddox,16-07-2023,30-07-2023,Sr. DBA,EW,Full-Time,Zone C,Full-Time,Resignation,IT/IS,Engineers,07-02-1977,MA,Engineer,Female,21480,Asian,Single,Fully Meets,3,3843,16-11-2022,3,5,5,04-08-2023,Technical Skills,External,Passed,2,582.09,CassidyMaddox,45,Terminated,45-54,2023,July,1,4.33,0.04,0-1 yr
Edgar,Underwood,10-06-2021,18-08-2022,Network Engineer,PYZ,Part-Time,Zone C,Temporary,Voluntary,Executive Office,General - Con,02-06-1961,MA,Laborer,Male,49677,White,Single,PIP,3,3844,01-02-2023,3,2,5,09-07-2023,Project Management,External,Failed,5,603.67,EdgarUnderwood,61,Terminated,55+,2022,August,0,3.33,1.19,1-3 yr
Jaiden,Underwood,25-08-2019,,Network Engineer,WBL,Contract,Zone A,Full-Time,Unk,Executive Office,Field Operations,10-08-1969,MA,Laborer,Male,69726,Hispanic,Single,PIP,3,3845,05-08-2023,4,5,3,17-08-2022,Project Management,Internal,Passed,5,546.24,JaidenUnderwood,54,Active,45-54,,,1,4,3.95,3-5 yr
Eugene,Potts,04-05-2020,15-05-2023,IT Support,NEL,Contract,Zone C,Full-Time,Retirement,IT/IS,Wireline Construction,10-08-1975,MA,Driver,Male,44664,Asian,Single,Fully Meets,3,3846,27-01-2023,4,5,1,11-04-2023,Leadership Development,Internal,Incomplete,4,607.97,EugenePotts,47,Terminated,45-54,2023,May,0,3.33,3.03,3-5 yr
Gilbert,Klein,24-02-2019,11-06-2020,IT Support,PL,Part-Time,Zone B,Temporary,Retirement,IT/IS,Field Operations,06-09-1998,MA,Laborer,Male,53800,Hispanic,Single,Fully Meets,3,3847,04-10-2022,5,3,1,28-03-2023,Technical Skills,Internal,Completed,4,130.59,GilbertKlein,24,Terminated,<25,2020,June,1,3,1.3,1-3 yr
Nathaly,Huffman,24-09-2019,,IT Support,BPC,Full-Time,Zone C,Temporary,Unk,IT/IS,Field Operations,18-08-1996,MA,Technician,Male,69459,Asian,Married,Fully Meets,3,3848,02-10-2022,5,1,4,18-11-2022,Communication Skills,Internal,Incomplete,2,443.56,NathalyHuffman,26,Active,25-34,,,0,3.33,3.02,3-5 yr
Nancy,Clay,13-02-2021,,IT Support,CCDR,Contract,Zone A,Part-Time,Unk,IT/IS,General - Con,21-01-1979,MA,Foreman,Female,78801,White,Widowed,Fully Meets,3,3849,07-09-2022,3,3,1,15-03-2023,Leadership Development,External,Passed,3,436.47,NancyClay,43,Active,35-44,,,1,2.33,1.56,1-3 yr
Kylie,Cantrell,05-01-2020,25-04-2022,Sr. Network Engineer,MSC,Part-Time,Zone B,Temporary,Voluntary,IT/IS,Yard (Material Handling),17-08-1953,MA,Administration,Male,77264,Hispanic,Single,Fully Meets,3,3850,15-10-2022,1,3,5,01-11-2022,Communication Skills,Internal,Completed,1,355.75,KylieCantrell,69,Terminated,55+,2022,April,1,3,2.3,1-3 yr
Vance,Marquez,18-01-2019,30-03-2020,Sr. Network Engineer,NEL,Contract,Zone C,Temporary,Resignation,IT/IS,Executive,07-07-1994,CT,Manager,Male,38058,Black,Married,PIP,3,3851,27-08-2022,5,2,1,21-01-2023,Project Management,Internal,Failed,3,982.51,VanceMarquez,28,Terminated,25-34,2020,March,0,2.67,1.2,1-3 yr
Dante,Wyatt,01-03-2019,25-09-2021,Principal Data Architect,PL,Part-Time,Zone A,Temporary,Retirement,IT/IS,Field Operations,10-09-1987,CT,Laborer,Female,34011,White,Widowed,PIP,3,3852,30-05-2023,5,2,4,28-03-2023,Technical Skills,External,Completed,3,372.76,DanteWyatt,35,Terminated,35-44,2021,September,1,3.67,2.57,1-3 yr
Rey,Monroe,14-08-2021,05-11-2022,Enterprise Architect,PYZ,Full-Time,Zone A,Temporary,Resignation,IT/IS,General - Con,18-07-1983,MA,Operator,Female,56198,Asian,Single,Fully Meets,3,3853,04-02-2023,1,3,3,06-10-2022,Leadership Development,External,Failed,3,348.22,ReyMonroe,39,Terminated,35-44,2022,November,0,2.33,1.23,1-3 yr
Jayden,Mckee,06-06-2019,05-09-2019,Network Engineer,WBL,Part-Time,Zone B,Temporary,Retirement,Executive Office,Technology / It,24-01-1942,MA,Manager,Male,72343,Black,Single,Fully Meets,3,3854,18-07-2023,5,2,5,17-10-2022,Communication Skills,External,Incomplete,5,913.62,JaydenMckee,81,Terminated,55+,2019,September,0,4,0.25,0-1 yr
Brady,Yoder,25-05-2021,13-08-2022,Network Engineer,WBL,Part-Time,Zone B,Part-Time,Retirement,Executive Office,People Services,01-10-1999,MA,Accountant,Male,77314,Other,Widowed,Fully Meets,3,3855,24-04-2023,5,3,4,02-10-2022,Communication Skills,External,Passed,1,157.94,BradyYoder,23,Terminated,<25,2022,August,1,4,1.22,1-3 yr
Darwin,Allen,17-03-2023,12-06-2023,Network Engineer,TNS,Part-Time,Zone C,Part-Time,Involuntary,Executive Office,Wireline Construction,17-05-1994,MA,Groundman,Male,57170,Other,Divorced,PIP,3,3856,17-01-2023,5,1,4,12-07-2023,Technical Skills,External,Completed,4,527.6,DarwinAllen,28,Terminated,25-34,2023,June,1,3.33,0.24,0-1 yr
Jasper,Harrison,02-10-2022,11-10-2022,IT Support,SVG,Contract,Zone B,Temporary,Voluntary,IT/IS,Fielders,24-05-1963,MA,Engineer,Male,18837,Black,Widowed,PIP,3,3857,18-09-2022,1,1,2,24-07-2023,Leadership Development,External,Completed,1,601.2,JasperHarrison,59,Terminated,55+,2022,October,1,1.33,0.02,0-1 yr
Bailey,Humphrey,22-01-2022,,IT Support,PYZ,Full-Time,Zone B,Full-Time,Unk,IT/IS,Engineers,02-07-1951,MA,Technician,Male,90580,Other,Married,Fully Meets,3,3858,07-05-2023,3,3,1,13-06-2023,Project Management,External,Failed,4,478.88,BaileyHumphrey,71,Active,55+,,,0,2.33,1.29,1-3 yr
Clare,English,29-11-2019,18-08-2022,IT Support,PL,Full-Time,Zone B,Part-Time,Voluntary,IT/IS,Fielders,20-04-1992,MA,Engineer,Female,70282,Hispanic,Married,PIP,3,3859,02-08-2023,1,2,5,05-06-2023,Communication Skills,External,Completed,1,838.69,ClareEnglish,31,Terminated,25-34,2022,August,1,2.67,2.72,1-3 yr
Amy,Sherman,01-07-2020,22-09-2022,IT Support,NEL,Contract,Zone B,Temporary,Resignation,IT/IS,Catv,04-01-1996,MA,Lineman,Female,86329,Asian,Single,Fully Meets,3,3860,26-06-2023,2,4,3,10-10-2022,Technical Skills,Internal,Completed,4,389.63,AmySherman,27,Terminated,25-34,2022,September,1,3,2.23,1-3 yr
Lizbeth,Hunt,24-03-2022,,Sr. Network Engineer,PL,Full-Time,Zone C,Part-Time,Unk,IT/IS,General - Con,25-02-1965,MA,Flagger,Male,70757,Other,Widowed,PIP,3,3861,19-07-2023,3,1,5,29-04-2023,Project Management,Internal,Passed,1,911.36,LizbethHunt,58,Active,55+,,,1,3,1.32,1-3 yr
Eden,Armstrong,13-05-2019,06-06-2023,Sr. Network Engineer,BPC,Part-Time,Zone B,Temporary,Involuntary,IT/IS,Project Management - Con,05-05-1989,CT,Engineer,Male,58224,White,Married,PIP,3,3862,08-01-2023,3,1,3,22-09-2022,Communication Skills,Internal,Passed,3,603.03,EdenArmstrong,33,Terminated,25-34,2023,June,1,2.33,4.07,3-5 yr
Eugene,Mueller,07-06-2019,,Principal Data Architect,CCDR,Contract,Zone A,Temporary,Unk,IT/IS,Aerial,19-03-1972,MA,Technician,Female,38413,Other,Single,PIP,3,3863,23-11-2022,4,2,1,16-09-2022,Leadership Development,Internal,Incomplete,5,274.98,EugeneMueller,50,Active,45-54,,,0,2.33,3.46,3-5 yr
Tiffany,Washington,05-12-2022,13-06-2023,Enterprise Architect,SVG,Contract,Zone A,Full-Time,Resignation,IT/IS,Aerial,27-04-1969,MA,Laborer,Female,32977,Other,Married,Needs Improvement,3,3864,11-11-2022,3,4,2,02-11-2022,Leadership Development,External,Incomplete,4,976.03,TiffanyWashington,53,Terminated,45-54,2023,June,0,3,0.52,0-1 yr
Sloane,Moss,29-09-2020,22-10-2021,Network Engineer,MSC,Part-Time,Zone C,Temporary,Involuntary,Production,Sales & Marketing,03-10-1963,MA,Vp,Male,9209,Asian,Single,Needs Improvement,3,3865,26-05-2023,1,4,3,03-11-2022,Project Management,External,Completed,2,399.26,SloaneMoss,59,Terminated,55+,2021,October,1,2.67,1.06,1-3 yr
Kaeden,Vargas,04-09-2020,17-04-2021,Network Engineer,TNS,Contract,Zone A,Full-Time,Retirement,Executive Office,Field Operations,09-11-1959,MA,Technician,Male,58737,Other,Divorced,Fully Meets,3,3866,16-09-2022,2,1,5,04-12-2022,Customer Service,Internal,Incomplete,4,993.08,KaedenVargas,62,Terminated,55+,2021,April,0,2.67,0.62,0-1 yr
Lena,Sandoval,26-08-2018,,Network Engineer,PYZ,Part-Time,Zone B,Full-Time,Unk,Executive Office,Catv,21-10-1986,MA,Clerk,Male,5363,Other,Widowed,Fully Meets,3,3867,31-10-2022,5,3,3,07-09-2022,Communication Skills,External,Failed,4,540.57,LenaSandoval,36,Active,35-44,,,0,3.67,4.18,3-5 yr
Adrien,Olsen,17-08-2019,,Network Engineer,WBL,Contract,Zone A,Part-Time,Unk,IT/IS,Finance & Accounting,23-03-2000,MA,Administrative,Male,51175,Hispanic,Widowed,Fully Meets,3,3868,16-09-2022,3,1,2,27-09-2022,Project Management,Internal,Completed,3,272.58,AdrienOlsen,22,Active,<25,,,1,2,3.08,3-5 yr
Damari,Brewer,25-09-2019,07-02-2020,IT Support,NEL,Full-Time,Zone A,Temporary,Voluntary,IT/IS,Field Operations,10-06-1977,MA,Drafter,Male,49132,Hispanic,Divorced,Fully Meets,3,3869,07-01-2023,1,4,2,19-03-2023,Project Management,External,Completed,2,905.51,DamariBrewer,45,Terminated,45-54,2020,February,1,2.33,0.37,0-1 yr
Annalise,Gross,11-03-2023,11-03-2023,IT Support,PL,Contract,Zone B,Temporary,Resignation,IT/IS,Project Management - Con,23-11-1966,MA,Laborer,Male,64853,Asian,Single,Fully Meets,3,3870,13-02-2023,1,5,1,10-03-2023,Technical Skills,External,Completed,1,919.25,AnnaliseGross,56,Terminated,55+,2023,March,1,2.33,0,0-1 yr
Kamari,Mcgrath,15-12-2022,,IT Support,BPC,Full-Time,Zone B,Full-Time,Unk,IT/IS,General - Con,05-06-1971,MA,Lineman,Female,39859,White,Widowed,Fully Meets,3,3871,15-07-2023,4,5,2,15-04-2023,Technical Skills,External,Completed,5,979.98,KamariMcgrath,52,Active,45-54,,,1,3.67,0.58,0-1 yr
Lorena,Rice,10-08-2018,08-02-2021,IT Support,CCDR,Contract,Zone B,Part-Time,Resignation,IT/IS,Engineers,08-01-1966,MA,Director,Female,48135,Asian,Single,Fully Meets,3,3872,15-08-2022,5,5,3,26-02-2023,Communication Skills,Internal,Completed,3,499.86,LorenaRice,56,Terminated,55+,2021,February,1,4.33,2.5,1-3 yr
Eliezer,Stokes,04-03-2022,22-06-2023,Sr. Network Engineer,NEL,Full-Time,Zone B,Part-Time,Resignation,IT/IS,Executive,27-10-1972,MA,General Manager,Male,41066,Hispanic,Widowed,Fully Meets,3,3873,25-03-2023,3,4,5,10-03-2023,Project Management,Internal,Completed,3,598.22,EliezerStokes,50,Terminated,45-54,2023,June,1,4,1.3,1-3 yr
Aspen,Reyes,02-06-2020,,Sr. Network Engineer,PL,Part-Time,Zone C,Part-Time,Unk,IT/IS,General - Con,22-10-1997,CT,Laborer,Male,28613,Hispanic,Married,Fully Meets,3,3874,01-10-2022,4,4,5,03-10-2022,Project Management,External,Passed,2,421.93,AspenReyes,24,Active,<25,,,1,4.33,2.33,1-3 yr
Rudy,Richardson,29-06-2021,,Sr. Network Engineer,BPC,Contract,Zone A,Temporary,Unk,IT/IS,Underground,23-08-1969,CT,Laborer,Male,81215,Asian,Divorced,Fully Meets,3,3875,02-02-2023,5,5,1,10-06-2023,Leadership Development,External,Incomplete,2,860.22,RudyRichardson,53,Active,45-54,,,0,3.67,1.6,1-3 yr
Alana,Castro,24-10-2021,,Principal Data Architect,CCDR,Contract,Zone C,Temporary,Unk,IT/IS,General - Con,30-05-1954,MA,Lineman,Female,70578,Hispanic,Single,PIP,3,3876,07-11-2022,3,2,5,10-11-2022,Leadership Development,External,Failed,1,946.23,AlanaCastro,68,Active,55+,,,0,3.33,1.04,1-3 yr
Oscar,Lopez,22-10-2018,07-04-2020,Network Engineer,MSC,Part-Time,Zone A,Full-Time,Resignation,Executive Office,General - Con,21-01-1976,MA,Lineman,Male,81607,Asian,Single,PIP,3,3877,30-06-2023,3,3,4,04-06-2023,Communication Skills,External,Passed,1,888.55,OscarLopez,47,Terminated,45-54,2020,April,1,3.33,1.46,1-3 yr
Carter,Cook,08-09-2018,23-08-2021,Network Engineer,TNS,Contract,Zone B,Part-Time,Voluntary,Executive Office,Engineers,18-02-1967,MA,Engineer,Male,69536,Other,Divorced,Fully Meets,3,3878,23-02-2023,4,4,1,28-12-2022,Customer Service,Internal,Passed,5,749.69,CarterCook,56,Terminated,55+,2021,August,1,3,2.96,1-3 yr
Liam,Hanna,08-02-2019,24-02-2023,Network Engineer,PYZ,Full-Time,Zone C,Part-Time,Involuntary,IT/IS,Field Operations,13-01-1996,MA,Clerk,Male,16655,Hispanic,Married,Fully Meets,3,3879,22-12-2022,1,5,2,11-04-2023,Project Management,Internal,Incomplete,2,613.95,LiamHanna,26,Terminated,25-34,2023,February,0,2.67,4.04,3-5 yr
Zara,Pitts,29-03-2021,27-06-2021,Network Engineer,WBL,Part-Time,Zone B,Temporary,Voluntary,IT/IS,General - Con,15-05-1973,MA,Clerical,Male,73726,Black,Single,Fully Meets,3,3880,18-09-2022,4,3,1,25-09-2022,Communication Skills,Internal,Completed,3,934.92,ZaraPitts,49,Terminated,45-54,2021,June,1,2.67,0.25,0-1 yr
Abby,Woodward,19-06-2019,,IT Support,NEL,Part-Time,Zone B,Part-Time,Unk,IT/IS,Field Operations,12-11-1992,MA,Laborer,Male,14181,Other,Divorced,Fully Meets,3,3881,20-10-2022,5,3,5,25-10-2022,Project Management,External,Failed,3,170.61,AbbyWoodward,29,Active,25-34,,,0,4.33,3.34,3-5 yr
Litzy,Esparza,30-01-2019,,IT Support,PL,Contract,Zone C,Part-Time,Unk,IT/IS,Wireless,15-02-1946,MA,Operator,Female,14438,Asian,Married,Fully Meets,3,3882,19-09-2022,5,3,3,02-06-2023,Customer Service,Internal,Completed,2,654.09,LitzyEsparza,76,Active,55+,,,1,3.67,3.64,3-5 yr
Noemi,Brewer,06-05-2022,26-09-2022,IT Support,BPC,Contract,Zone B,Full-Time,Involuntary,IT/IS,Field Operations,16-06-1991,MA,Administrator,Female,11294,White,Widowed,Fully Meets,3,3883,13-03-2023,2,2,1,05-07-2023,Communication Skills,Internal,Incomplete,2,842.6,NoemiBrewer,31,Terminated,25-34,2022,September,0,1.67,0.39,0-1 yr
Gilberto,Macdonald,02-02-2019,,IT Support,CCDR,Full-Time,Zone B,Temporary,Unk,IT/IS,Engineers,27-04-1987,MA,Engineer,Female,96985,Black,Widowed,Fully Meets,3,3884,30-07-2023,4,2,3,17-09-2022,Customer Service,External,Passed,1,789.88,GilbertoMacdonald,36,Active,35-44,,,1,3,4.49,3-5 yr
Armando,Macias,08-12-2021,,Sr. Network Engineer,EW,Full-Time,Zone B,Part-Time,Unk,IT/IS,Engineers,21-10-1948,CT,Engineer,Female,93436,Black,Single,Fully Meets,3,3885,30-07-2023,5,5,5,19-08-2022,Communication Skills,External,Failed,2,324.81,ArmandoMacias,74,Active,55+,,,0,5,1.64,1-3 yr
Britney,Kelly,12-10-2018,,Sr. Network Engineer,MSC,Part-Time,Zone B,Temporary,Unk,IT/IS,Wireless,06-12-1977,CT,Technician,Male,42646,Other,Single,Fully Meets,3,3886,30-08-2022,5,2,5,28-11-2022,Technical Skills,External,Passed,4,298.1,BritneyKelly,44,Active,35-44,,,1,4,3.88,3-5 yr
Emanuel,Haas,22-04-2022,15-05-2023,Sr. Network Engineer,NEL,Contract,Zone B,Temporary,Retirement,IT/IS,General - Con,24-06-1954,CT,Flagger,Male,54502,White,Divorced,Exceeds,3,3887,04-11-2022,2,3,5,25-07-2023,Communication Skills,External,Failed,1,181.23,EmanuelHaas,68,Terminated,55+,2023,May,0,3.33,1.06,1-3 yr
Karlie,Drake,05-09-2021,08-07-2022,Principal Data Architect,PL,Full-Time,Zone B,Full-Time,Retirement,IT/IS,Engineers,20-06-1987,MA,Engineer,Female,88391,Other,Divorced,Fully Meets,3,3888,02-05-2023,3,1,4,21-12-2022,Project Management,Internal,Completed,4,287.18,KarlieDrake,35,Terminated,35-44,2022,July,1,2.67,0.84,0-1 yr
Myla,Mullen,05-09-2022,30-10-2022,Network Engineer,TNS,Contract,Zone B,Part-Time,Resignation,Executive Office,General - Con,15-10-1982,MA,Foreman,Male,26421,Black,Single,Fully Meets,3,3889,26-01-2023,2,1,1,02-08-2023,Technical Skills,External,Incomplete,1,292.8,MylaMullen,40,Terminated,35-44,2022,October,0,1.33,0.15,0-1 yr
Alan,Holland,19-07-2022,25-04-2023,Network Engineer,WBL,Full-Time,Zone B,Temporary,Resignation,IT/IS,General - Con,20-08-1999,MA,Foreman,Male,85660,Asian,Divorced,Fully Meets,3,3890,24-10-2022,2,3,3,08-01-2023,Project Management,External,Completed,4,596.62,AlanHolland,23,Terminated,<25,2023,April,1,2.67,0.77,0-1 yr
Brooklynn,Greene,26-05-2022,,Network Engineer,BPC,Full-Time,Zone C,Temporary,Unk,IT/IS,Engineers,04-07-1960,MA,Engineer,Male,60107,Other,Single,Fully Meets,3,3891,06-07-2023,3,2,2,08-04-2023,Leadership Development,External,Passed,5,774.74,BrooklynnGreene,63,Active,55+,,,1,2.33,1.11,1-3 yr
Maxwell,Mcpherson,31-10-2022,,Network Engineer,CCDR,Full-Time,Zone A,Full-Time,Unk,IT/IS,Engineers,01-04-1978,MA,Principal,Male,60831,Hispanic,Divorced,Fully Meets,3,3892,11-07-2023,5,4,2,10-10-2022,Technical Skills,External,Completed,5,894.59,MaxwellMcpherson,45,Active,45-54,,,1,3.67,0.69,0-1 yr
Lukas,Freeman,22-03-2023,28-07-2023,IT Support,EW,Full-Time,Zone B,Part-Time,Involuntary,IT/IS,General - Con,15-04-1953,MA,Laborer,Female,68298,Asian,Married,Fully Meets,3,3893,26-01-2023,3,1,2,16-09-2022,Leadership Development,External,Failed,1,242.36,LukasFreeman,69,Terminated,55+,2023,July,0,2,0.35,0-1 yr
Yesenia,Nielsen,29-05-2023,,IT Support,MSC,Full-Time,Zone A,Full-Time,Unk,IT/IS,Aerial,02-03-1959,MA,Lineman,Female,72913,Black,Married,Fully Meets,3,3894,14-08-2022,4,3,5,02-12-2022,Leadership Development,External,Failed,4,533.27,YeseniaNielsen,63,Active,55+,,,0,4,-0.79,
Myah,Marsh,23-02-2020,08-09-2021,IT Support,NEL,Full-Time,Zone C,Full-Time,Retirement,IT/IS,Splicing,16-05-1943,MA,Tester,Female,3137,Other,Single,Fully Meets,3,3895,16-07-2023,2,1,2,22-04-2023,Technical Skills,External,Completed,1,983.77,MyahMarsh,80,Terminated,55+,2021,September,1,1.67,1.54,1-3 yr
Korbin,Gilbert,13-08-2019,10-07-2022,IT Support,PL,Part-Time,Zone B,Temporary,Involuntary,IT/IS,Engineers,20-11-1980,MA,Project Manager,Female,2618,Other,Widowed,Fully Meets,3,3896,14-02-2023,5,3,1,06-04-2023,Technical Skills,Internal,Passed,4,293.64,KorbinGilbert,42,Terminated,35-44,2022,July,1,3,2.91,1-3 yr
Jenna,Maddox,25-03-2019,13-09-2021,Sr. Network Engineer,NEL,Part-Time,Zone A,Part-Time,Retirement,IT/IS,Aerial,31-03-1956,CT,Project Manager,Female,84396,Black,Married,Fully Meets,3,3897,28-02-2023,5,4,3,04-08-2023,Technical Skills,Internal,Incomplete,3,380.61,JennaMaddox,66,Terminated,55+,2021,September,0,4,2.47,1-3 yr
Anaya,Preston,14-12-2018,11-02-2023,Sr. Network Engineer,PL,Part-Time,Zone C,Temporary,Retirement,IT/IS,General - Con,11-07-1948,CT,Lineman,Male,83611,Asian,Single,Fully Meets,3,3898,04-11-2022,4,5,1,21-11-2022,Technical Skills,Internal,Failed,4,942.24,AnayaPreston,74,Terminated,55+,2023,February,0,3.33,4.16,3-5 yr
Eugene,Pena,07-03-2021,31-08-2021,Sr. Network Engineer,BPC,Contract,Zone B,Part-Time,Resignation,IT/IS,Engineers,22-06-1943,CT,Engineer,Female,88656,Other,Divorced,Fully Meets,3,3899,04-02-2023,4,5,4,23-09-2022,Customer Service,Internal,Failed,2,662.56,EugenePena,79,Terminated,55+,2021,August,0,4.33,0.48,0-1 yr
Abel,Baker,16-06-2023,,Principal Data Architect,CCDR,Contract,Zone C,Full-Time,Unk,IT/IS,Field Operations,26-09-1995,MA,Field Technician,Female,79249,Asian,Single,Fully Meets,3,3900,09-03-2023,5,2,1,02-05-2023,Technical Skills,Internal,Passed,5,143.21,AbelBaker,27,Active,25-34,,,1,2.67,-0.27,
Deven,Merritt,18-06-2021,,Network Engineer,EW,Part-Time,Zone A,Temporary,Unk,Executive Office,Project Management - Eng,05-02-1988,MA,Project Manager,Male,3921,Hispanic,Single,Fully Meets,3,3901,10-07-2023,1,2,5,11-05-2023,Customer Service,External,Failed,1,876.73,DevenMerritt,35,Active,35-44,,,0,2.67,2.06,1-3 yr
Hadassah,Moran,22-05-2023,16-06-2023,Network Engineer,MSC,Contract,Zone B,Temporary,Resignation,Executive Office,Wireline Construction,02-06-1964,MA,Groundman,Male,84876,Black,Single,Fully Meets,3,3902,02-02-2023,3,1,1,11-01-2023,Leadership Development,External,Failed,4,768.05,HadassahMoran,58,Terminated,55+,2023,June,0,1.67,0.07,0-1 yr
Hezekiah,Thompson,14-05-2019,,Network Engineer,TNS,Full-Time,Zone A,Full-Time,Unk,IT/IS,Field Operations,21-07-1993,MA,Driver,Male,66324,Hispanic,Single,Fully Meets,3,3903,04-02-2023,1,4,3,01-06-2023,Communication Skills,External,Incomplete,4,153.15,HezekiahThompson,29,Active,25-34,,,0,2.67,3.73,3-5 yr
Quintin,Fry,27-12-2020,,Network Engineer,PYZ,Contract,Zone A,Part-Time,Unk,IT/IS,Engineers,03-03-1970,MA,Engineer,Male,86510,Asian,Widowed,Fully Meets,3,3904,13-09-2022,4,4,1,17-06-2023,Project Management,External,Passed,5,339.73,QuintinFry,52,Active,45-54,,,1,3,1.71,1-3 yr
Alayna,Hess,04-08-2020,04-02-2022,Network Engineer,WBL,Full-Time,Zone A,Full-Time,Involuntary,IT/IS,Billable Consultants,08-06-1958,MA,Engineer,Female,48843,Black,Widowed,Fully Meets,3,3905,12-06-2023,5,5,5,18-12-2022,Project Management,Internal,Failed,3,233.22,AlaynaHess,65,Terminated,55+,2022,February,0,5,1.5,1-3 yr
Amaris,Miller,25-08-2020,,IT Support,NEL,Contract,Zone C,Temporary,Unk,IT/IS,Wireline Construction,05-09-1975,MA,Splicer,Female,70797,Other,Married,Fully Meets,3,3906,18-01-2023,3,2,4,19-02-2023,Project Management,Internal,Completed,2,735.44,AmarisMiller,47,Active,45-54,,,1,3,2.4,1-3 yr
Barrett,Wilcox,24-02-2022,,IT Support,PL,Full-Time,Zone A,Temporary,Unk,IT/IS,Engineers,11-07-1964,MA,Director,Female,6437,White,Married,Fully Meets,3,3907,07-03-2023,3,2,5,06-12-2022,Technical Skills,External,Incomplete,3,281.7,BarrettWilcox,58,Active,55+,,,0,3.33,1.03,1-3 yr
Kimberly,Watson,06-08-2019,21-03-2021,IT Support,BPC,Part-Time,Zone C,Temporary,Resignation,IT/IS,Splicing,11-07-1986,MA,Splicer,Female,92289,Black,Married,Needs Improvement,3,3908,25-12-2022,2,5,3,20-09-2022,Project Management,External,Failed,1,489.69,KimberlyWatson,36,Terminated,35-44,2021,March,0,3.33,1.62,1-3 yr
Rebecca,Park,01-08-2021,24-09-2021,IT Support,CCDR,Part-Time,Zone C,Part-Time,Resignation,IT/IS,General - Eng,26-05-1944,MA,Administrative,Female,58900,Other,Married,Needs Improvement,3,3909,18-05-2023,1,1,2,04-01-2023,Project Management,Internal,Failed,4,436.23,RebeccaPark,79,Terminated,55+,2021,September,0,1.33,0.15,0-1 yr
Caleb,Schneider,13-07-2022,22-01-2023,Sr. Network Engineer,WBL,Part-Time,Zone A,Part-Time,Voluntary,IT/IS,Wireless,22-02-1997,MA,Technician,Female,35673,White,Widowed,Needs Improvement,3,3910,29-11-2022,5,3,4,07-05-2023,Leadership Development,External,Incomplete,5,248.85,CalebSchneider,25,Terminated,25-34,2023,January,0,4,0.53,0-1 yr
Vanessa,James,28-05-2021,,Sr. Network Engineer,NEL,Full-Time,Zone A,Part-Time,Unk,IT/IS,Splicing,29-07-1950,CT,Splicer,Male,68952,White,Widowed,Fully Meets,3,3911,06-06-2023,2,5,4,09-09-2022,Customer Service,External,Failed,5,395.22,VanessaJames,72,Active,55+,,,0,3.67,2.02,1-3 yr
Maribel,Copeland,06-07-2020,18-01-2021,Sr. Network Engineer,PL,Part-Time,Zone C,Full-Time,Involuntary,IT/IS,General - Con,19-05-1968,CT,Foreman,Male,97493,Hispanic,Widowed,Needs Improvement,3,3912,23-07-2023,1,3,4,09-08-2022,Leadership Development,External,Passed,4,615.7,MaribelCopeland,55,Terminated,55+,2021,January,1,2.67,0.54,0-1 yr
Henry,Zimmerman,14-01-2020,08-06-2022,Sr. Network Engineer,BPC,Full-Time,Zone A,Part-Time,Resignation,IT/IS,Project Management - Con,02-06-1942,MA,Purchasing,Female,69903,White,Married,Fully Meets,3,3913,15-09-2022,2,2,5,28-11-2022,Technical Skills,Internal,Failed,4,387.35,HenryZimmerman,80,Terminated,55+,2022,June,0,3,2.4,1-3 yr
Nathanial,Booth,04-02-2020,29-01-2021,Network Engineer,SVG,Contract,Zone C,Temporary,Resignation,Executive Office,Engineers,22-07-1958,MA,Project Manager,Male,9758,Other,Single,Exceeds,3,3914,15-03-2023,3,5,3,24-02-2023,Leadership Development,Internal,Failed,1,559.86,NathanialBooth,64,Terminated,55+,2021,January,0,3.67,0.99,0-1 yr
Rhys,Barry,28-08-2022,,Network Engineer,TNS,Contract,Zone B,Part-Time,Unk,IT/IS,Field Operations,03-05-1991,MA,Foreman,Male,31391,Other,Widowed,Fully Meets,3,3915,01-02-2023,5,3,1,01-04-2023,Leadership Development,External,Completed,2,602.21,RhysBarry,31,Active,25-34,,,1,3,0.43,0-1 yr
Jonas,Rowland,27-06-2022,,Network Engineer,WBL,Part-Time,Zone C,Temporary,Unk,IT/IS,Project Management - Con,25-05-1964,MA,Coordinator,Male,14939,Other,Widowed,Fully Meets,3,3916,22-03-2023,1,3,1,16-03-2023,Communication Skills,External,Passed,4,343.6,JonasRowland,58,Active,55+,,,1,1.67,0.73,0-1 yr
Chris,Vincent,19-12-2019,31-03-2023,Network Engineer,PYZ,Part-Time,Zone C,Full-Time,Retirement,IT/IS,General - Con,11-04-1993,MA,Technician,Female,89635,Black,Widowed,Exceeds,3,3917,24-09-2022,3,1,4,28-03-2023,Project Management,Internal,Failed,3,328.89,ChrisVincent,29,Terminated,25-34,2023,March,0,2.67,3.28,3-5 yr
Myah,Waller,24-09-2020,27-03-2023,Network Engineer,WBL,Contract,Zone A,Full-Time,Voluntary,IT/IS,Field Operations,17-06-1960,MA,Laborer,Female,48262,Asian,Widowed,Fully Meets,3,3918,30-05-2023,3,3,5,10-10-2022,Communication Skills,External,Completed,3,701.83,MyahWaller,62,Terminated,55+,2023,March,1,3.67,2.5,1-3 yr
Yaritza,Sherman,06-07-2023,,IT Support,NEL,Contract,Zone C,Full-Time,Unk,IT/IS,Field Operations,07-10-1944,MA,Tower Hand,Female,42410,Asian,Divorced,Fully Meets,3,3919,02-05-2023,3,3,2,28-07-2023,Customer Service,External,Completed,5,229.03,YaritzaSherman,78,Active,55+,,,1,2.67,-0.18,
Haley,Weaver,11-04-2021,19-12-2022,IT Support,PL,Full-Time,Zone A,Part-Time,Involuntary,IT/IS,Field Operations,04-11-1961,MA,Laborer,Female,62625,Other,Divorced,Fully Meets,3,3920,14-11-2022,2,1,4,04-06-2023,Customer Service,Internal,Failed,3,809.39,HaleyWeaver,61,Terminated,55+,2022,December,0,2.33,1.69,1-3 yr
Alessandra,Lee,12-02-2020,15-07-2022,IT Support,BPC,Contract,Zone A,Part-Time,Retirement,IT/IS,Splicing,30-11-1943,MA,Splicer,Female,56684,Other,Married,Fully Meets,3,3921,30-06-2023,4,3,2,04-06-2023,Customer Service,External,Completed,5,393.54,AlessandraLee,79,Terminated,55+,2022,July,1,3,2.42,1-3 yr
Kaitlin,Hickman,25-12-2018,,IT Support,CCDR,Part-Time,Zone A,Full-Time,Unk,IT/IS,General - Con,04-10-1996,MA,Lineman,Female,26513,White,Widowed,Fully Meets,3,3922,15-02-2023,5,3,1,18-03-2023,Communication Skills,External,Incomplete,1,629.74,KaitlinHickman,26,Active,25-34,,,0,3,4.14,3-5 yr
Giancarlo,Juarez,25-12-2021,19-06-2023,Sr. Network Engineer,WBL,Full-Time,Zone C,Part-Time,Involuntary,IT/IS,Aerial,16-03-1955,MA,Foreman,Female,26918,Hispanic,Single,Exceeds,3,3923,27-10-2022,2,4,3,27-12-2022,Project Management,External,Failed,2,378.39,GiancarloJuarez,67,Terminated,55+,2023,June,0,3,1.48,1-3 yr
Walter,Zuniga,22-05-2021,,Sr. Network Engineer,NEL,Full-Time,Zone B,Full-Time,Unk,IT/IS,General - Con,27-04-1993,CT,Technician,Male,86917,Other,Widowed,Fully Meets,3,3924,07-11-2022,2,4,5,08-09-2022,Customer Service,External,Passed,2,715.98,WalterZuniga,29,Active,25-34,,,1,3.67,1.46,1-3 yr
Anna,Jordan,03-05-2020,14-11-2022,Sr. Network Engineer,PL,Contract,Zone C,Part-Time,Resignation,IT/IS,General - Sga,15-10-1960,MA,Vp,Male,64495,Hispanic,Widowed,Fully Meets,3,3925,27-04-2023,1,3,3,12-02-2023,Leadership Development,Internal,Failed,1,386.55,AnnaJordan,62,Terminated,55+,2022,November,0,2.33,2.53,1-3 yr
Jeffery,Gamble,27-02-2019,,Sr. Network Engineer,BPC,Full-Time,Zone C,Full-Time,Unk,IT/IS,Wireless,16-12-1941,MA,Supervisor,Female,47528,Hispanic,Single,Needs Improvement,3,3926,15-07-2023,4,1,4,25-07-2023,Customer Service,Internal,Incomplete,2,449.35,JefferyGamble,81,Active,55+,,,0,3,4.38,3-5 yr
Misael,Hunter,01-03-2020,05-03-2022,Network Engineer,SVG,Contract,Zone C,Temporary,Involuntary,Executive Office,Aerial,12-10-1982,MA,Lineman,Male,50639,Other,Single,Fully Meets,3,3927,04-05-2023,5,4,1,05-03-2023,Customer Service,External,Completed,2,878.67,MisaelHunter,40,Terminated,35-44,2022,March,1,3.33,2.01,1-3 yr
Audrina,Yu,27-01-2021,18-10-2021,Network Engineer,TNS,Full-Time,Zone A,Temporary,Resignation,IT/IS,General - Con,11-07-1956,MA,Laborer,Male,59834,White,Widowed,Fully Meets,3,3928,04-01-2023,4,2,1,11-09-2022,Leadership Development,Internal,Failed,1,799.99,AudrinaYu,66,Terminated,55+,2021,October,0,2.33,0.72,0-1 yr
Jeramiah,Foster,18-06-2023,24-07-2023,Network Engineer,WBL,Contract,Zone C,Part-Time,Resignation,IT/IS,Wireline Construction,20-04-1977,MA,Clerk,Female,73645,Asian,Married,Fully Meets,3,3929,28-10-2022,2,5,2,11-07-2023,Technical Skills,Internal,Failed,3,617.52,JeramiahFoster,45,Terminated,45-54,2023,July,0,3,0.1,0-1 yr
Bruce,Wallace,24-11-2019,,Network Engineer,BPC,Contract,Zone A,Part-Time,Unk,IT/IS,General - Con,09-04-1984,MA,Helper,Female,65218,Asian,Married,Fully Meets,3,3930,06-05-2023,4,4,4,30-05-2023,Leadership Development,External,Failed,5,522.86,BruceWallace,39,Active,35-44,,,0,4,3.45,3-5 yr
Giovani,Nelson,24-09-2021,,Network Engineer,CCDR,Part-Time,Zone A,Temporary,Unk,IT/IS,Engineers,26-06-1960,MA,Drafter,Male,34001,Black,Widowed,Fully Meets,3,3931,30-09-2022,2,1,5,12-11-2022,Customer Service,External,Failed,5,685.82,GiovaniNelson,62,Active,55+,,,0,2.67,1.02,1-3 yr
Ari,Anthony,17-08-2022,,IT Support,EW,Contract,Zone B,Full-Time,Unk,IT/IS,General - Eng,21-04-1965,MA,Billing,Female,23569,Black,Single,Fully Meets,3,3932,23-06-2023,5,5,4,27-02-2023,Technical Skills,Internal,Completed,5,898.93,AriAnthony,58,Active,55+,,,1,4.67,0.85,0-1 yr
Laylah,Branch,18-04-2023,,IT Support,MSC,Contract,Zone A,Part-Time,Unk,IT/IS,Engineers,21-08-1967,MA,Engineer,Female,46935,White,Married,Fully Meets,3,3933,27-03-2023,3,4,5,23-08-2022,Communication Skills,Internal,Incomplete,1,559.55,LaylahBranch,55,Active,55+,,,0,4,-0.06,
Alanna,Mullins,15-04-2020,13-05-2022,IT Support,NEL,Full-Time,Zone C,Temporary,Involuntary,IT/IS,Executive,03-01-1979,MA,Vp,Female,80168,Asian,Widowed,Fully Meets,3,3934,07-04-2023,3,3,2,16-02-2023,Project Management,Internal,Completed,5,219.78,AlannaMullins,44,Terminated,35-44,2022,May,1,2.67,2.08,1-3 yr
Arjun,Tyler,25-12-2020,,IT Support,PL,Full-Time,Zone C,Full-Time,Unk,IT/IS,Aerial,16-11-1993,MA,Lineman,Male,97304,White,Widowed,Fully Meets,3,3935,05-04-2023,5,1,4,16-07-2023,Customer Service,Internal,Passed,5,223.6,ArjunTyler,29,Active,25-34,,,1,3.33,2.28,1-3 yr
Donald,Favis,21-07-2022,01-05-2023,Enterprise Architect,MSC,Full-Time,Zone B,Temporary,Involuntary,IT/IS,General - Sga,27-06-1998,CT,Director,Male,6033,Other,Widowed,Fully Meets,3,3936,25-03-2023,5,3,4,14-05-2023,Communication Skills,Internal,Completed,4,283.29,DonaldFavis,24,Terminated,<25,2023,May,1,4,0.78,0-1 yr
Daniff,Hernandez,04-11-2022,,Database Administrator,EW,Contract,Zone C,Part-Time,Unk,IT/IS,Field Operations,13-09-1944,MA,Laborer,Male,1960,White,Widowed,Fully Meets,3,3937,21-11-2022,1,3,1,02-04-2023,Communication Skills,Internal,Completed,2,935.28,DaniffHernandez,78,Active,55+,,,1,1.67,0.05,0-1 yr
Lori,Roby,20-04-2020,,Data Analyst,BPC,Part-Time,Zone B,Temporary,Unk,IT/IS,Field Operations,28-05-1955,MA,Tower Hand,Female,1886,Hispanic,Married,Fully Meets,3,3938,16-12-2022,1,1,1,30-07-2023,Technical Skills,External,Completed,2,892.83,LoriRoby,67,Active,55+,,,1,1,2.66,1-3 yr
Thomas,Murray,05-09-2019,,Data Analyst,CCDR,Part-Time,Zone A,Part-Time,Unk,IT/IS,General - Con,04-09-1992,TX,Foreman,Male,78230,Black,Married,Fully Meets,3,3939,09-01-2023,5,2,4,18-05-2023,Technical Skills,Internal,Passed,4,318.19,ThomasMurray,30,Active,25-34,,,1,3.67,3.35,3-5 yr
Karthikeyan,Ait Sidi,11-08-2019,,Sr. DBA,EW,Contract,Zone B,Full-Time,Unk,IT/IS,General - Con,09-08-1958,MA,Technician,Male,2148,Other,Divorced,Fully Meets,3,3940,25-12-2022,5,4,3,11-08-2022,Project Management,External,Failed,5,305.31,KarthikeyanAit Sidi,64,Active,55+,,,0,4,3.37,3-5 yr
Ivan,Rogers,04-11-2018,,Data Analyst,BPC,Full-Time,Zone B,Temporary,Unk,IT/IS,Field Operations,30-08-1985,MA,Laborer,Male,1810,White,Married,Fully Meets,3,3941,26-01-2023,2,3,3,13-09-2022,Project Management,External,Incomplete,5,756.43,IvanRogers,37,Active,35-44,,,0,2.67,4.23,3-5 yr
Bianca,Roehrich,04-11-2018,22-12-2021,Principal Data Architect,PYZ,Contract,Zone B,Temporary,Resignation,IT/IS,Catv,04-09-1951,MA,Laborer,Female,2703,Asian,Married,PIP,3,3942,02-02-2023,3,4,1,28-01-2023,Customer Service,External,Completed,5,940.22,BiancaRoehrich,71,Terminated,55+,2021,December,1,2.67,3.13,3-5 yr
Jason,Salter,27-07-2019,25-07-2021,Data Analyst,NEL,Part-Time,Zone A,Part-Time,Resignation,IT/IS,General - Eng,04-08-1971,MA,Administrative,Male,2452,Black,Single,Fully Meets,3,3943,06-08-2022,5,2,2,15-05-2023,Communication Skills,External,Failed,3,282.37,JasonSalter,51,Terminated,45-54,2021,July,0,3,2,1-3 yr
Julia,Zhou,21-12-2020,,Data Analyst,SVG,Full-Time,Zone A,Full-Time,Unk,IT/IS,General - Sga,05-07-1997,MA,Administrator,Female,2148,White,Single,Fully Meets,3,3944,26-02-2023,5,3,4,19-08-2022,Technical Skills,External,Completed,1,627.14,JuliaZhou,25,Active,25-34,,,1,4,2.18,1-3 yr
Thelma,Petrowsky,25-07-2022,,Data Analyst,MSC,Full-Time,Zone C,Temporary,Unk,IT/IS,Engineers,23-03-1998,MA,Engineer,Female,1886,Black,Single,PIP,3,3945,03-01-2023,4,4,2,29-08-2022,Communication Skills,External,Incomplete,2,864.5,ThelmaPetrowsky,24,Active,<25,,,0,3.33,0.44,0-1 yr
Jayne,Horton,15-06-2019,,Database Administrator,NEL,Contract,Zone A,Temporary,Unk,IT/IS,Shop (Fleet),20-07-1957,MA,Technician,Female,2493,White,Married,Fully Meets,3,3946,23-07-2023,1,3,4,15-07-2023,Leadership Development,External,Passed,4,981.64,JayneHorton,66,Active,55+,,,1,2.67,4.1,3-5 yr
Renee,Becker,04-04-2020,22-06-2022,Database Administrator,EW,Full-Time,Zone B,Full-Time,Resignation,IT/IS,Field Operations,03-12-1996,MA,Field Technician,Female,2026,Hispanic,Married,Fully Meets,3,3947,28-07-2023,4,3,1,14-01-2023,Project Management,Internal,Failed,3,456.02,ReneeBecker,26,Terminated,25-34,2022,June,0,2.67,2.21,1-3 yr
Randall,Pearson,03-02-2023,29-05-2023,Data Analyst,MSC,Contract,Zone C,Full-Time,Involuntary,IT/IS,Aerial,29-10-1943,MA,Foreman,Male,2747,Hispanic,Married,Fully Meets,3,3948,10-03-2023,4,4,2,02-04-2023,Leadership Development,External,Passed,5,350.68,RandallPearson,79,Terminated,55+,2023,May,1,3.33,0.31,0-1 yr
Claudia N,Carr,20-09-2022,04-07-2023,Sr. DBA,SVG,Full-Time,Zone A,Temporary,Voluntary,IT/IS,General - Con,17-03-1991,MA,Laborer,Female,1886,White,Single,Fully Meets,3,3949,22-04-2023,5,2,5,03-06-2023,Communication Skills,Internal,Incomplete,2,843.66,Claudia NCarr,32,Terminated,25-34,2023,July,0,4,0.79,0-1 yr
Noelle,Johnson,12-07-2023,,Database Administrator,CCDR,Full-Time,Zone A,Part-Time,Unk,IT/IS,Fielders,29-01-1989,MA,Engineer,Female,2301,Hispanic,Widowed,Fully Meets,3,3950,18-10-2022,2,3,5,22-04-2023,Technical Skills,Internal,Completed,2,119.24,NoelleJohnson,33,Active,25-34,,,1,3.33,-0.73,
Taisha,Goble,25-04-2021,12-02-2023,Database Administrator,MSC,Contract,Zone A,Temporary,Resignation,IT/IS,Wireline Construction,07-09-1961,MA,Groundman,Female,2127,Asian,Divorced,Fully Meets,3,3951,01-04-2023,4,1,3,08-04-2023,Project Management,Internal,Completed,5,532.41,TaishaGoble,61,Terminated,55+,2023,February,1,2.67,1.8,1-3 yr
Kramer,Simard,13-03-2021,,Data Analyst,EW,Full-Time,Zone A,Full-Time,Unk,IT/IS,Finance & Accounting,01-11-1950,MA,Assistant,Male,2110,Black,Single,Fully Meets,3,3952,13-12-2022,1,4,1,16-07-2023,Project Management,External,Incomplete,5,625.95,KramerSimard,72,Active,55+,,,0,2,1.75,1-3 yr
Mark,Griffith,16-08-2021,,Data Analyst,BPC,Full-Time,Zone B,Full-Time,Unk,IT/IS,General - Eng,22-02-1965,MA,Engineer,Female,78692,White,Married,Fully Meets,3,3953,16-03-2023,3,4,4,31-05-2023,Customer Service,Internal,Passed,2,779.08,MarkGriffith,58,Active,55+,,,1,3.67,1.58,1-3 yr
Denisse,Hayes,18-10-2021,,Database Administrator,CCDR,Full-Time,Zone B,Temporary,Unk,IT/IS,General - Con,11-11-1946,MA,Flagger,Female,87816,Hispanic,Married,Fully Meets,3,3954,18-06-2023,5,1,5,11-05-2023,Leadership Development,External,Completed,1,497.09,DenisseHayes,76,Active,55+,,,1,3.67,1.66,1-3 yr
Draven,Giles,16-02-2020,16-03-2023,Database Administrator,SVG,Contract,Zone C,Full-Time,Resignation,IT/IS,Project Management - Con,28-10-1998,MA,Coordinator,Female,31207,Hispanic,Married,Fully Meets,3,3955,10-06-2023,2,1,1,14-03-2023,Technical Skills,External,Failed,1,762.36,DravenGiles,24,Terminated,<25,2023,March,0,1.33,3.08,3-5 yr
Aliana,Shaw,07-08-2019,08-03-2023,Database Administrator,EW,Contract,Zone A,Temporary,Retirement,IT/IS,General - Sga,02-01-1997,TX,Foreman,Female,6158,Black,Widowed,Fully Meets,3,3956,26-09-2022,4,5,2,21-10-2022,Customer Service,External,Failed,4,611.15,AlianaShaw,25,Terminated,25-34,2023,March,0,3.67,3.58,3-5 yr
Makaila,Nixon,03-01-2022,,Database Administrator,MSC,Contract,Zone C,Temporary,Unk,IT/IS,Field Operations,02-01-1991,TX,Administration,Female,36554,Other,Divorced,Fully Meets,3,3957,07-06-2023,3,2,4,22-06-2023,Communication Skills,Internal,Passed,3,724.95,MakailaNixon,32,Active,25-34,,,1,3,1.42,1-3 yr
Mohammed,Orr,22-09-2020,,Database Administrator,TNS,Part-Time,Zone C,Full-Time,Unk,IT/IS,Field Operations,18-09-1974,TX,Foreman,Female,53042,Hispanic,Married,PIP,3,3958,10-04-2023,5,3,1,21-12-2022,Technical Skills,Internal,Completed,5,332.9,MohammedOrr,48,Active,45-54,,,1,3,2.55,1-3 yr
Braylen,Mendoza,11-11-2022,14-07-2023,Data Architect,PYZ,Part-Time,Zone A,Full-Time,Resignation,IT/IS,General - Con,20-08-1988,TX,Foreman,Male,42665,Hispanic,Single,Fully Meets,3,3959,30-06-2023,5,4,5,30-01-2023,Communication Skills,Internal,Incomplete,5,116.9,BraylenMendoza,34,Terminated,25-34,2023,July,0,4.67,0.67,0-1 yr
Andreas,Torres,11-08-2018,,CIO,WBL,Part-Time,Zone A,Full-Time,Unk,IT/IS,Field Operations,05-04-1947,TX,Laborer,Male,95490,White,Married,Fully Meets,3,3960,14-07-2023,3,4,1,19-03-2023,Communication Skills,External,Completed,1,430.46,AndreasTorres,76,Active,55+,,,1,2.67,4.92,3-5 yr
Maddison,Perez,31-03-2023,,BI Director,NEL,Full-Time,Zone A,Full-Time,Unk,IT/IS,Aerial,19-06-1978,MA,Lineman,Male,74182,Black,Divorced,Fully Meets,3,3961,20-11-2022,2,5,2,05-02-2023,Leadership Development,Internal,Passed,5,881.61,MaddisonPerez,44,Active,35-44,,,1,3,-0.36,
Charlize,Wagner,10-03-2021,,Sr. DBA,MSC,Contract,Zone B,Part-Time,Unk,IT/IS,Aerial,18-11-1990,MA,Lineman,Female,49449,Hispanic,Divorced,Fully Meets,3,3962,30-05-2023,4,3,3,04-11-2022,Customer Service,Internal,Failed,3,454.92,CharlizeWagner,32,Active,25-34,,,0,3.33,2.22,1-3 yr
Micah,Pace,30-08-2019,,Sr. Accountant,TNS,Part-Time,Zone B,Temporary,Unk,IT/IS,Field Operations,19-05-1998,MA,Foreman,Female,39060,Black,Widowed,Fully Meets,3,3963,28-07-2023,4,1,5,15-04-2023,Customer Service,External,Completed,2,381.88,MicahPace,25,Active,25-34,,,1,3.33,3.91,3-5 yr
Marlee,Stevens,07-06-2021,25-01-2023,Sr. Accountant,PYZ,Part-Time,Zone A,Temporary,Involuntary,IT/IS,Aerial,26-02-2001,MA,Lineman,Male,21007,Black,Single,Exceeds,3,3964,28-03-2023,5,2,3,08-06-2023,Project Management,Internal,Completed,5,639.13,MarleeStevens,22,Terminated,<25,2023,January,1,3.33,1.63,1-3 yr
Precious,Roth,22-04-2020,,Software Engineering Manager,WBL,Contract,Zone B,Part-Time,Unk,IT/IS,General - Con,01-11-1998,MA,Laborer,Female,12883,Other,Married,Fully Meets,3,3965,08-06-2023,4,1,2,20-06-2023,Technical Skills,Internal,Completed,4,198.58,PreciousRoth,24,Active,<25,,,1,2.33,3.13,3-5 yr
Konner,Villegas,19-10-2018,04-09-2021,Software Engineer,NEL,Contract,Zone A,Part-Time,Voluntary,Software Engineering,Field Operations,28-04-1978,MA,Laborer,Female,5707,Black,Single,Fully Meets,3,3966,03-10-2022,5,5,5,13-10-2022,Customer Service,External,Failed,2,726.74,KonnerVillegas,44,Terminated,35-44,2021,September,0,5,2.88,1-3 yr
Anastasia,Gillespie,03-12-2018,20-01-2021,Data Analyst,MSC,Full-Time,Zone A,Temporary,Involuntary,IT/IS,Finance & Accounting,19-07-1955,MA,Administration,Female,10856,Black,Married,Fully Meets,3,3967,05-01-2023,5,3,4,16-05-2023,Customer Service,External,Failed,4,683.96,AnastasiaGillespie,67,Terminated,55+,2021,January,0,4,2.13,1-3 yr
Emely,Rice,20-02-2021,,Data Analyst,NEL,Contract,Zone B,Temporary,Unk,IT/IS,Engineers,14-07-1967,MA,Engineer,Female,94663,Other,Married,Fully Meets,3,3968,14-12-2022,5,5,1,02-12-2022,Technical Skills,External,Completed,3,891.63,EmelyRice,55,Active,55+,,,1,3.67,1.81,1-3 yr
Lewis,Nixon,17-01-2021,,Database Administrator,PL,Contract,Zone A,Full-Time,Unk,IT/IS,Aerial,18-06-1966,MA,Lineman,Female,61086,Asian,Divorced,Exceeds,3,3969,09-08-2022,4,5,2,01-03-2023,Technical Skills,Internal,Failed,4,701.87,LewisNixon,56,Active,55+,,,0,3.67,1.56,1-3 yr
Macy,Webster,04-10-2020,27-04-2023,Database Administrator,PYZ,Part-Time,Zone B,Full-Time,Voluntary,IT/IS,Field Operations,08-11-1950,MA,Foreman,Female,44077,Other,Married,Exceeds,3,3970,14-01-2023,5,1,5,25-02-2023,Technical Skills,Internal,Incomplete,4,216.73,MacyWebster,72,Terminated,55+,2023,April,0,3.67,2.56,1-3 yr
Ciara,Acevedo,29-01-2021,,Database Administrator,SVG,Part-Time,Zone A,Temporary,Unk,IT/IS,General - Con,31-10-1958,TX,Technician,Female,49694,Other,Widowed,Fully Meets,3,3971,23-03-2023,3,3,2,16-08-2022,Project Management,External,Passed,5,482.47,CiaraAcevedo,64,Active,55+,,,1,2.67,2.14,1-3 yr
Eleanor,Patton,26-07-2022,,Database Administrator,TNS,Part-Time,Zone B,Part-Time,Unk,IT/IS,General - Con,07-06-1955,TX,Foreman,Female,21727,Black,Divorced,Fully Meets,3,3972,29-10-2022,5,4,1,25-04-2023,Leadership Development,External,Incomplete,5,853.57,EleanorPatton,67,Active,55+,,,0,3.33,0.26,0-1 yr
Brooklyn,Tanner,21-09-2018,22-06-2023,Database Administrator,WBL,Part-Time,Zone C,Temporary,Resignation,IT/IS,Field Operations,22-05-1973,TX,Laborer,Female,50856,Hispanic,Single,Exceeds,3,3973,17-08-2022,3,2,1,14-11-2022,Leadership Development,Internal,Passed,1,202.97,BrooklynTanner,49,Terminated,45-54,2023,June,1,2,4.75,3-5 yr
Zander,Franco,25-12-2018,10-07-2019,Data Architect,BPC,Part-Time,Zone C,Full-Time,Involuntary,IT/IS,General - Eng,07-01-1986,TX,Engineer,Male,97255,Other,Married,Exceeds,3,3974,04-04-2023,4,5,1,27-04-2023,Communication Skills,Internal,Passed,1,487.4,ZanderFranco,37,Terminated,35-44,2019,July,1,3.33,0.54,0-1 yr
Kianna,Rhodes,03-11-2020,25-09-2022,CIO,CCDR,Part-Time,Zone B,Temporary,Voluntary,IT/IS,Field Operations,25-01-1999,TX,Technician,Male,44793,Asian,Single,Fully Meets,3,3975,27-11-2022,1,4,3,08-05-2023,Leadership Development,External,Completed,2,669.81,KiannaRhodes,23,Terminated,<25,2022,September,1,2.67,1.89,1-3 yr
Kinsley,Braun,22-10-2021,,Sr. DBA,MSC,Full-Time,Zone C,Temporary,Unk,IT/IS,Field Operations,17-11-1991,MA,Laborer,Female,24094,White,Divorced,Fully Meets,3,3976,25-04-2023,4,5,1,22-04-2023,Leadership Development,Internal,Completed,1,645.02,KinsleyBraun,31,Active,25-34,,,1,3.33,1.51,1-3 yr
Gordon,Wu,27-08-2018,,Sr. Accountant,TNS,Full-Time,Zone A,Full-Time,Unk,IT/IS,Wireline Construction,19-08-1943,MA,Apprentice,Female,41670,Black,Divorced,Fully Meets,3,3977,06-01-2023,1,5,4,13-10-2022,Technical Skills,External,Completed,2,157.4,GordonWu,79,Active,55+,,,1,3.33,4.36,3-5 yr
Maryjane,Cross,12-07-2020,,Sr. Accountant,PYZ,Part-Time,Zone B,Part-Time,Unk,IT/IS,General - Con,26-04-1980,MA,Laborer,Male,56453,Asian,Widowed,Fully Meets,3,3978,04-09-2022,4,3,5,15-05-2023,Project Management,External,Failed,1,131.98,MaryjaneCross,42,Active,35-44,,,0,4,2.15,1-3 yr
Peyton,Phelps,25-01-2021,11-06-2022,Software Engineering Manager,WBL,Contract,Zone C,Temporary,Resignation,IT/IS,Technology / It,30-10-1967,MA,Controller,Female,5067,Black,Married,Fully Meets,3,3979,09-12-2022,3,5,2,03-08-2023,Communication Skills,External,Failed,3,477.12,PeytonPhelps,55,Terminated,55+,2022,June,0,3.33,1.37,1-3 yr
Carmen,Atkins,11-05-2020,,Data Analyst,PL,Full-Time,Zone C,Full-Time,Unk,IT/IS,Project Management - Con,02-12-1975,MA,Project Manager,Female,39598,White,Married,Exceeds,3,3980,03-10-2022,4,2,5,27-07-2023,Communication Skills,External,Incomplete,1,695.56,CarmenAtkins,46,Active,45-54,,,0,3.67,2.4,1-3 yr
Kiara,Fox,24-07-2020,09-04-2023,Data Analyst,BPC,Full-Time,Zone A,Temporary,Resignation,IT/IS,Field Operations,07-02-1960,MA,Laborer,Female,35765,Black,Divorced,Fully Meets,3,3981,31-10-2022,1,2,4,22-12-2022,Communication Skills,External,Passed,2,869.96,KiaraFox,62,Terminated,55+,2023,April,1,2.33,2.71,1-3 yr
Yair,Jennings,09-08-2022,,Database Administrator,CCDR,Part-Time,Zone B,Part-Time,Unk,IT/IS,Aerial,12-06-1957,MA,Laborer,Female,24218,Other,Married,Needs Improvement,3,3982,09-10-2022,1,1,1,09-12-2022,Technical Skills,Internal,Completed,1,189.91,YairJennings,65,Active,55+,,,1,1,0.17,0-1 yr
Kaylie,Velazquez,12-06-2022,,Database Administrator,SVG,Full-Time,Zone A,Full-Time,Unk,IT/IS,Field Operations,12-04-1964,MA,Technician,Female,62116,Hispanic,Married,Exceeds,3,3983,03-12-2022,4,3,1,24-07-2023,Project Management,External,Failed,5,407.96,KaylieVelazquez,58,Active,55+,,,0,2.67,0.48,0-1 yr
Christine,Skinner,10-02-2022,08-06-2022,Database Administrator,EW,Contract,Zone B,Full-Time,Retirement,IT/IS,Wireline Construction,23-07-1963,TX,Laborer,Female,67986,Hispanic,Single,Fully Meets,3,3984,24-02-2023,5,5,4,07-08-2022,Communication Skills,Internal,Incomplete,1,202.91,ChristineSkinner,59,Terminated,55+,2022,June,0,4.67,0.32,0-1 yr
Zayne,Mccullough,13-01-2023,19-05-2023,Database Administrator,MSC,Part-Time,Zone A,Part-Time,Resignation,IT/IS,People Services,18-01-1992,TX,Director,Male,26193,White,Widowed,Fully Meets,3,3985,28-09-2022,5,4,2,16-10-2022,Communication Skills,Internal,Passed,4,956.95,ZayneMccullough,30,Terminated,25-34,2023,May,1,3.67,0.34,0-1 yr
Dennis,Key,10-03-2020,,Database Administrator,TNS,Part-Time,Zone A,Temporary,Unk,IT/IS,Catv,27-11-1972,TX,Supervisor,Female,46762,Hispanic,Married,Fully Meets,3,3986,08-10-2022,4,3,2,15-10-2022,Technical Skills,External,Passed,5,813.03,DennisKey,49,Active,45-54,,,1,3,2.58,1-3 yr
Aydan,Benjamin,25-02-2022,19-07-2022,Data Architect,PYZ,Full-Time,Zone A,Full-Time,Retirement,IT/IS,Catv,03-05-1982,TX,Supervisor,Male,81376,Other,Widowed,Exceeds,3,3987,22-12-2022,5,4,1,24-08-2022,Project Management,External,Passed,1,962.54,AydanBenjamin,40,Terminated,35-44,2022,July,1,3.33,0.39,0-1 yr
Kenzie,Mullins,21-07-2022,21-11-2022,Sr. DBA,SVG,Contract,Zone A,Temporary,Voluntary,IT/IS,Shop (Fleet),17-06-1981,MA,Mechanic,Female,73583,White,Widowed,Fully Meets,3,3988,20-05-2023,5,2,5,01-02-2023,Project Management,Internal,Passed,5,190.07,KenzieMullins,41,Terminated,35-44,2022,November,1,4,0.34,0-1 yr
Asa,Pham,11-07-2022,,Sr. DBA,TNS,Full-Time,Zone C,Part-Time,Unk,IT/IS,General - Con,18-06-1952,MA,Foreman,Female,43953,Asian,Widowed,Fully Meets,3,3989,26-04-2023,2,1,1,22-01-2023,Communication Skills,Internal,Passed,5,866.51,AsaPham,70,Active,55+,,,1,1.33,0.79,0-1 yr
Damarion,Schneider,02-12-2019,26-12-2019,Sr. Accountant,WBL,Contract,Zone C,Temporary,Involuntary,IT/IS,Safety,18-12-1956,MA,Safety,Male,73329,White,Divorced,Fully Meets,3,3990,27-08-2022,2,2,1,10-10-2022,Technical Skills,Internal,Failed,2,475.04,DamarionSchneider,65,Terminated,55+,2019,December,0,1.67,0.07,0-1 yr
Talan,Rodgers,10-04-2023,,Sr. Accountant,BPC,Contract,Zone B,Full-Time,Unk,IT/IS,Project Management - Con,09-03-1974,MA,Coordinator,Male,89576,Black,Single,Fully Meets,3,3991,11-10-2022,2,3,2,19-09-2022,Customer Service,Internal,Completed,4,716.52,TalanRodgers,48,Active,45-54,,,1,2.33,-0.5,
Evelin,Snow,08-12-2022,07-05-2023,Data Analyst,SVG,Part-Time,Zone A,Full-Time,Voluntary,IT/IS,General - Eng,28-12-1961,MA,Technician,Male,49077,Black,Married,Fully Meets,3,3992,14-07-2023,4,3,1,13-09-2022,Project Management,External,Completed,3,323.25,EvelinSnow,61,Terminated,55+,2023,May,1,2.67,0.41,0-1 yr
Sienna,Preston,22-06-2022,,Data Analyst,PYZ,Contract,Zone C,Full-Time,Unk,IT/IS,Field Operations,24-05-1996,MA,Foreman,Female,42676,Asian,Married,Fully Meets,3,3993,16-10-2022,3,4,4,27-01-2023,Communication Skills,Internal,Failed,2,229,SiennaPreston,26,Active,25-34,,,0,3.67,0.32,0-1 yr
Taylor,Dennis,22-09-2022,,Data Analyst,PL,Full-Time,Zone A,Full-Time,Unk,IT/IS,Field Operations,08-02-1987,MA,Top Hand,Female,53464,Asian,Single,Fully Meets,3,3994,14-02-2023,3,5,2,11-02-2023,Customer Service,Internal,Failed,1,861.91,TaylorDennis,36,Active,35-44,,,0,3.33,0.4,0-1 yr
Cortez,Murillo,15-07-2019,01-06-2021,Database Administrator,NEL,Full-Time,Zone A,Temporary,Resignation,IT/IS,Wireline Construction,08-12-1946,MA,Project Manager,Female,95641,Black,Widowed,Exceeds,3,3995,05-01-2023,4,5,2,23-12-2022,Project Management,External,Incomplete,3,803.73,CortezMurillo,76,Terminated,55+,2021,June,0,3.67,1.88,1-3 yr
Leonel,Combs,01-09-2021,,Database Administrator,MSC,Part-Time,Zone C,Full-Time,Unk,IT/IS,Catv,29-11-1999,MA,Laborer,Female,82286,White,Widowed,Fully Meets,3,3996,14-04-2023,3,5,1,09-01-2023,Customer Service,Internal,Failed,2,808.51,LeonelCombs,23,Active,<25,,,0,3,1.62,1-3 yr
Carmen,Frost,16-07-2019,,Database Administrator,EW,Contract,Zone A,Temporary,Unk,IT/IS,Engineers,02-12-1946,TX,Project Manager,Male,72560,Black,Single,Needs Improvement,3,3997,10-09-2022,2,4,1,19-09-2022,Project Management,External,Failed,4,629.16,CarmenFrost,75,Active,55+,,,0,2.33,3.15,3-5 yr
Ace,Krause,24-12-2021,27-07-2022,Database Administrator,CCDR,Full-Time,Zone B,Full-Time,Resignation,IT/IS,Yard (Material Handling),22-01-1971,TX,Administrative,Female,82557,Other,Married,Fully Meets,3,3998,22-02-2023,5,5,2,26-09-2022,Customer Service,External,Completed,1,994.09,AceKrause,52,Terminated,45-54,2022,July,1,4,0.59,0-1 yr
Reuben,Davila,17-04-2019,17-08-2021,Database Administrator,BPC,Full-Time,Zone B,Full-Time,Involuntary,IT/IS,Engineers,01-02-1943,TX,Engineer,Male,13760,Asian,Single,Exceeds,3,3999,02-10-2022,5,4,2,02-07-2023,Leadership Development,Internal,Incomplete,5,477.78,ReubenDavila,79,Terminated,55+,2021,August,0,3.67,2.34,1-3 yr
Angelique,Mann,26-10-2019,08-06-2021,Data Architect,PYZ,Contract,Zone C,Full-Time,Involuntary,IT/IS,Field Operations,31-03-1960,TX,Technician,Male,18464,Black,Divorced,Fully Meets,3,4000,21-04-2023,3,2,1,06-10-2022,Leadership Development,Internal,Completed,4,951.27,AngeliqueMann,63,Terminated,55+,2021,June,1,2,1.62,1-3 yr
Susan,Exantus,29-08-2019,,Software Engineer,BPC,Part-Time,Zone A,Part-Time,Unk,Software Engineering,Engineers,21-09-1957,MA,Engineer,Female,1749,Black,Married,Fully Meets,3,1001,10-10-2022,2,5,5,21-09-2022,Customer Service,Internal,Failed,4,510.83,SusanExantus,65,Active,55+,,,0,4,3.12,3-5 yr
Sandra,Martin,12-12-2022,28-05-2023,Software Engineer,NEL,Part-Time,Zone A,Temporary,Involuntary,Software Engineering,Catv,08-07-1950,MA,Foreman,Female,2135,Asian,Widowed,Fully Meets,3,1002,03-08-2023,4,5,3,19-07-2023,Leadership Development,Internal,Failed,2,582.37,SandraMartin,73,Terminated,55+,2023,May,0,4,0.46,0-1 yr
Keyla,Del Bosque,08-03-2023,15-03-2023,Software Engineer,WBL,Contract,Zone A,Part-Time,Voluntary,Software Engineering,Field Operations,23-11-1973,MA,Foreman,Female,2176,White,Married,Fully Meets,3,1003,03-01-2023,2,5,2,24-02-2023,Technical Skills,Internal,Incomplete,4,777.06,KeylaDel Bosque,49,Terminated,45-54,2023,March,0,3,0.02,0-1 yr
Andrew,Szabo,29-05-2020,05-03-2021,Software Engineer,PYZ,Part-Time,Zone C,Part-Time,Involuntary,Software Engineering,Project Management - Con,27-01-1957,MA,Coordinator,Male,2140,Black,Single,Fully Meets,3,1004,30-07-2023,3,5,3,12-01-2023,Customer Service,Internal,Completed,2,824.3,AndrewSzabo,66,Terminated,55+,2021,March,1,3.67,0.77,0-1 yr
Luke,Patronick,16-09-2022,,Software Engineer,SVG,Full-Time,Zone B,Temporary,Unk,Software Engineering,Field Operations,28-07-1970,MA,Project Manager,Male,1844,Black,Divorced,Fully Meets,3,1005,19-06-2023,2,4,5,12-05-2023,Communication Skills,External,Passed,4,145.99,LukePatronick,52,Active,45-54,,,1,3.67,0.76,0-1 yr
Colby,Andreola,15-08-2021,20-11-2021,Software Engineer,MSC,Full-Time,Zone C,Part-Time,Resignation,Software Engineering,Engineers,19-02-1959,MA,Administrative,Female,2110,White,Widowed,Fully Meets,3,1006,03-05-2023,5,2,1,08-05-2023,Project Management,Internal,Failed,2,838.07,ColbyAndreola,64,Terminated,55+,2021,November,0,2.67,0.27,0-1 yr
Edward,TRUE,25-10-2020,26-09-2021,Software Engineer,SVG,Part-Time,Zone A,Part-Time,Involuntary,Software Engineering,General - Con,18-03-2000,MA,Lineman,Male,2451,Black,Widowed,Fully Meets,3,1007,18-07-2023,2,1,5,14-05-2023,Leadership Development,External,Failed,2,667.32,EdwardTRUE,23,Terminated,<25,2021,September,0,2.67,0.92,0-1 yr
Judith,Carabbio,28-08-2019,04-05-2020,Software Engineer,BPC,Contract,Zone B,Temporary,Voluntary,Software Engineering,General - Con,21-12-1981,MA,Foreman,Female,2132,Hispanic,Married,Fully Meets,3,1008,21-06-2023,5,2,2,02-08-2023,Technical Skills,External,Incomplete,2,758.18,JudithCarabbio,41,Terminated,35-44,2020,May,0,3,0.68,0-1 yr
Adell,Saada,13-06-2019,12-01-2023,Software Engineer,NEL,Part-Time,Zone C,Temporary,Retirement,Software Engineering,General - Con,01-03-1987,MA,Model Assistant,Female,2132,Other,Single,Fully Meets,3,1009,06-06-2023,2,5,1,21-08-2022,Customer Service,Internal,Incomplete,2,101.21,AdellSaada,36,Terminated,35-44,2023,January,0,2.67,3.58,3-5 yr
Kamari,Hunter,12-01-2021,18-03-2022,Software Engineer,EW,Part-Time,Zone C,Temporary,Voluntary,Software Engineering,Field Operations,21-10-1992,MA,Supervisor,Male,12889,Hispanic,Divorced,Fully Meets,3,1010,15-09-2022,2,4,2,19-08-2022,Communication Skills,External,Incomplete,5,332.25,KamariHunter,29,Terminated,25-34,2022,March,0,2.67,1.18,1-3 yr
Sarah,Malone,07-02-2022,12-02-2023,Software Engineer,MSC,Contract,Zone A,Temporary,Resignation,Software Engineering,General - Con,22-02-1948,MA,Foreman,Male,21340,Hispanic,Married,Fully Meets,3,1011,08-12-2022,1,2,3,06-11-2022,Communication Skills,Internal,Completed,1,803.98,SarahMalone,74,Terminated,55+,2023,February,1,2,1.01,1-3 yr
Skyler,Blackwell,09-11-2020,06-06-2021,Software Engineer,TNS,Contract,Zone A,Temporary,Involuntary,Software Engineering,General - Eng,03-10-1978,MA,Administrative,Male,67544,White,Single,Fully Meets,3,1012,13-01-2023,3,5,4,28-03-2023,Technical Skills,External,Failed,3,887.08,SkylerBlackwell,44,Terminated,35-44,2021,June,0,4,0.57,0-1 yr
Jasmin,Shah,13-05-2020,,Software Engineer,PYZ,Part-Time,Zone B,Full-Time,Unk,Software Engineering,Engineers,19-11-1974,MA,Engineer,Male,36398,Asian,Single,Fully Meets,3,1013,13-12-2022,5,4,3,08-04-2023,Project Management,External,Incomplete,2,657.85,JasminShah,48,Active,45-54,,,0,4,2.58,1-3 yr
Kole,Quinn,31-12-2022,13-07-2023,Shared Services Manager,WBL,Part-Time,Zone A,Full-Time,Retirement,Software Engineering,Catv,13-07-1953,MA,Clerk,Male,2562,Other,Single,Fully Meets,3,1014,28-06-2023,4,4,1,21-02-2023,Customer Service,External,Incomplete,2,895.49,KoleQuinn,70,Terminated,55+,2023,July,0,3,0.53,0-1 yr
Ansley,Jackson,03-12-2018,,Shared Services Manager,NEL,Contract,Zone A,Part-Time,Unk,Software Engineering,People Services,04-12-1961,MA,Vp,Female,22621,White,Married,Fully Meets,3,1015,11-07-2023,1,1,3,13-05-2023,Leadership Development,External,Passed,1,539,AnsleyJackson,61,Active,55+,,,1,1.67,4.6,3-5 yr
Jayda,Reese,21-02-2020,29-05-2021,Senior BI Developer,PL,Part-Time,Zone B,Part-Time,Involuntary,Admin Offices,Shop (Fleet),08-03-1956,MA,Mechanic,Female,64065,White,Single,Fully Meets,3,1016,09-12-2022,2,3,2,30-04-2023,Communication Skills,External,Completed,2,606.68,JaydaReese,66,Terminated,55+,2021,May,1,2.33,1.27,1-3 yr
Julien,Whitehead,07-09-2020,15-12-2021,Senior BI Developer,BPC,Full-Time,Zone B,Full-Time,Involuntary,Admin Offices,Field Operations,05-07-1947,MA,Laborer,Female,97374,Black,Single,Fully Meets,3,1017,16-07-2023,4,1,3,14-11-2022,Technical Skills,External,Passed,3,265.73,JulienWhitehead,76,Terminated,55+,2021,December,1,2.67,1.27,1-3 yr
Alan,Haynes,19-06-2020,08-12-2021,Senior BI Developer,CCDR,Part-Time,Zone A,Part-Time,Involuntary,Admin Offices,General - Con,24-02-1942,MA,Laborer,Female,87646,White,Married,Fully Meets,3,1018,21-06-2023,4,1,4,25-03-2023,Project Management,Internal,Incomplete,2,673.29,AlanHaynes,81,Terminated,55+,2021,December,0,3,1.47,1-3 yr
Kamryn,Herrera,14-10-2022,28-07-2023,Software Engineer,EW,Full-Time,Zone A,Temporary,Retirement,Software Engineering,Fielders,28-11-1978,MA,Engineer,Male,77974,Hispanic,Widowed,Fully Meets,3,1019,21-06-2023,1,3,5,26-10-2022,Project Management,External,Passed,5,436.98,KamrynHerrera,44,Terminated,35-44,2023,July,1,3,0.79,0-1 yr
Kelvin,Foster,20-06-2023,18-07-2023,Software Engineer,MSC,Contract,Zone C,Full-Time,Resignation,Software Engineering,Field Operations,20-12-1990,MA,Supervisor,Female,42126,Black,Widowed,Fully Meets,3,1020,01-08-2023,2,1,2,30-12-2022,Technical Skills,External,Passed,4,578.58,KelvinFoster,32,Terminated,25-34,2023,July,1,1.67,0.08,0-1 yr
Joe,Fletcher,09-11-2020,17-07-2023,Software Engineer,TNS,Full-Time,Zone C,Full-Time,Resignation,Software Engineering,General - Eng,25-01-1989,MA,Billing,Male,51613,Hispanic,Single,Fully Meets,3,1021,09-03-2023,5,1,4,10-03-2023,Technical Skills,Internal,Failed,1,647.16,JoeFletcher,34,Terminated,25-34,2023,July,0,3.33,2.68,1-3 yr
Frederick,Howe,19-09-2022,,Software Engineer,PYZ,Part-Time,Zone A,Temporary,Unk,Software Engineering,Field Operations,11-06-1962,MA,Engineer,Male,12765,Black,Divorced,Fully Meets,3,1022,12-02-2023,1,4,4,12-01-2023,Project Management,Internal,Failed,1,664.23,FrederickHowe,60,Active,55+,,,0,3,0.4,0-1 yr
Nickolas,Davila,09-11-2018,10-10-2021,Shared Services Manager,WBL,Contract,Zone C,Part-Time,Voluntary,Software Engineering,General - Con,05-04-1992,MA,Clerk,Male,64122,Hispanic,Divorced,Fully Meets,3,1023,17-01-2023,4,4,3,19-10-2022,Project Management,Internal,Failed,4,893.07,NickolasDavila,30,Terminated,25-34,2021,October,0,3.67,2.92,1-3 yr
Kasey,Boyer,30-12-2018,23-06-2021,Shared Services Manager,NEL,Contract,Zone A,Part-Time,Involuntary,Software Engineering,Fielders,30-03-1987,MA,Coordinator,Female,91332,Other,Divorced,Fully Meets,3,1024,12-10-2022,5,3,1,11-10-2022,Project Management,External,Completed,5,868.98,KaseyBoyer,35,Terminated,35-44,2021,June,1,3,2.48,1-3 yr
Giovanni,Jenkins,11-05-2023,15-05-2023,Senior BI Developer,PL,Full-Time,Zone A,Temporary,Retirement,Admin Offices,Field Operations,13-11-1960,MA,Foreman,Female,39827,Other,Divorced,Fully Meets,3,1025,24-01-2023,4,1,4,13-01-2023,Project Management,Internal,Incomplete,5,761.95,GiovanniJenkins,62,Terminated,55+,2023,May,0,3,0.01,0-1 yr
Alexis,Moss,03-11-2022,09-02-2023,Senior BI Developer,BPC,Contract,Zone A,Part-Time,Resignation,Admin Offices,Engineers,07-11-1950,MA,Engineer,Female,27418,Other,Widowed,Fully Meets,3,1026,09-10-2022,5,2,5,17-04-2023,Communication Skills,External,Incomplete,4,431.57,AlexisMoss,71,Terminated,55+,2023,February,0,4,0.27,0-1 yr
Joanna,Murphy,14-06-2020,29-05-2021,Senior BI Developer,CCDR,Part-Time,Zone A,Full-Time,Voluntary,Admin Offices,General - Con,21-12-1962,MA,Flagger,Male,24931,Other,Single,Fully Meets,3,1027,05-04-2023,2,3,5,16-03-2023,Communication Skills,External,Incomplete,4,357.57,JoannaMurphy,60,Terminated,55+,2021,May,0,3.33,0.96,0-1 yr
Joseph,Schmidt,15-10-2019,01-01-2023,Software Engineer,PYZ,Full-Time,Zone C,Part-Time,Resignation,Software Engineering,General - Con,22-10-2000,MA,Model Assistant,Male,2121,Asian,Single,Fully Meets,3,1028,26-03-2023,5,5,4,19-01-2023,Technical Skills,Internal,Incomplete,3,804.06,JosephSchmidt,22,Terminated,<25,2023,January,0,4.67,3.21,3-5 yr
Brittany,Hurley,28-04-2020,,Software Engineer,SVG,Part-Time,Zone B,Part-Time,Unk,Software Engineering,Field Operations,01-06-1979,MA,Specialist,Female,97697,Asian,Divorced,Fully Meets,3,1029,07-11-2022,3,5,4,25-02-2023,Project Management,Internal,Failed,5,729.41,BrittanyHurley,43,Active,35-44,,,0,4,2.53,1-3 yr
Niko,Hamilton,29-10-2019,,Software Engineer,TNS,Contract,Zone C,Temporary,Unk,Software Engineering,Field Operations,06-07-1955,MA,Foreman,Male,75783,Black,Single,Fully Meets,3,1030,03-01-2023,4,4,1,04-01-2023,Communication Skills,Internal,Completed,1,169.46,NikoHamilton,67,Active,55+,,,1,3,3.18,3-5 yr
Ruben,Martinez,28-04-2021,,Software Engineer,WBL,Part-Time,Zone B,Temporary,Unk,Software Engineering,General - Con,29-10-1972,MA,Lineman,Male,26111,White,Widowed,Fully Meets,3,1031,27-02-2023,5,3,2,26-12-2022,Communication Skills,Internal,Failed,1,833.28,RubenMartinez,50,Active,45-54,,,0,3.33,1.83,1-3 yr
Kiley,Haynes,19-04-2022,26-08-2022,Software Engineer,PYZ,Full-Time,Zone C,Part-Time,Voluntary,Software Engineering,Aerial,01-07-1954,MA,Laborer,Male,50656,Asian,Widowed,Fully Meets,3,1032,22-05-2023,5,4,4,07-12-2022,Technical Skills,External,Completed,3,482.23,KileyHaynes,68,Terminated,55+,2022,August,1,4.33,0.35,0-1 yr
Blaine,Brooks,28-03-2023,,Shared Services Manager,WBL,Contract,Zone B,Full-Time,Unk,Software Engineering,Field Operations,28-03-1997,MA,Operator,Male,71808,Other,Single,Fully Meets,3,1033,02-07-2023,3,1,3,20-06-2023,Communication Skills,Internal,Incomplete,4,169.85,BlaineBrooks,26,Active,25-34,,,0,2.33,0.26,0-1 yr
Dennis,Livingston,06-05-2019,,Shared Services Manager,NEL,Full-Time,Zone C,Part-Time,Unk,Software Engineering,Project Management - Con,08-12-1977,MA,Manager,Female,1043,Black,Single,Fully Meets,3,1034,09-07-2023,2,5,1,10-11-2022,Leadership Development,Internal,Failed,1,570.62,DennisLivingston,45,Active,45-54,,,0,2.67,4.18,3-5 yr
Case,Russell,13-10-2020,,Senior BI Developer,PL,Full-Time,Zone A,Temporary,Unk,Admin Offices,Underground,16-02-1979,MA,Laborer,Female,41260,Asian,Divorced,Fully Meets,3,1035,19-07-2023,1,5,5,11-03-2023,Communication Skills,Internal,Completed,2,724.14,CaseRussell,44,Active,35-44,,,1,3.67,2.76,1-3 yr
Kody,Jimenez,06-07-2021,25-11-2021,Senior BI Developer,BPC,Part-Time,Zone A,Part-Time,Resignation,Admin Offices,Field Operations,08-08-1993,MA,Foreman,Male,15346,Asian,Single,Fully Meets,3,1036,09-08-2022,5,2,1,10-12-2022,Customer Service,External,Failed,3,305.98,KodyJimenez,29,Terminated,25-34,2021,November,0,2.67,0.39,0-1 yr
Zoe,Colon,24-09-2020,02-11-2020,Software Engineer,CCDR,Part-Time,Zone C,Full-Time,Voluntary,Software Engineering,Fielders,27-07-1993,MA,Engineer,Male,4876,Other,Widowed,Fully Meets,3,1037,25-11-2022,5,1,4,25-10-2022,Leadership Development,Internal,Failed,2,646.76,ZoeColon,29,Terminated,25-34,2020,November,0,3.33,0.11,0-1 yr
Courtney,Cowan,18-01-2023,,Software Engineer,SVG,Contract,Zone B,Part-Time,Unk,Software Engineering,Field Operations,04-05-1971,MA,Crew Leader,Male,14886,Hispanic,Married,Fully Meets,3,1038,10-03-2023,5,1,2,28-07-2023,Customer Service,External,Failed,2,516.89,CourtneyCowan,51,Active,45-54,,,0,2.67,0.14,0-1 yr
Nolan,Perez,22-08-2019,25-03-2022,Software Engineer,EW,Part-Time,Zone B,Part-Time,Involuntary,Software Engineering,Finance & Accounting,17-11-1982,MA,Administrative,Female,46407,Other,Widowed,Fully Meets,3,1039,03-12-2022,2,4,5,24-01-2023,Customer Service,External,Passed,5,520.41,NolanPerez,40,Terminated,35-44,2022,March,1,3.67,2.59,1-3 yr
Katrina,Farrell,25-07-2019,17-12-2022,Software Engineer,MSC,Contract,Zone A,Part-Time,Retirement,Software Engineering,Field Operations,25-04-1972,MA,Technician,Male,74234,White,Divorced,Fully Meets,3,1040,27-09-2022,5,3,1,01-12-2022,Technical Skills,Internal,Completed,5,712.84,KatrinaFarrell,50,Terminated,45-54,2022,December,1,3,3.4,3-5 yr
Camden,Kelly,11-11-2019,10-01-2020,Software Engineer,TNS,Full-Time,Zone A,Full-Time,Retirement,Software Engineering,Engineers,04-11-1976,MA,Administrative,Male,45272,White,Single,Fully Meets,3,1041,19-01-2023,3,1,4,07-03-2023,Customer Service,Internal,Completed,3,871.12,CamdenKelly,46,Terminated,45-54,2020,January,1,2.67,0.16,0-1 yr
Milo,Hood,16-07-2022,,Software Engineer,PYZ,Contract,Zone B,Temporary,Unk,Software Engineering,Field Operations,18-08-1942,MA,Driller,Male,96170,Black,Widowed,Fully Meets,3,1042,17-02-2023,1,3,4,05-10-2022,Project Management,Internal,Passed,1,228.11,MiloHood,80,Active,55+,,,1,2.67,0.59,0-1 yr
Kale,Lang,19-12-2022,10-05-2023,Shared Services Manager,WBL,Full-Time,Zone C,Part-Time,Resignation,Software Engineering,Splicing,16-12-1955,MA,Billing,Female,65963,White,Married,Fully Meets,3,1043,25-02-2023,1,1,3,10-08-2022,Communication Skills,External,Completed,2,289.93,KaleLang,67,Terminated,55+,2023,May,1,1.67,0.39,0-1 yr
Shyanne,Stark,15-09-2020,,Shared Services Manager,NEL,Contract,Zone A,Temporary,Unk,Software Engineering,Field Operations,16-09-1956,MA,Foreman,Female,75123,Hispanic,Divorced,Fully Meets,3,1044,26-11-2022,2,4,5,13-09-2022,Technical Skills,External,Incomplete,4,920.78,ShyanneStark,66,Active,55+,,,0,3.67,2.2,1-3 yr
Elliott,Ashley,04-10-2020,27-02-2023,Senior BI Developer,PL,Full-Time,Zone C,Temporary,Involuntary,Admin Offices,Catv,10-06-1963,MA,Foreman,Female,11164,Black,Single,Fully Meets,3,1045,08-08-2022,1,4,1,11-06-2023,Customer Service,External,Completed,2,690.41,ElliottAshley,59,Terminated,55+,2023,February,1,2,2.4,1-3 yr
Genesis,Todd,23-04-2022,03-08-2022,Software Engineer,CCDR,Full-Time,Zone A,Temporary,Involuntary,Software Engineering,Underground,17-11-1962,MA,Laborer,Male,65978,White,Single,Fully Meets,3,1046,18-02-2023,3,5,4,28-07-2023,Leadership Development,Internal,Failed,2,211.39,GenesisTodd,60,Terminated,55+,2022,August,0,4,0.28,0-1 yr
Sincere,Jimenez,27-11-2021,,Software Engineer,SVG,Contract,Zone A,Part-Time,Unk,Software Engineering,Field Operations,24-11-1947,MA,Technician,Female,73877,Hispanic,Single,Fully Meets,3,1047,12-05-2023,4,2,3,27-11-2022,Project Management,Internal,Passed,2,606.63,SincereJimenez,75,Active,55+,,,1,3,1.45,1-3 yr
Stephen,Daugherty,29-11-2019,,Software Engineer,EW,Part-Time,Zone A,Temporary,Unk,Software Engineering,General - Con,19-07-1956,MA,Helper,Male,48971,Asian,Widowed,Fully Meets,3,1048,19-10-2022,3,1,4,02-12-2022,Leadership Development,Internal,Completed,5,503.99,StephenDaugherty,66,Active,55+,,,1,2.67,2.89,1-3 yr
Demarion,Morrow,30-05-2019,19-12-2020,Software Engineer,MSC,Part-Time,Zone B,Part-Time,Involuntary,Software Engineering,Field Operations,26-09-1954,MA,Technician,Male,16259,White,Married,Fully Meets,3,1049,27-07-2023,3,5,2,20-11-2022,Leadership Development,Internal,Completed,2,518.54,DemarionMorrow,68,Terminated,55+,2020,December,1,3.33,1.56,1-3 yr
Steven,Schneider,23-11-2020,,Software Engineer,TNS,Contract,Zone B,Temporary,Unk,Software Engineering,Finance & Accounting,04-07-1993,MA,Accounting,Male,64114,Black,Widowed,Fully Meets,3,1050,03-07-2023,4,5,1,03-08-2023,Customer Service,Internal,Completed,1,846.43,StevenSchneider,30,Active,25-34,,,1,3.33,2.61,1-3 yr
Devon,Hinton,08-04-2022,11-01-2023,Software Engineer,PYZ,Full-Time,Zone C,Part-Time,Involuntary,Software Engineering,Field Operations,29-04-1981,MA,Operator,Male,14669,White,Divorced,Fully Meets,3,1051,01-01-2023,2,4,5,13-10-2022,Leadership Development,Internal,Passed,3,572.94,DevonHinton,41,Terminated,35-44,2023,January,1,3.67,0.76,0-1 yr
Jacquelyn,Johns,25-02-2021,04-06-2021,Shared Services Manager,WBL,Contract,Zone B,Part-Time,Voluntary,Software Engineering,General - Con,21-06-1980,MA,Foreman,Female,52448,Hispanic,Single,Fully Meets,3,1052,19-11-2022,1,4,4,25-10-2022,Communication Skills,Internal,Incomplete,4,234.76,JacquelynJohns,42,Terminated,35-44,2021,June,0,3,0.27,0-1 yr
Blaine,Keith,13-03-2019,07-04-2021,Shared Services Manager,NEL,Contract,Zone C,Full-Time,Resignation,Software Engineering,Project Management - Con,25-07-1947,MA,Project Manager,Female,43336,Hispanic,Divorced,Fully Meets,3,1053,12-10-2022,2,1,4,19-12-2022,Communication Skills,External,Passed,4,704.7,BlaineKeith,75,Terminated,55+,2021,April,1,2.33,2.07,1-3 yr
Phillip,Salazar,12-02-2023,,Software Engineer,PL,Part-Time,Zone A,Full-Time,Unk,Software Engineering,Engineers,10-05-1993,MA,Project Manager,Male,56271,White,Single,Fully Meets,3,1054,05-07-2023,1,5,2,04-11-2022,Technical Skills,External,Failed,3,533.97,PhillipSalazar,30,Active,25-34,,,0,2.67,0.39,0-1 yr
Chaz,Webb,08-09-2018,,Software Engineer,PYZ,Contract,Zone C,Full-Time,Unk,Software Engineering,Field Operations,24-11-1995,MA,Laborer,Female,56708,White,Widowed,Fully Meets,3,1055,23-09-2022,3,4,1,15-11-2022,Customer Service,Internal,Passed,2,125.7,ChazWebb,26,Active,25-34,,,1,2.67,4.04,3-5 yr
Desmond,Anderson,18-11-2021,,Software Engineer,SVG,Contract,Zone C,Temporary,Unk,Software Engineering,Wireline Construction,01-09-1943,MA,Driver,Male,12869,Hispanic,Widowed,Fully Meets,3,1056,17-01-2023,4,2,2,16-02-2023,Leadership Development,Internal,Completed,2,442.06,DesmondAnderson,79,Active,55+,,,1,2.67,1.16,1-3 yr
Sophie,Decker,01-07-2023,,Software Engineer,TNS,Full-Time,Zone A,Full-Time,Unk,Software Engineering,Wireline Construction,27-10-1998,MA,Foreman,Male,18240,Asian,Widowed,Fully Meets,3,1057,12-03-2023,3,2,5,23-10-2022,Project Management,Internal,Failed,4,649.23,SophieDecker,24,Active,<25,,,0,3.33,-0.3,
Lena,Bryan,18-04-2022,,Software Engineer,WBL,Contract,Zone C,Temporary,Unk,Software Engineering,Billable Consultants,13-03-1942,MA,Technician,Male,77311,Hispanic,Married,Fully Meets,3,1058,06-03-2023,4,2,1,01-04-2023,Project Management,External,Incomplete,1,855.67,LenaBryan,81,Active,55+,,,0,2.33,0.88,0-1 yr
Kelsie,Mccormick,29-04-2023,,Software Engineer,BPC,Part-Time,Zone C,Full-Time,Unk,Software Engineering,Engineers,23-05-1974,MA,Engineer,Female,63959,Asian,Widowed,Fully Meets,3,1059,29-03-2023,4,3,3,16-09-2022,Technical Skills,Internal,Incomplete,3,256.82,KelsieMccormick,48,Active,45-54,,,0,3.33,-0.08,
Frida,Livingston,10-10-2018,25-12-2018,Shared Services Manager,CCDR,Part-Time,Zone B,Full-Time,Voluntary,Software Engineering,General - Con,05-02-1976,MA,Project Manager,Female,20331,Black,Single,Fully Meets,3,1060,01-07-2023,5,5,4,06-09-2022,Project Management,Internal,Completed,1,770.84,FridaLivingston,47,Terminated,45-54,2018,December,1,4.67,0.21,0-1 yr
Isai,Alvarado,20-11-2022,,Shared Services Manager,EW,Part-Time,Zone C,Part-Time,Unk,Software Engineering,General - Sga,21-05-1993,MA,Specialist,Female,45515,Other,Single,Fully Meets,3,1061,05-02-2023,3,3,1,01-08-2023,Project Management,Internal,Incomplete,2,862.33,IsaiAlvarado,29,Active,25-34,,,0,2.33,0.21,0-1 yr
Travis,Vasquez,18-05-2019,14-01-2020,Software Engineer,BPC,Part-Time,Zone A,Part-Time,Involuntary,Software Engineering,Engineers,03-11-1969,MA,Program Manager,Male,59717,Hispanic,Married,Fully Meets,3,1062,03-01-2023,3,2,1,27-11-2022,Technical Skills,Internal,Failed,5,702.84,TravisVasquez,53,Terminated,45-54,2020,January,0,2,0.66,0-1 yr
Jazlene,Maynard,22-06-2021,,Software Engineer,CCDR,Full-Time,Zone B,Temporary,Unk,Software Engineering,Aerial,19-04-1945,MA,Foreman,Female,15748,Black,Single,Fully Meets,3,1063,25-07-2023,5,2,4,15-10-2022,Technical Skills,Internal,Completed,1,523.82,JazleneMaynard,78,Active,55+,,,1,3.67,2.09,1-3 yr
Wyatt,Donovan,30-03-2022,13-04-2022,Software Engineer,SVG,Part-Time,Zone A,Part-Time,Retirement,Software Engineering,Field Operations,24-02-1987,MA,Technician,Male,67106,White,Divorced,Fully Meets,3,1064,14-12-2022,5,4,4,06-10-2022,Leadership Development,External,Passed,1,819.86,WyattDonovan,35,Terminated,35-44,2022,April,1,4.33,0.04,0-1 yr
Nathaly,Cooper,28-08-2018,,Software Engineer,EW,Contract,Zone C,Temporary,Unk,Software Engineering,Engineers,26-06-1995,MA,Engineer,Male,33438,Other,Widowed,Fully Meets,3,1065,20-01-2023,5,3,4,09-12-2022,Technical Skills,External,Passed,4,486.01,NathalyCooper,27,Active,25-34,,,1,4,4.4,3-5 yr
Gage,Weeks,27-12-2021,05-01-2023,Software Engineer,MSC,Full-Time,Zone C,Temporary,Voluntary,Software Engineering,Catv,23-04-1981,MA,Operator,Male,61106,Hispanic,Single,Fully Meets,3,1066,15-07-2023,4,3,5,14-06-2023,Communication Skills,Internal,Completed,5,769.42,GageWeeks,42,Terminated,35-44,2023,January,1,4,1.02,1-3 yr
Gavin,Frye,14-11-2020,,Software Engineer,TNS,Part-Time,Zone A,Temporary,Unk,Software Engineering,Field Operations,07-12-1948,MA,Technician,Female,25160,White,Married,Fully Meets,3,1067,10-06-2023,3,2,5,24-06-2023,Project Management,External,Completed,5,857.65,GavinFrye,74,Active,55+,,,1,3.33,2.57,1-3 yr
Amber,Ross,01-10-2021,,Software Engineer,PYZ,Full-Time,Zone B,Part-Time,Unk,Software Engineering,Wireline Construction,24-12-1998,MA,Project Manager,Female,52694,Black,Widowed,Fully Meets,3,1068,09-10-2022,3,2,2,06-11-2022,Communication Skills,External,Completed,1,238.27,AmberRoss,23,Active,<25,,,1,2.33,1.02,1-3 yr
Wyatt,Edwards,13-10-2018,28-05-2023,Shared Services Manager,WBL,Full-Time,Zone B,Part-Time,Resignation,Software Engineering,General - Con,13-09-1975,MA,Foreman,Female,30264,Other,Widowed,Fully Meets,3,1069,04-02-2023,3,1,2,22-08-2022,Communication Skills,Internal,Failed,5,886.06,WyattEdwards,47,Terminated,45-54,2023,May,0,2,4.62,3-5 yr
Karla,Reed,15-12-2018,28-05-2022,Shared Services Manager,NEL,Full-Time,Zone C,Temporary,Resignation,Software Engineering,General - Sga,04-11-1998,MA,Project Manager,Male,22326,Black,Married,Fully Meets,3,1070,05-03-2023,3,1,2,14-01-2023,Technical Skills,Internal,Failed,1,943.8,KarlaReed,24,Terminated,<25,2022,May,0,2,3.45,3-5 yr
Yadira,Mcmillan,28-03-2019,17-10-2020,Software Engineer,PL,Contract,Zone A,Part-Time,Involuntary,Software Engineering,Field Operations,23-06-1968,MA,Laborer,Male,30139,Black,Married,Fully Meets,3,1071,15-05-2023,1,2,2,16-03-2023,Communication Skills,Internal,Completed,5,234.26,YadiraMcmillan,54,Terminated,45-54,2020,October,1,1.67,1.56,1-3 yr
Fernando,Mcconnell,27-12-2018,,Software Engineer,BPC,Part-Time,Zone C,Part-Time,Unk,Software Engineering,Field Operations,20-01-1977,MA,Operator,Female,93329,Asian,Widowed,Fully Meets,3,1072,18-02-2023,2,2,3,19-05-2023,Technical Skills,Internal,Passed,5,179.91,FernandoMcconnell,46,Active,45-54,,,1,2.33,4.15,3-5 yr
Sean,Bean,11-05-2019,,Software Engineer,CCDR,Full-Time,Zone A,Full-Time,Unk,Software Engineering,Field Operations,24-09-1998,MA,Foreman,Male,67825,White,Single,Fully Meets,3,1073,16-02-2023,4,4,2,03-10-2022,Project Management,Internal,Failed,4,306.3,SeanBean,24,Active,<25,,,0,3.33,3.77,3-5 yr
Lilianna,Mccall,19-02-2021,24-02-2023,Software Engineer,SVG,Full-Time,Zone A,Temporary,Voluntary,Software Engineering,General - Con,08-07-1983,MA,Laborer,Male,86545,Asian,Divorced,Fully Meets,3,1074,10-02-2023,3,4,1,07-07-2023,Project Management,Internal,Passed,5,103.42,LiliannaMccall,39,Terminated,35-44,2023,February,1,2.67,2.01,1-3 yr
Salvador,Thomas,05-11-2022,16-04-2023,Software Engineer,EW,Part-Time,Zone B,Full-Time,Involuntary,Software Engineering,Engineers,23-04-1968,MA,Engineer,Male,76670,Asian,Married,Fully Meets,3,1075,10-04-2023,1,2,3,16-05-2023,Project Management,Internal,Passed,4,573.29,SalvadorThomas,55,Terminated,55+,2023,April,1,2,0.44,0-1 yr
Jair,Silva,22-03-2020,28-09-2020,Software Engineer,MSC,Contract,Zone C,Part-Time,Retirement,Software Engineering,General - Eng,28-01-1943,MA,Administrative,Female,29368,White,Widowed,Fully Meets,3,1076,11-04-2023,1,3,1,07-11-2022,Technical Skills,External,Incomplete,4,619.61,JairSilva,80,Terminated,55+,2020,September,0,1.67,0.52,0-1 yr
Derek,Moreno,02-02-2019,,Software Engineer,TNS,Contract,Zone B,Temporary,Unk,Software Engineering,Wireless,10-05-1992,MA,Foreman,Female,97585,Black,Single,Fully Meets,3,1077,12-10-2022,5,2,4,21-12-2022,Project Management,Internal,Incomplete,1,947.17,DerekMoreno,30,Active,25-34,,,0,3.67,3.69,3-5 yr
Litzy,Conner,24-02-2020,16-06-2021,Software Engineer,PYZ,Contract,Zone C,Temporary,Voluntary,Software Engineering,Aerial,19-03-1997,MA,Foreman,Female,42710,Asian,Divorced,Fully Meets,3,1078,28-07-2023,3,3,4,24-03-2023,Project Management,External,Passed,1,597.64,LitzyConner,26,Terminated,25-34,2021,June,1,3.33,1.31,1-3 yr
Joanna,Burnett,07-04-2021,01-05-2022,Shared Services Manager,WBL,Part-Time,Zone B,Full-Time,Resignation,Software Engineering,Project Management - Eng,11-04-2000,MA,Manager,Female,21279,Hispanic,Divorced,Fully Meets,3,1079,08-10-2022,2,2,1,15-04-2023,Communication Skills,External,Incomplete,5,861.1,JoannaBurnett,22,Terminated,<25,2022,May,0,1.67,1.07,1-3 yr
Abdullah,Frederick,14-11-2020,,Shared Services Manager,NEL,Part-Time,Zone C,Full-Time,Unk,Software Engineering,Fielders,04-08-1988,MA,Engineer,Male,17976,Black,Widowed,Fully Meets,3,1080,04-03-2023,3,1,3,22-04-2023,Customer Service,External,Passed,4,199.14,AbdullahFrederick,34,Active,25-34,,,1,2.33,2.3,1-3 yr
Armani,Porter,17-01-2022,10-08-2022,Software Engineer,EW,Contract,Zone B,Part-Time,Involuntary,Software Engineering,General - Con,24-08-1965,MA,Laborer,Male,53628,Asian,Divorced,Fully Meets,3,1081,03-03-2023,1,3,3,05-06-2023,Communication Skills,External,Failed,3,526.08,ArmaniPorter,57,Terminated,55+,2022,August,0,2.33,0.56,0-1 yr
Taylor,Sanders,02-09-2021,27-06-2023,Software Engineer,MSC,Part-Time,Zone B,Part-Time,Retirement,Software Engineering,General - Con,03-03-1976,MA,Technician,Male,84761,Other,Married,Fully Meets,3,1082,27-02-2023,1,4,1,22-04-2023,Customer Service,External,Incomplete,5,662.15,TaylorSanders,47,Terminated,45-54,2023,June,0,2,1.82,1-3 yr
Iliana,Randall,30-07-2023,,Software Engineer,NEL,Part-Time,Zone A,Full-Time,Unk,Software Engineering,Aerial,09-01-1963,MA,Supervisor,Female,2187,Asian,Divorced,Fully Meets,3,1083,09-01-2023,5,5,3,18-11-2022,Project Management,External,Completed,4,869.89,IlianaRandall,60,Active,55+,,,1,4.33,-0.55,
Luke,Henderson,27-06-2023,,Software Engineer,PL,Contract,Zone C,Part-Time,Unk,Software Engineering,Executive,12-08-1989,MA,Administrator,Male,76615,White,Single,Fully Meets,3,1084,19-02-2023,1,2,4,17-12-2022,Leadership Development,External,Completed,3,295.4,LukeHenderson,33,Active,25-34,,,1,2.33,-0.35,
Madelyn,Lambert,27-03-2022,,Software Engineer,PYZ,Contract,Zone B,Full-Time,Unk,Software Engineering,General - Con,10-03-1952,MA,Lineman,Male,18707,Other,Divorced,Fully Meets,3,1085,09-01-2023,5,5,3,01-11-2022,Customer Service,External,Passed,5,993.13,MadelynLambert,70,Active,55+,,,1,4.33,0.79,0-1 yr
Ava,Pace,12-08-2022,20-10-2022,Software Engineer,SVG,Contract,Zone A,Temporary,Voluntary,Software Engineering,Field Operations,30-07-1973,MA,Supervisor,Female,23203,Black,Single,Fully Meets,3,1086,14-03-2023,1,1,5,15-07-2023,Leadership Development,External,Completed,2,641.69,AvaPace,49,Terminated,45-54,2022,October,1,2.33,0.19,0-1 yr
Delaney,Bruce,08-07-2022,04-08-2023,Software Engineer,TNS,Part-Time,Zone A,Part-Time,Voluntary,Software Engineering,Field Operations,05-08-1974,MA,Tower Hand,Female,18844,Other,Married,Fully Meets,3,1087,03-05-2023,1,5,2,10-05-2023,Technical Skills,Internal,Incomplete,5,197.34,DelaneyBruce,48,Terminated,45-54,2023,August,0,2.67,1.07,1-3 yr
Jair,Bullock,15-08-2020,23-01-2021,Software Engineer,WBL,Contract,Zone B,Part-Time,Resignation,Software Engineering,General - Con,08-04-1991,MA,Foreman,Female,64815,White,Widowed,Fully Meets,3,1088,20-04-2023,4,3,1,17-05-2023,Leadership Development,External,Failed,2,235.15,JairBullock,32,Terminated,25-34,2021,January,0,2.67,0.44,0-1 yr
Kayla,Farrell,27-05-2023,14-06-2023,Software Engineer,BPC,Full-Time,Zone A,Temporary,Involuntary,Software Engineering,Wireline Construction,29-04-1953,MA,Groundman,Female,69860,Black,Married,Fully Meets,3,1089,19-04-2023,3,1,5,27-05-2023,Technical Skills,Internal,Passed,2,697.28,KaylaFarrell,70,Terminated,55+,2023,June,1,3,0.05,0-1 yr
Taylor,Gamble,02-01-2023,,Shared Services Manager,CCDR,Part-Time,Zone C,Full-Time,Unk,Software Engineering,Field Operations,28-08-1965,MA,Technician,Female,93542,Black,Divorced,Fully Meets,3,1090,16-05-2023,4,3,4,21-03-2023,Communication Skills,External,Completed,1,910.33,TaylorGamble,57,Active,55+,,,1,3.67,0.37,0-1 yr
Carl,Desimone,16-11-2018,03-04-2021,Production Technician I,PYZ,Contract,Zone B,Temporary,Involuntary,Production,General - Sga,26-08-1986,MA,Supervisor,Male,2061,Asian,Single,Fully Meets,3,1091,22-04-2023,2,4,3,20-10-2022,Customer Service,Internal,Incomplete,2,213.91,CarlDesimone,36,Terminated,35-44,2021,April,0,3,2.38,1-3 yr
Sophia,Theamstern,12-07-2022,,Production Technician I,PYZ,Part-Time,Zone C,Full-Time,Unk,Production,Field Operations,27-01-1970,MA,Clerk,Female,2066,Hispanic,Divorced,Fully Meets,3,1092,08-03-2023,1,4,1,20-09-2022,Communication Skills,Internal,Completed,5,971.46,SophiaTheamstern,53,Active,45-54,,,1,2,0.65,0-1 yr
Kara,Harrison,16-12-2022,,Production Technician I,NEL,Contract,Zone B,Part-Time,Unk,Production,Engineers,26-04-1979,MA,Engineer,Female,1886,Asian,Widowed,Fully Meets,3,1093,05-03-2023,3,1,4,07-07-2023,Customer Service,External,Failed,5,995.52,KaraHarrison,43,Active,35-44,,,0,2.67,0.22,0-1 yr
Ming,Huynh,08-05-2023,,Production Technician II,EW,Part-Time,Zone A,Full-Time,Unk,Production,Field Operations,18-03-1994,MA,Foreman,Female,1742,Other,Single,Fully Meets,3,1094,22-01-2023,5,4,5,18-08-2022,Communication Skills,Internal,Failed,4,161.4,MingHuynh,28,Active,25-34,,,0,4.67,-0.29,
Karen,Mancuso,07-04-2023,,Production Technician II,WBL,Full-Time,Zone A,Temporary,Unk,Production,Engineers,28-11-1941,MA,Engineer,Female,2176,Hispanic,Divorced,Fully Meets,3,1095,17-03-2023,1,2,1,17-08-2022,Customer Service,Internal,Passed,4,715.87,KarenMancuso,81,Active,55+,,,1,1.33,-0.06,
Linda,Anderson,15-02-2022,19-10-2022,Production Technician I,PYZ,Part-Time,Zone C,Part-Time,Voluntary,Production,Shop (Fleet),11-01-1973,MA,Mechanic,Female,1844,Asian,Married,Fully Meets,3,1096,17-12-2022,1,3,2,25-09-2022,Technical Skills,External,Incomplete,5,778.25,LindaAnderson,49,Terminated,45-54,2022,October,0,2,0.67,0-1 yr
Nilson,Fernandes,17-07-2023,03-08-2023,Production Technician I,SVG,Contract,Zone B,Part-Time,Involuntary,Production,Field Operations,02-08-1999,MA,Technician,Male,2132,Hispanic,Divorced,Fully Meets,3,1097,31-10-2022,1,2,5,11-08-2022,Customer Service,Internal,Completed,1,609.5,NilsonFernandes,23,Terminated,<25,2023,August,1,2.67,0.05,0-1 yr
Alain,Robinson,03-05-2019,02-06-2023,Production Technician I,PL,Part-Time,Zone A,Temporary,Involuntary,Production,General - Eng,10-01-1993,MA,Engineer,Male,1420,Asian,Widowed,Fully Meets,3,1098,28-12-2022,2,2,2,13-05-2023,Leadership Development,External,Failed,5,666.67,AlainRobinson,29,Terminated,25-34,2023,June,0,2,4.08,3-5 yr
Seffi,Shields,25-03-2022,22-04-2022,Production Technician I,SVG,Part-Time,Zone A,Part-Time,Retirement,Production,Field Operations,24-12-1971,MA,Laborer,Female,2149,Other,Single,Fully Meets,3,1099,04-08-2023,1,5,5,30-10-2022,Project Management,External,Incomplete,5,797.05,SeffiShields,51,Terminated,45-54,2022,April,0,3.67,0.08,0-1 yr
Horia,Ndzi,07-04-2020,,Production Technician I,EW,Full-Time,Zone C,Temporary,Unk,Production,Field Operations,10-05-1964,MA,Laborer,Male,2421,White,Divorced,Fully Meets,3,1100,10-09-2022,1,4,5,25-02-2023,Communication Skills,External,Completed,3,518.56,HoriaNdzi,58,Active,55+,,,1,3.33,2.43,1-3 yr
Evelyn,Girifalco,10-03-2021,,Production Technician I,TNS,Full-Time,Zone A,Part-Time,Unk,Production,Engineers,19-03-1944,MA,Engineer,Female,2451,White,Widowed,Fully Meets,3,1101,21-03-2023,1,1,3,31-03-2023,Communication Skills,Internal,Passed,5,426.82,EvelynGirifalco,79,Active,55+,,,1,1.67,2.03,1-3 yr
Ermine,Pelletier,04-08-2019,,Production Technician II,EW,Part-Time,Zone A,Part-Time,Unk,Production,General - Con,19-09-1953,MA,Groundman,Female,2472,Black,Single,Fully Meets,3,1102,02-03-2023,5,1,4,31-12-2022,Project Management,External,Failed,2,150.04,ErminePelletier,69,Active,55+,,,0,3.33,3.58,3-5 yr
Samuel,MacLennan,11-04-2021,27-05-2023,Production Technician I,BPC,Full-Time,Zone C,Temporary,Involuntary,Production,Splicing,02-04-1957,MA,Splicer,Male,1938,Asian,Widowed,Fully Meets,3,1103,06-11-2022,5,3,1,05-07-2023,Leadership Development,External,Passed,3,308.21,SamuelMacLennan,65,Terminated,55+,2023,May,1,3,2.12,1-3 yr
Sean,Bernstein,16-06-2019,,Production Technician I,PYZ,Part-Time,Zone C,Temporary,Unk,Production,General - Eng,14-09-1995,MA,Supervisor,Male,2072,Asian,Divorced,Fully Meets,3,1104,21-12-2022,1,4,2,11-08-2022,Communication Skills,Internal,Completed,4,766.77,SeanBernstein,27,Active,25-34,,,1,2.33,3.52,3-5 yr
Shakira,Perry,08-10-2020,04-12-2022,Production Technician I,PL,Contract,Zone A,Full-Time,Voluntary,Production,General - Con,11-10-1948,MA,Technician,Female,2176,Hispanic,Single,Fully Meets,3,1105,15-02-2023,1,4,1,17-01-2023,Technical Skills,Internal,Incomplete,4,172.19,ShakiraPerry,74,Terminated,55+,2022,December,0,2,2.15,1-3 yr
Michael J,Fitzpatrick,18-08-2021,,Production Technician II,BPC,Full-Time,Zone B,Temporary,Unk,Production,Aerial,01-01-1995,MA,Lineman,Male,2143,Other,Single,Fully Meets,3,1106,31-01-2023,2,3,3,31-10-2022,Project Management,Internal,Completed,1,742.55,Michael JFitzpatrick,28,Active,25-34,,,1,2.67,1.45,1-3 yr
Cybil,Trzeciak,16-03-2020,,Production Technician II,BPC,Contract,Zone A,Part-Time,Unk,Production,Wireline Construction,09-02-1992,MA,Laborer,Female,1778,Other,Single,Fully Meets,3,1107,18-10-2022,4,5,1,26-01-2023,Technical Skills,Internal,Failed,2,231.28,CybilTrzeciak,30,Active,25-34,,,0,3.33,2.59,1-3 yr
Barry,Wilber,24-01-2019,,Production Technician I,TNS,Full-Time,Zone A,Full-Time,Unk,Production,General - Con,18-04-1969,MA,Flagger,Male,2324,White,Married,Fully Meets,3,1108,24-07-2023,4,5,3,23-05-2023,Customer Service,Internal,Completed,5,124.54,BarryWilber,54,Active,45-54,,,1,4,4.5,3-5 yr
Enola,Chivukula,11-06-2022,25-09-2022,Production Technician I,EW,Full-Time,Zone C,Part-Time,Retirement,Production,Field Operations,01-10-1981,MA,Laborer,Female,1775,White,Divorced,Fully Meets,3,1109,16-10-2022,4,5,4,21-01-2023,Leadership Development,External,Completed,5,898.37,EnolaChivukula,41,Terminated,35-44,2022,September,1,4.33,0.29,0-1 yr
Joelle,Burke,02-07-2022,,Production Technician II,NEL,Full-Time,Zone B,Temporary,Unk,Production,General - Con,05-05-1987,MA,Foreman,Female,2148,Asian,Single,Fully Meets,3,1110,23-02-2023,1,1,4,13-10-2022,Customer Service,Internal,Passed,2,764.36,JoelleBurke,35,Active,35-44,,,1,2,0.65,0-1 yr
Alexandra,Kirill,08-09-2019,29-08-2020,Production Technician I,BPC,Full-Time,Zone A,Part-Time,Retirement,Production,Splicing,31-05-1952,MA,Splicer,Female,2127,White,Widowed,Fully Meets,3,1111,11-05-2023,4,1,1,05-12-2022,Project Management,Internal,Failed,5,786.57,AlexandraKirill,70,Terminated,55+,2020,August,0,2,0.97,0-1 yr
Celeste,Johnson,10-07-2022,,Production Technician I,MSC,Full-Time,Zone A,Part-Time,Unk,Production,Engineers,15-07-1975,MA,Project Manager,Female,84262,White,Single,Fully Meets,3,1112,06-07-2023,4,1,1,30-09-2022,Communication Skills,Internal,Failed,3,668.05,CelesteJohnson,48,Active,45-54,,,0,2,0.99,0-1 yr
Nathalia,Hendrix,24-04-2022,,Production Technician I,NEL,Contract,Zone B,Part-Time,Unk,Production,General - Con,03-09-1976,MA,Lineman,Female,31490,Asian,Divorced,Fully Meets,3,1113,09-04-2023,3,3,5,20-01-2023,Technical Skills,External,Incomplete,2,956.92,NathaliaHendrix,46,Active,45-54,,,0,3.67,0.96,0-1 yr
Justus,Bowen,31-03-2020,,Production Technician I,PL,Full-Time,Zone C,Part-Time,Unk,Production,General - Con,31-12-1960,MA,Laborer,Female,59522,Hispanic,Widowed,Fully Meets,3,1114,03-03-2023,1,3,3,25-02-2023,Communication Skills,Internal,Incomplete,1,912.27,JustusBowen,62,Active,55+,,,0,2.33,2.92,1-3 yr
Marcus,Bender,23-03-2019,,Production Technician I,PYZ,Contract,Zone A,Part-Time,Unk,Production,Field Operations,19-02-1997,MA,Technician,Male,63452,Black,Widowed,Fully Meets,3,1115,11-03-2023,4,1,3,19-05-2023,Customer Service,Internal,Incomplete,4,881.71,MarcusBender,26,Active,25-34,,,0,2.67,3.97,3-5 yr
Ryker,Logan,09-03-2019,12-07-2023,Production Technician I,SVG,Full-Time,Zone A,Full-Time,Voluntary,Production,Field Operations,10-08-1984,MA,Clerk,Male,50055,White,Divorced,Fully Meets,3,1116,16-12-2022,3,4,4,16-05-2023,Communication Skills,Internal,Incomplete,4,557.68,RykerLogan,38,Terminated,35-44,2023,July,0,3.67,4.34,3-5 yr
Payten,Middleton,21-02-2019,06-03-2019,Production Technician I,TNS,Full-Time,Zone C,Temporary,Resignation,Production,General - Con,23-08-1997,MA,Technician,Male,6139,Other,Divorced,Fully Meets,3,1117,29-07-2023,4,5,1,12-01-2023,Communication Skills,Internal,Completed,4,271.68,PaytenMiddleton,25,Terminated,25-34,2019,March,1,3.33,0.04,0-1 yr
Harrison,Hunt,04-10-2019,26-11-2022,Production Technician I,WBL,Full-Time,Zone B,Temporary,Retirement,Production,Engineers,29-02-1976,MA,Project Manager,Male,44761,Asian,Divorced,Fully Meets,3,1118,22-02-2023,1,5,3,16-12-2022,Communication Skills,External,Completed,2,299.68,HarrisonHunt,47,Terminated,45-54,2022,November,1,3,3.15,3-5 yr
Orlando,Henderson,24-11-2019,20-12-2020,Production Technician I,BPC,Part-Time,Zone C,Part-Time,Involuntary,Production,Field Operations,31-12-1994,MA,Laborer,Female,49105,White,Single,Fully Meets,3,1119,16-04-2023,4,4,5,08-07-2023,Communication Skills,Internal,Incomplete,5,440.28,OrlandoHenderson,28,Terminated,25-34,2020,December,0,4.33,1.07,1-3 yr
Darian,Potts,17-08-2020,,Production Technician I,CCDR,Part-Time,Zone B,Temporary,Unk,Production,People Services,20-09-1968,MA,Administration,Female,24637,Black,Divorced,Fully Meets,3,1120,05-06-2023,3,3,4,10-03-2023,Leadership Development,Internal,Incomplete,4,553.83,DarianPotts,54,Active,45-54,,,0,3.33,2.8,1-3 yr
Isabela,Collins,16-03-2021,,Production Manager,EW,Part-Time,Zone C,Full-Time,Unk,Production,Aerial,29-05-1981,MA,Lineman,Female,87582,Hispanic,Widowed,Fully Meets,3,1121,21-01-2023,1,1,4,19-09-2022,Leadership Development,Internal,Failed,1,428.9,IsabelaCollins,41,Active,35-44,,,0,2,1.85,1-3 yr
Sierra,Macias,16-11-2021,26-08-2022,Production Manager,MSC,Contract,Zone C,Part-Time,Retirement,Production,General - Con,13-11-1975,MA,Technician,Female,35632,White,Married,Fully Meets,3,1122,04-12-2022,2,1,2,21-01-2023,Communication Skills,Internal,Passed,3,444.4,SierraMacias,47,Terminated,45-54,2022,August,1,1.67,0.77,0-1 yr
Giuliana,Farmer,03-05-2022,,Production Manager,NEL,Full-Time,Zone B,Full-Time,Unk,Production,Field Operations,06-11-1965,MA,Lineman,Female,38475,Other,Married,Fully Meets,3,1123,10-06-2023,2,3,1,31-01-2023,Project Management,Internal,Completed,4,254.38,GiulianaFarmer,57,Active,55+,,,1,2,1.1,1-3 yr
Pierce,Robbins,24-12-2019,11-11-2022,Production Manager,PL,Full-Time,Zone A,Full-Time,Involuntary,Production,Engineers,17-06-1986,MA,Technician,Female,80817,Other,Married,Fully Meets,3,1124,27-02-2023,3,2,3,03-11-2022,Communication Skills,Internal,Failed,1,256.21,PierceRobbins,36,Terminated,35-44,2022,November,0,2.67,2.88,1-3 yr
Lamont,Bridges,21-10-2021,,Production Technician II,WBL,Contract,Zone B,Part-Time,Unk,Production,Aerial,05-05-1991,MA,Lineman,Male,10511,Hispanic,Married,Fully Meets,3,1125,17-03-2023,4,3,4,14-12-2022,Communication Skills,Internal,Incomplete,2,756.19,LamontBridges,31,Active,25-34,,,0,3.67,1.4,1-3 yr
Gretchen,Richard,08-09-2018,06-03-2020,Production Technician II,NEL,Part-Time,Zone C,Temporary,Retirement,Production,Engineers,27-10-1959,MA,Engineer,Male,6305,White,Divorced,Fully Meets,3,1126,23-04-2023,3,3,2,29-07-2023,Technical Skills,Internal,Failed,4,500.45,GretchenRichard,63,Terminated,55+,2020,March,0,2.67,1.49,1-3 yr
Axel,Hart,26-02-2019,,Production Technician II,PL,Full-Time,Zone A,Full-Time,Unk,Production,General - Con,28-03-2001,MA,Technician,Male,33576,White,Married,Fully Meets,3,1127,27-01-2023,5,1,3,04-09-2022,Communication Skills,External,Incomplete,2,500.83,AxelHart,21,Active,<25,,,0,3,3.92,3-5 yr
Emma,Escobar,21-04-2023,,Production Technician II,BPC,Part-Time,Zone B,Part-Time,Unk,Production,General - Con,20-06-1957,MA,Technician,Female,12707,Hispanic,Married,Fully Meets,3,1128,18-02-2023,4,2,4,17-05-2023,Communication Skills,Internal,Incomplete,1,773.8,EmmaEscobar,65,Active,55+,,,0,3.33,-0.17,
Maximilian,Craig,19-09-2019,23-10-2021,Production Technician II,CCDR,Full-Time,Zone B,Part-Time,Resignation,Production,Field Operations,17-05-1956,MA,Tower Hand,Female,73131,Other,Married,Fully Meets,3,1129,31-10-2022,1,1,1,11-09-2022,Technical Skills,Internal,Passed,2,768.06,MaximilianCraig,66,Terminated,55+,2021,October,1,1,2.09,1-3 yr
Erik,Padilla,23-12-2020,,Production Technician I,SVG,Contract,Zone A,Part-Time,Unk,Production,Technology / It,17-02-1997,MA,Intern,Female,37659,Hispanic,Divorced,Fully Meets,3,1130,07-05-2023,1,5,4,09-11-2022,Leadership Development,External,Completed,3,777.7,ErikPadilla,26,Active,25-34,,,1,3.33,2.37,1-3 yr
Gilbert,Duffy,29-03-2019,,Production Technician I,EW,Part-Time,Zone B,Part-Time,Unk,Production,Splicing,22-03-1995,MA,Operator,Female,48502,Black,Single,Fully Meets,3,1131,11-05-2023,4,4,4,31-03-2023,Customer Service,Internal,Incomplete,2,943.05,GilbertDuffy,28,Active,25-34,,,0,4,4.12,3-5 yr
Raymond,Ayers,15-05-2021,03-05-2023,Production Technician I,NEL,Contract,Zone B,Full-Time,Involuntary,Production,Aerial,04-11-1963,MA,Laborer,Female,88428,Hispanic,Widowed,Fully Meets,3,1132,15-07-2023,1,5,5,27-09-2022,Communication Skills,Internal,Passed,4,475.91,RaymondAyers,59,Terminated,55+,2023,May,1,3.67,1.97,1-3 yr
Vincent,Wyatt,14-03-2022,02-10-2022,Production Technician I,PL,Full-Time,Zone B,Part-Time,Voluntary,Production,Aerial,20-11-1949,MA,Engineer,Female,95347,Hispanic,Married,Fully Meets,3,1133,15-06-2023,1,2,4,19-08-2022,Customer Service,External,Passed,3,107.14,VincentWyatt,73,Terminated,55+,2022,October,1,2.33,0.55,0-1 yr
Micah,Stanley,06-12-2021,08-01-2022,Production Technician I,BPC,Part-Time,Zone C,Temporary,Retirement,Production,General - Con,07-09-1996,MA,Technician,Female,80920,Asian,Single,Fully Meets,3,1134,29-12-2022,4,1,2,09-12-2022,Communication Skills,External,Passed,1,271.49,MicahStanley,26,Terminated,25-34,2022,January,1,2.33,0.09,0-1 yr
Evan,Chen,27-10-2021,,Production Technician I,CCDR,Full-Time,Zone A,Temporary,Unk,Production,Engineers,30-08-1964,MA,Principal,Male,7440,Other,Widowed,Fully Meets,3,1135,23-02-2023,5,4,4,22-03-2023,Project Management,Internal,Passed,2,524.23,EvanChen,58,Active,55+,,,1,4.33,1.33,1-3 yr
Serenity,Thornton,01-04-2023,,Production Technician I,SVG,Full-Time,Zone A,Temporary,Unk,Production,Field Operations,27-03-1946,MA,Driver,Male,84202,Other,Divorced,Fully Meets,3,1136,09-04-2023,2,5,2,25-12-2022,Customer Service,External,Completed,3,535.88,SerenityThornton,77,Active,55+,,,1,3,0.02,0-1 yr
Talan,Rivas,29-05-2019,,Production Technician I,EW,Full-Time,Zone C,Part-Time,Unk,Production,Field Operations,28-02-1954,MA,Laborer,Male,3187,Black,Single,Fully Meets,3,1137,12-11-2022,3,3,5,09-09-2022,Communication Skills,Internal,Passed,5,270.92,TalanRivas,68,Active,55+,,,1,3.67,3.46,3-5 yr
Calvin,Braun,12-07-2019,12-07-2022,Production Technician I,MSC,Full-Time,Zone B,Temporary,Involuntary,Production,General - Eng,02-08-1983,MA,Coordinator,Male,2766,Black,Divorced,Fully Meets,3,1138,19-10-2022,4,5,1,10-09-2022,Customer Service,Internal,Failed,4,155.14,CalvinBraun,39,Terminated,35-44,2022,July,0,3.33,3,1-3 yr
Cale,Bender,10-08-2018,21-02-2022,Production Technician I,TNS,Contract,Zone A,Temporary,Involuntary,Production,Splicing,11-04-1953,MA,Technician,Male,75014,Hispanic,Married,Fully Meets,3,1139,27-08-2022,2,4,2,01-10-2022,Customer Service,External,Completed,1,930.06,CaleBender,69,Terminated,55+,2022,February,1,2.67,3.53,3-5 yr
Kirsten,Vance,29-09-2021,,Production Technician I,PYZ,Part-Time,Zone C,Full-Time,Unk,Production,Engineers,11-08-1988,MA,Engineer,Female,53486,Black,Single,Fully Meets,3,1140,04-05-2023,5,3,2,27-09-2022,Customer Service,Internal,Passed,1,949.81,KirstenVance,34,Active,25-34,,,1,3.33,1.59,1-3 yr
Cade,Cox,05-08-2021,,Production Technician I,WBL,Contract,Zone A,Full-Time,Unk,Production,Field Operations,14-08-1941,MA,Locator,Female,73898,Black,Divorced,Fully Meets,3,1141,26-12-2022,5,5,2,17-05-2023,Technical Skills,Internal,Incomplete,1,635.31,CadeCox,81,Active,55+,,,0,4,1.39,1-3 yr
Ibrahim,Wolfe,02-08-2023,,Production Manager,NEL,Full-Time,Zone B,Temporary,Unk,Production,Project Management - Con,10-11-1992,MA,Coordinator,Female,89723,Asian,Married,Fully Meets,3,1142,21-06-2023,4,4,4,17-07-2023,Leadership Development,External,Completed,3,675.04,IbrahimWolfe,30,Active,25-34,,,1,4,-0.11,
Elianna,Schmitt,02-09-2018,28-07-2021,Production Manager,PL,Contract,Zone A,Full-Time,Resignation,Production,Field Operations,20-06-1942,MA,Lineman,Female,46695,Hispanic,Widowed,Fully Meets,3,1143,13-12-2022,2,4,2,20-12-2022,Customer Service,Internal,Failed,3,563.38,EliannaSchmitt,80,Terminated,55+,2021,July,0,2.67,2.9,1-3 yr
Colby,Wolfe,13-10-2019,,Production Manager,BPC,Part-Time,Zone B,Part-Time,Unk,Production,Wireline Construction,16-04-1963,MA,Project Manager,Female,12711,Asian,Single,Fully Meets,3,1144,03-11-2022,5,3,2,10-01-2023,Communication Skills,External,Completed,4,750.25,ColbyWolfe,59,Active,55+,,,1,3.33,3.06,3-5 yr
Autumn,Barrera,24-09-2020,,Production Technician II,TNS,Contract,Zone B,Full-Time,Unk,Production,Shop (Fleet),04-03-1948,MA,Shop,Male,66792,Hispanic,Married,Fully Meets,3,1145,24-10-2022,3,3,4,15-11-2022,Technical Skills,Internal,Incomplete,2,401.53,AutumnBarrera,74,Active,55+,,,0,3.33,2.08,1-3 yr
Emmalee,Cervantes,06-08-2023,,Production Technician II,SVG,Contract,Zone C,Part-Time,Unk,Production,Field Operations,10-11-1963,MA,Groundman,Male,81317,Hispanic,Divorced,Fully Meets,3,1146,21-09-2022,3,2,2,28-06-2023,Technical Skills,External,Failed,3,894.88,EmmaleeCervantes,58,Active,55+,,,0,2.33,-0.87,
Ernest,Willis,11-06-2019,27-02-2022,Production Technician II,PYZ,Full-Time,Zone B,Full-Time,Involuntary,Production,General - Con,30-09-1943,MA,Lineman,Female,50894,Black,Single,Fully Meets,3,1147,19-03-2023,1,3,5,25-01-2023,Leadership Development,Internal,Failed,2,247.58,ErnestWillis,79,Terminated,55+,2022,February,0,3,2.72,1-3 yr
Jaxon,Anderson,14-02-2019,,Production Technician II,PL,Part-Time,Zone A,Temporary,Unk,Production,Wireline Construction,22-06-1943,MA,Project Manager,Female,22415,Black,Married,Fully Meets,3,1148,02-04-2023,4,1,3,01-09-2022,Communication Skills,External,Passed,3,529,JaxonAnderson,79,Active,55+,,,1,2.67,4.13,3-5 yr
Precious,Caldwell,17-03-2022,,Production Technician II,NEL,Part-Time,Zone C,Temporary,Unk,Production,Field Operations,17-09-1941,MA,Locator,Female,5855,Asian,Married,Fully Meets,3,1149,03-11-2022,3,2,5,31-07-2023,Leadership Development,External,Failed,5,483.99,PreciousCaldwell,81,Active,55+,,,0,3.33,0.63,0-1 yr
Yahir,Serrano,05-08-2020,,Production Technician I,MSC,Part-Time,Zone A,Full-Time,Unk,Production,Aerial,03-04-1981,MA,Lineman,Female,64124,White,Single,Fully Meets,3,1150,28-12-2022,3,4,4,03-06-2023,Project Management,External,Incomplete,5,797.35,YahirSerrano,41,Active,35-44,,,0,3.67,2.4,1-3 yr
Krystal,Peterson,23-08-2022,,Production Technician I,EW,Part-Time,Zone A,Part-Time,Unk,Production,Field Operations,29-06-1978,MA,Laborer,Male,2497,Asian,Widowed,Fully Meets,3,1151,12-12-2022,5,3,1,19-12-2022,Project Management,External,Passed,4,707.59,KrystalPeterson,44,Active,35-44,,,1,3,0.3,0-1 yr
Jadyn,Haley,12-01-2023,,Production Technician I,CCDR,Full-Time,Zone A,Full-Time,Unk,Production,Engineers,02-10-1963,MA,Engineer,Female,36242,Other,Divorced,Fully Meets,3,1152,14-12-2022,1,1,5,29-03-2023,Customer Service,External,Incomplete,2,564.48,JadynHaley,59,Active,55+,,,0,2.33,-0.08,
Davis,Roberts,14-04-2020,10-09-2021,Production Technician I,EW,Part-Time,Zone A,Temporary,Resignation,Production,Field Operations,20-10-1941,MA,Laborer,Female,87428,Asian,Divorced,Fully Meets,3,1153,28-02-2023,3,4,2,02-12-2022,Communication Skills,Internal,Failed,4,555.35,DavisRoberts,81,Terminated,55+,2021,September,0,3,1.41,1-3 yr
Meadow,Avery,27-09-2021,05-02-2023,Production Technician I,MSC,Full-Time,Zone C,Part-Time,Retirement,Production,Field Operations,01-11-1987,MA,Laborer,Female,76772,White,Married,Fully Meets,3,1154,09-06-2023,1,3,2,12-08-2022,Customer Service,Internal,Incomplete,3,338.48,MeadowAvery,35,Terminated,35-44,2023,February,0,2,1.36,1-3 yr
Allyson,Owen,17-11-2018,12-03-2020,Production Technician I,NEL,Contract,Zone A,Temporary,Resignation,Production,Finance & Accounting,06-11-1951,MA,Clerk,Female,21218,Other,Married,Fully Meets,3,1155,25-08-2022,2,3,1,10-09-2022,Technical Skills,Internal,Failed,1,339.01,AllysonOwen,70,Terminated,55+,2020,March,0,2,1.32,1-3 yr
Francisco,Simon,22-07-2019,28-02-2023,Production Technician I,PL,Contract,Zone A,Full-Time,Voluntary,Production,Billable Consultants,20-04-1980,MA,Project Manager,Male,94316,Hispanic,Married,Fully Meets,3,1156,12-05-2023,1,5,2,04-09-2022,Customer Service,Internal,Incomplete,5,939.49,FranciscoSimon,43,Terminated,35-44,2023,February,0,2.67,3.61,3-5 yr
Trent,Christian,10-02-2019,,Production Technician I,PYZ,Part-Time,Zone A,Temporary,Unk,Production,Wireline Construction,18-03-1996,MA,Manager,Male,39746,Hispanic,Married,Fully Meets,3,1157,06-06-2023,1,4,2,11-10-2022,Technical Skills,External,Passed,1,276.47,TrentChristian,27,Active,25-34,,,1,2.33,4.32,3-5 yr
Chaya,Boyd,22-11-2018,19-07-2020,Production Technician I,SVG,Full-Time,Zone A,Full-Time,Resignation,Production,Field Operations,04-07-1958,MA,Technician,Male,96001,Asian,Widowed,Fully Meets,3,1158,17-03-2023,2,4,4,14-09-2022,Customer Service,External,Completed,3,154.71,ChayaBoyd,64,Terminated,55+,2020,July,1,3.33,1.66,1-3 yr
Nehemiah,Rivas,23-04-2023,,Production Technician I,TNS,Part-Time,Zone A,Temporary,Unk,Production,Splicing,03-06-1979,MA,Splicer,Male,62733,Other,Divorced,Fully Meets,3,1159,18-02-2023,1,2,4,27-12-2022,Leadership Development,External,Failed,3,674.24,NehemiahRivas,43,Active,35-44,,,0,2.33,-0.18,
Wyatt,Spence,26-12-2022,23-05-2023,Production Technician I,WBL,Part-Time,Zone B,Full-Time,Retirement,Production,General - Con,10-09-1976,MA,Flagger,Female,66418,Asian,Single,Fully Meets,3,1160,20-08-2022,4,2,3,07-11-2022,Leadership Development,External,Failed,2,137.96,WyattSpence,45,Terminated,45-54,2023,May,0,3,0.41,0-1 yr
Abram,Fisher,14-06-2020,,Production Technician I,PYZ,Contract,Zone B,Part-Time,Unk,Production,Yard (Material Handling),30-08-1954,MA,Runner,Female,78453,Other,Widowed,Fully Meets,3,1161,09-04-2023,3,4,4,13-11-2022,Technical Skills,Internal,Passed,5,926.85,AbramFisher,68,Active,55+,,,1,3.67,2.82,1-3 yr
Jayleen,Oconnell,29-03-2022,20-05-2023,Production Technician I,WBL,Full-Time,Zone C,Temporary,Resignation,Production,General - Con,17-08-1983,MA,Laborer,Female,85444,Asian,Widowed,Fully Meets,3,1162,05-10-2022,3,3,2,02-09-2022,Communication Skills,External,Incomplete,1,846.55,JayleenOconnell,39,Terminated,35-44,2023,May,0,2.67,1.14,1-3 yr
Jordon,Meadows,18-12-2022,,Production Manager,NEL,Contract,Zone A,Part-Time,Unk,Production,Project Management - Con,07-02-1996,MA,Manager,Female,93166,White,Divorced,Fully Meets,3,1163,14-12-2022,1,2,3,23-02-2023,Communication Skills,External,Passed,3,734.77,JordonMeadows,26,Active,25-34,,,1,2,-0.01,
Justice,Pineda,21-03-2019,,Production Manager,PL,Part-Time,Zone A,Part-Time,Unk,Production,General - Sga,25-10-1950,MA,Project Coordinator,Female,12732,Other,Married,Fully Meets,3,1164,23-10-2022,5,5,5,01-03-2023,Technical Skills,Internal,Incomplete,3,315.09,JusticePineda,72,Active,55+,,,0,5,3.59,3-5 yr
Isiah,Decker,08-02-2021,,Production Manager,BPC,Full-Time,Zone C,Full-Time,Unk,Production,Field Operations,09-09-1998,MA,Laborer,Female,48895,Other,Widowed,Fully Meets,3,1165,09-01-2023,3,3,1,27-09-2022,Communication Skills,Internal,Passed,3,686.05,IsiahDecker,24,Active,<25,,,1,2.33,1.92,1-3 yr
Giada,Boone,06-06-2022,,Production Technician II,WBL,Full-Time,Zone A,Temporary,Unk,Production,Field Operations,13-01-1965,MA,Foreman,Male,73043,Other,Married,Fully Meets,3,1166,27-02-2023,2,1,4,10-08-2022,Communication Skills,External,Passed,4,942.51,GiadaBoone,58,Active,55+,,,1,2.33,0.73,0-1 yr
Camryn,Guerra,01-11-2021,,Production Technician II,NEL,Contract,Zone B,Full-Time,Unk,Production,Field Operations,01-09-1955,MA,Laborer,Female,69064,Other,Single,Fully Meets,3,1167,22-05-2023,2,3,4,23-02-2023,Project Management,Internal,Failed,4,782.82,CamrynGuerra,67,Active,55+,,,0,3,1.55,1-3 yr
Melody,Rollins,19-01-2023,,Production Technician II,PL,Contract,Zone A,Full-Time,Unk,Production,Field Operations,10-01-1951,MA,Assistant,Female,85041,White,Married,Fully Meets,3,1168,28-08-2022,2,2,2,02-09-2022,Project Management,Internal,Failed,1,370.64,MelodyRollins,71,Active,55+,,,0,2,-0.39,
Lucia,Cummings,30-07-2020,,Production Technician II,BPC,Contract,Zone B,Part-Time,Unk,Production,Field Operations,15-09-1960,MA,Operator,Female,66037,Asian,Single,Fully Meets,3,1169,03-08-2023,1,3,2,30-06-2023,Technical Skills,Internal,Incomplete,1,487.66,LuciaCummings,62,Active,55+,,,0,2,3.01,3-5 yr
Jaylen,Serrano,16-07-2023,,Production Technician II,CCDR,Part-Time,Zone C,Full-Time,Unk,Production,Underground,18-07-1951,MA,Laborer,Female,53112,Black,Single,Fully Meets,3,1170,05-02-2023,1,5,4,04-08-2023,Communication Skills,External,Incomplete,1,179.85,JaylenSerrano,71,Active,55+,,,0,3.33,-0.44,
Jayson,Bright,16-06-2022,,Production Technician I,SVG,Part-Time,Zone A,Part-Time,Unk,Production,Field Operations,24-07-1953,MA,Laborer,Female,93320,Hispanic,Single,Fully Meets,3,1171,24-06-2023,4,1,4,07-09-2022,Project Management,Internal,Completed,1,294.74,JaysonBright,69,Active,55+,,,1,3,1.02,1-3 yr
Carlie,Wilkerson,13-06-2021,27-05-2022,Production Technician I,EW,Full-Time,Zone C,Full-Time,Voluntary,Production,Engineers,20-05-1952,MA,Engineer,Male,39849,Asian,Married,Fully Meets,3,1172,19-06-2023,1,3,2,30-03-2023,Communication Skills,External,Passed,5,202.09,CarlieWilkerson,71,Terminated,55+,2022,May,1,2,0.95,0-1 yr
Kaylyn,Patrick,14-11-2020,01-11-2021,Production Technician I,BPC,Full-Time,Zone C,Full-Time,Resignation,Production,Isp,30-01-1968,MA,Manager,Female,38596,White,Widowed,Fully Meets,3,1173,16-06-2023,5,5,2,09-02-2023,Customer Service,Internal,Passed,4,901.42,KaylynPatrick,55,Terminated,55+,2021,November,1,4,0.96,0-1 yr
Evie,Pope,16-06-2020,13-03-2023,Production Technician I,CCDR,Full-Time,Zone C,Temporary,Resignation,Production,Field Operations,10-12-1973,MA,Construction Manager,Female,31731,Other,Widowed,Fully Meets,3,1174,06-03-2023,2,1,5,12-05-2023,Project Management,External,Incomplete,3,454.23,EviePope,49,Terminated,45-54,2023,March,0,2.67,2.74,1-3 yr
Nayeli,Kelley,20-12-2018,24-12-2020,Production Technician I,EW,Full-Time,Zone A,Part-Time,Voluntary,Production,Catv,04-08-1996,MA,Laborer,Female,38710,Asian,Divorced,Fully Meets,3,1175,22-04-2023,2,1,2,04-01-2023,Project Management,Internal,Passed,3,460.39,NayeliKelley,26,Terminated,25-34,2020,December,1,1.67,2.01,1-3 yr
Krista,Franco,29-10-2022,,Production Technician I,MSC,Contract,Zone A,Part-Time,Unk,Production,Engineers,27-12-1960,MA,Project Manager,Female,7184,White,Married,Fully Meets,3,1176,17-10-2022,2,2,5,14-02-2023,Leadership Development,Internal,Completed,2,644.72,KristaFranco,61,Active,55+,,,1,3,-0.03,
Teresa,Farrell,20-07-2020,,Production Technician I,NEL,Contract,Zone A,Temporary,Unk,Production,Aerial,06-07-1968,MA,Lineman,Female,13425,Other,Married,Fully Meets,3,1177,12-08-2022,2,2,5,17-09-2022,Customer Service,External,Passed,3,436.86,TeresaFarrell,54,Active,45-54,,,1,3,2.06,1-3 yr
Dorian,Fox,03-10-2021,19-12-2021,Production Technician I,PL,Contract,Zone C,Part-Time,Involuntary,Production,Field Operations,07-05-1959,MA,Laborer,Male,93796,Other,Single,Fully Meets,3,1178,03-05-2023,2,1,2,21-12-2022,Project Management,External,Failed,1,361.52,DorianFox,64,Terminated,55+,2021,December,0,1.67,0.21,0-1 yr
Madeleine,Sherman,16-07-2022,,Production Technician I,PYZ,Part-Time,Zone A,Full-Time,Unk,Production,Aerial,08-09-1990,MA,Supervisor,Male,92453,Black,Divorced,Fully Meets,3,1179,10-07-2023,3,5,1,11-02-2023,Technical Skills,Internal,Passed,2,229.05,MadeleineSherman,32,Active,25-34,,,1,3,0.98,0-1 yr
Allan,Butler,30-06-2020,,Production Technician I,SVG,Full-Time,Zone B,Full-Time,Unk,Production,Underground,30-11-1944,MA,Laborer,Male,10449,Hispanic,Single,Fully Meets,3,1180,15-05-2023,4,3,1,17-11-2022,Technical Skills,Internal,Completed,3,787.85,AllanButler,78,Active,55+,,,1,2.67,2.87,1-3 yr
Nevaeh,Davila,13-06-2021,,Production Technician I,TNS,Full-Time,Zone C,Part-Time,Unk,Production,Wireline Construction,16-06-1993,MA,Laborer,Male,14795,Other,Married,Fully Meets,3,1181,05-07-2023,5,5,4,31-12-2022,Communication Skills,External,Incomplete,1,483.82,NevaehDavila,30,Active,25-34,,,0,4.67,2.06,1-3 yr
Gunnar,Webster,29-12-2020,24-10-2022,Production Technician I,WBL,Full-Time,Zone C,Temporary,Voluntary,Production,Splicing,09-12-1973,MA,Splicer,Female,60901,Black,Divorced,Fully Meets,3,1182,25-08-2022,2,4,5,19-10-2022,Communication Skills,External,Passed,5,623.64,GunnarWebster,48,Terminated,45-54,2022,October,1,3.67,1.82,1-3 yr
Aydin,Tate,03-02-2022,,Production Technician I,BPC,Part-Time,Zone A,Full-Time,Unk,Production,Catv,18-12-1946,MA,Technician,Female,64083,Black,Married,Fully Meets,3,1183,07-03-2023,4,5,5,16-07-2023,Technical Skills,Internal,Incomplete,4,351.35,AydinTate,76,Active,55+,,,0,4.67,1.09,1-3 yr
Patrick,Mckinney,10-01-2022,11-05-2023,Production Technician I,CCDR,Full-Time,Zone B,Temporary,Involuntary,Production,Wireline Construction,01-10-1951,MA,Foreman,Female,50781,Hispanic,Divorced,Fully Meets,3,1184,03-10-2022,1,3,1,31-01-2023,Customer Service,Internal,Completed,3,512.51,PatrickMckinney,71,Terminated,55+,2023,May,1,1.67,1.33,1-3 yr
Milagros,Foley,13-12-2018,,Production Manager,EW,Part-Time,Zone A,Full-Time,Unk,Production,Fielders,22-02-1973,MA,Engineer,Female,67399,Other,Widowed,Fully Meets,3,1185,13-08-2022,1,2,4,22-09-2022,Project Management,Internal,Failed,5,957.9,MilagrosFoley,49,Active,45-54,,,0,2.33,3.67,3-5 yr
Rachael,Buck,03-03-2021,,Production Manager,MSC,Full-Time,Zone A,Temporary,Unk,Production,Splicing,25-08-1983,MA,Tester,Female,82086,Hispanic,Single,Fully Meets,3,1186,12-05-2023,3,3,5,12-06-2023,Communication Skills,External,Failed,5,886.45,RachaelBuck,39,Active,35-44,,,0,3.67,2.19,1-3 yr
Rigoberto,Townsend,04-07-2021,,Production Manager,NEL,Part-Time,Zone A,Full-Time,Unk,Production,Aerial,15-09-1997,MA,Supervisor,Female,97001,Black,Single,Fully Meets,3,1187,19-11-2022,4,1,1,25-10-2022,Communication Skills,Internal,Incomplete,4,443.55,RigobertoTownsend,25,Active,25-34,,,0,2,1.38,1-3 yr
Reagan,Odonnell,06-02-2020,21-07-2021,Production Technician II,WBL,Contract,Zone B,Part-Time,Retirement,Production,General - Sga,28-05-1979,MA,Estimator,Male,13562,Black,Divorced,Fully Meets,3,1188,16-07-2023,4,1,1,07-01-2023,Technical Skills,Internal,Passed,4,899.13,ReaganOdonnell,44,Terminated,35-44,2021,July,1,2,1.45,1-3 yr
Roy,Morse,28-06-2020,11-07-2022,Production Technician II,NEL,Contract,Zone C,Full-Time,Involuntary,Production,General - Eng,07-03-1988,MA,Engineer,Female,55949,Other,Married,Fully Meets,3,1189,19-07-2023,5,5,3,20-09-2022,Communication Skills,External,Completed,1,202.74,RoyMorse,35,Terminated,35-44,2022,July,1,4.33,2.03,1-3 yr
Rafael,Buchanan,22-12-2020,20-11-2021,Production Technician II,PL,Contract,Zone B,Full-Time,Resignation,Production,Project Management - Eng,20-04-1998,MA,Project Manager,Female,88496,Hispanic,Married,Fully Meets,3,1190,07-04-2023,2,5,3,21-05-2023,Project Management,External,Failed,4,727.81,RafaelBuchanan,24,Terminated,<25,2021,November,0,3.33,0.91,0-1 yr
Kaitlynn,Herman,24-11-2019,,Production Technician II,BPC,Full-Time,Zone B,Full-Time,Unk,Production,Wireline Construction,25-04-1978,MA,Billing,Female,55947,Black,Divorced,Fully Meets,3,1191,13-07-2023,4,4,4,23-09-2022,Customer Service,Internal,Completed,2,820.39,KaitlynnHerman,45,Active,45-54,,,1,4,3.63,3-5 yr
Marquise,Santana,23-09-2022,,Production Technician II,CCDR,Full-Time,Zone C,Full-Time,Unk,Production,General - Con,07-12-1988,MA,Technician,Female,75540,White,Single,Fully Meets,3,1192,24-12-2022,3,1,1,11-10-2022,Leadership Development,External,Passed,4,111.94,MarquiseSantana,34,Active,25-34,,,1,1.67,0.25,0-1 yr
Jamarion,Mitchell,06-02-2020,23-01-2022,Production Technician I,SVG,Full-Time,Zone B,Temporary,Involuntary,Production,Aerial,18-09-1950,MA,Foreman,Female,68342,Black,Married,Fully Meets,3,1193,15-08-2022,5,2,3,05-05-2023,Technical Skills,External,Failed,1,231.96,JamarionMitchell,71,Terminated,55+,2022,January,0,3.33,1.96,1-3 yr
Gabrielle,Hardy,14-01-2019,06-08-2021,Production Technician I,EW,Full-Time,Zone C,Temporary,Resignation,Production,Field Operations,08-03-1953,MA,Foreman,Male,5779,Asian,Widowed,Fully Meets,3,1194,04-12-2022,5,4,2,07-05-2023,Communication Skills,Internal,Completed,2,430.92,GabrielleHardy,69,Terminated,55+,2021,August,1,3.67,2.56,1-3 yr
Savion,Stokes,25-06-2019,15-05-2022,Production Technician I,TNS,Part-Time,Zone C,Part-Time,Retirement,Production,Wireline Construction,27-03-1967,MA,Foreman,Female,91065,Hispanic,Widowed,Fully Meets,3,1195,30-01-2023,5,3,2,06-07-2023,Technical Skills,Internal,Failed,3,638.7,SavionStokes,55,Terminated,55+,2022,May,0,3.33,2.89,1-3 yr
Trevin,Summers,09-03-2019,,Production Technician I,PYZ,Part-Time,Zone C,Temporary,Unk,Production,General - Eng,07-11-1978,MA,Administrator,Female,47386,Other,Married,Fully Meets,3,1196,02-06-2023,4,5,4,28-02-2023,Communication Skills,Internal,Completed,5,355.3,TrevinSummers,44,Active,35-44,,,1,4.33,4.23,3-5 yr
Hailie,Bell,13-06-2020,,Production Technician I,WBL,Full-Time,Zone B,Part-Time,Unk,Production,Safety,12-06-1958,MA,Administrative,Female,38009,Hispanic,Divorced,Fully Meets,3,1197,09-11-2022,3,5,4,25-02-2023,Technical Skills,Internal,Passed,5,575.1,HailieBell,64,Active,55+,,,1,4,2.41,1-3 yr
Audrey,Stevens,22-01-2019,,Production Technician I,NEL,Contract,Zone B,Part-Time,Unk,Production,Field Operations,28-09-1952,MA,Laborer,Female,61843,Asian,Married,Fully Meets,3,1198,12-12-2022,3,2,2,19-06-2023,Project Management,Internal,Failed,1,140.82,AudreyStevens,70,Active,55+,,,0,2.33,3.89,3-5 yr
Jason,Munoz,12-12-2020,,Production Technician I,PL,Full-Time,Zone B,Part-Time,Unk,Production,Field Operations,14-04-1950,MA,Laborer,Female,75258,White,Widowed,Fully Meets,3,1199,27-06-2023,3,3,3,28-11-2022,Leadership Development,External,Passed,2,663.19,JasonMunoz,73,Active,55+,,,1,3,2.54,1-3 yr
Carlee,Foley,27-04-2022,,Production Technician I,BPC,Part-Time,Zone A,Full-Time,Unk,Production,General - Con,08-10-1977,MA,Laborer,Female,62616,Other,Married,Fully Meets,3,1200,19-04-2023,4,5,1,29-07-2023,Project Management,Internal,Incomplete,2,996.77,CarleeFoley,45,Active,45-54,,,0,3.33,0.98,0-1 yr
Sarahi,Dodson,11-04-2022,26-09-2022,Production Technician I,CCDR,Contract,Zone A,Part-Time,Voluntary,Production,General - Con,27-01-1954,MA,Flagger,Male,53450,Other,Divorced,Fully Meets,3,1201,23-02-2023,2,4,4,10-10-2022,Communication Skills,External,Passed,2,145.39,SarahiDodson,69,Terminated,55+,2022,September,1,3.33,0.46,0-1 yr
Faith,Carey,01-09-2022,02-12-2022,Production Technician I,SVG,Contract,Zone B,Temporary,Voluntary,Production,Wireline Construction,20-06-1983,MA,Model Assistant,Male,9799,White,Widowed,Fully Meets,3,1202,14-08-2022,1,3,2,08-12-2022,Technical Skills,Internal,Incomplete,1,344.74,FaithCarey,39,Terminated,35-44,2022,December,0,2,0.25,0-1 yr
Mylie,Salazar,08-09-2018,,Production Technician I,EW,Contract,Zone A,Part-Time,Unk,Production,Engineers,16-01-1987,MA,Engineer,Male,14153,White,Divorced,Fully Meets,3,1203,03-10-2022,3,5,3,12-10-2022,Project Management,External,Incomplete,5,308.09,MylieSalazar,35,Active,35-44,,,0,3.67,4.07,3-5 yr
Pablo,Parker,24-11-2022,05-08-2023,Production Technician I,MSC,Full-Time,Zone B,Temporary,Voluntary,Production,General - Sga,26-08-1948,MA,Vp,Male,76112,White,Married,Fully Meets,3,1204,22-06-2023,1,4,3,16-07-2023,Project Management,External,Incomplete,1,610.96,PabloParker,74,Terminated,55+,2023,August,0,2.67,0.7,0-1 yr
Ulises,Shea,23-07-2020,,Production Technician I,TNS,Full-Time,Zone C,Part-Time,Unk,Production,Yard (Material Handling),04-05-1956,MA,Shop,Female,73101,Hispanic,Single,Fully Meets,3,1205,07-04-2023,2,1,2,01-08-2023,Communication Skills,External,Failed,3,201.83,UlisesShea,66,Active,55+,,,0,1.67,2.7,1-3 yr
Bethany,Terry,28-12-2018,15-05-2023,Production Technician I,PYZ,Part-Time,Zone C,Part-Time,Voluntary,Production,Engineers,15-02-1956,MA,Drafter,Female,82378,White,Divorced,Fully Meets,3,1206,17-10-2022,3,4,2,20-07-2023,Technical Skills,Internal,Passed,5,391.85,BethanyTerry,66,Terminated,55+,2023,May,1,3,4.38,3-5 yr
Kamari,Holloway,01-10-2019,,Production Technician I,WBL,Contract,Zone B,Full-Time,Unk,Production,Wireline Construction,08-07-1956,MA,Laborer,Female,63878,White,Divorced,Fully Meets,3,1207,06-08-2022,2,1,2,07-12-2022,Communication Skills,Internal,Completed,5,682.36,KamariHolloway,66,Active,55+,,,1,1.67,2.85,1-3 yr
Jazlene,Mcdaniel,17-08-2019,25-10-2019,Production Manager,NEL,Contract,Zone A,Part-Time,Retirement,Production,Wireline Construction,30-12-1979,MA,Laborer,Female,59862,Black,Single,Fully Meets,3,1208,18-08-2022,5,1,5,20-09-2022,Leadership Development,Internal,Passed,3,492.39,JazleneMcdaniel,42,Terminated,35-44,2019,October,1,3.67,0.19,0-1 yr
Dane,Kelly,31-05-2023,,Production Manager,PL,Part-Time,Zone A,Part-Time,Unk,Production,Wireline Construction,04-06-1999,MA,Foreman,Female,23252,Other,Married,Fully Meets,3,1209,28-05-2023,1,3,1,18-06-2023,Communication Skills,External,Failed,2,197.78,DaneKelly,23,Active,<25,,,0,1.67,-0.01,
Camila,Dunn,08-12-2020,10-06-2023,Production Manager,BPC,Full-Time,Zone B,Part-Time,Involuntary,Production,Field Operations,24-12-1948,MA,Top Hand,Female,91039,Asian,Divorced,Fully Meets,3,1210,24-10-2022,4,5,1,09-01-2023,Leadership Development,External,Incomplete,4,485.44,CamilaDunn,73,Terminated,55+,2023,June,0,3.33,2.5,1-3 yr
Aurora,Frederick,05-11-2018,23-03-2023,Production Technician II,CCDR,Part-Time,Zone B,Part-Time,Voluntary,Production,Field Operations,11-12-1981,MA,Splicer,Male,37834,Other,Widowed,Fully Meets,3,1211,16-03-2023,3,3,1,30-07-2023,Leadership Development,External,Passed,3,557.34,AuroraFrederick,41,Terminated,35-44,2023,March,1,2.33,4.38,3-5 yr
Caylee,Nunez,26-08-2020,05-04-2023,Production Technician II,EW,Contract,Zone C,Full-Time,Voluntary,Production,Engineers,27-08-1983,MA,Project Manager,Female,46678,Hispanic,Single,Fully Meets,3,1212,31-01-2023,4,5,4,03-05-2023,Project Management,Internal,Failed,5,817.92,CayleeNunez,39,Terminated,35-44,2023,April,0,4.33,2.61,1-3 yr
Tamia,Sharp,23-02-2020,,Production Technician II,MSC,Part-Time,Zone A,Part-Time,Unk,Production,Project Management - Con,22-03-1987,MA,Coordinator,Female,41849,White,Married,Fully Meets,3,1213,28-09-2022,1,2,4,15-02-2023,Project Management,External,Failed,4,485.39,TamiaSharp,35,Active,35-44,,,0,2.33,2.6,1-3 yr
Jaliyah,Gamble,12-02-2022,,Production Technician II,NEL,Full-Time,Zone B,Full-Time,Unk,Production,Splicing,19-09-1967,MA,Splicer,Female,16422,Asian,Divorced,Fully Meets,3,1214,02-06-2023,1,5,3,02-04-2023,Customer Service,Internal,Completed,3,145.13,JaliyahGamble,55,Active,55+,,,1,3,1.3,1-3 yr
Xander,Savage,13-02-2020,,Production Technician II,PL,Contract,Zone C,Temporary,Unk,Production,Aerial,18-07-1983,MA,Laborer,Female,79625,Asian,Widowed,Fully Meets,3,1215,25-10-2022,2,1,5,13-09-2022,Communication Skills,External,Passed,4,751.88,XanderSavage,39,Active,35-44,,,1,2.67,2.7,1-3 yr
Marc,Crosby,15-02-2023,09-03-2023,Production Technician I,PYZ,Part-Time,Zone B,Part-Time,Voluntary,Production,General - Con,19-06-1986,MA,Technician,Female,11159,Black,Single,Fully Meets,3,1216,09-09-2022,4,1,1,16-07-2023,Leadership Development,External,Incomplete,1,136.48,MarcCrosby,36,Terminated,35-44,2023,March,0,2,0.06,0-1 yr
Marques,Zimmerman,03-12-2019,31-08-2021,Production Technician I,SVG,Full-Time,Zone B,Part-Time,Voluntary,Production,Wireline Construction,17-07-1960,MA,Vp,Male,52300,Asian,Single,Fully Meets,3,1217,23-08-2022,5,5,1,17-04-2023,Customer Service,External,Completed,1,857.42,MarquesZimmerman,62,Terminated,55+,2021,August,1,3.67,1.74,1-3 yr
Livia,Salazar,31-12-2018,,Production Technician I,WBL,Full-Time,Zone B,Temporary,Unk,Production,General - Con,15-10-1974,MA,Locator,Female,32620,Black,Married,Fully Meets,3,1218,27-02-2023,2,3,1,30-01-2023,Leadership Development,Internal,Failed,3,733.16,LiviaSalazar,48,Active,45-54,,,0,2,4.16,3-5 yr
Alana,Choi,16-01-2020,09-02-2021,Production Technician I,BPC,Part-Time,Zone B,Part-Time,Voluntary,Production,Engineers,09-02-1974,MA,Engineer,Female,83986,Hispanic,Married,Fully Meets,3,1219,17-07-2023,2,2,2,15-09-2022,Communication Skills,External,Failed,5,761.31,AlanaChoi,49,Terminated,45-54,2021,February,0,2,1.07,1-3 yr
Levi,Lawson,20-11-2018,09-02-2020,Production Technician I,CCDR,Full-Time,Zone C,Temporary,Voluntary,Production,Executive,31-12-1949,MA,Vp,Female,89298,Asian,Single,Fully Meets,3,1220,08-05-2023,5,2,4,29-06-2023,Leadership Development,External,Passed,1,920.41,LeviLawson,73,Terminated,55+,2020,February,1,3.67,1.22,1-3 yr
Kane,Black,11-11-2022,03-07-2023,Production Technician I,EW,Part-Time,Zone A,Part-Time,Involuntary,Production,Yard (Material Handling),09-04-1967,MA,Coordinator,Female,91837,Asian,Single,Fully Meets,3,1221,17-08-2022,5,5,3,25-08-2022,Customer Service,Internal,Passed,4,167.69,KaneBlack,55,Terminated,55+,2023,July,1,4.33,0.64,0-1 yr
Paola,Weeks,18-12-2020,23-07-2021,Production Technician I,MSC,Contract,Zone A,Part-Time,Involuntary,Production,People Services,26-12-1949,MA,Recruiting,Female,31362,Asian,Widowed,Fully Meets,3,1222,31-03-2023,5,2,1,10-03-2023,Leadership Development,External,Passed,2,931.45,PaolaWeeks,73,Terminated,55+,2021,July,1,2.67,0.59,0-1 yr
Brooklynn,Mack,26-01-2021,,Production Technician I,NEL,Full-Time,Zone C,Temporary,Unk,Production,Engineers,15-01-1996,MA,Engineer,Female,3274,Asian,Widowed,Fully Meets,3,1223,07-05-2023,4,1,4,30-08-2022,Project Management,External,Completed,1,474.36,BrooklynnMack,27,Active,25-34,,,1,3,2.28,1-3 yr
Darrell,Zamora,26-11-2021,24-05-2022,Production Technician I,PL,Part-Time,Zone B,Part-Time,Retirement,Production,Wireline Construction,27-09-1964,MA,Administrative,Male,71373,Hispanic,Married,Fully Meets,3,1224,20-05-2023,4,2,3,18-03-2023,Project Management,Internal,Incomplete,5,598.72,DarrellZamora,58,Terminated,55+,2022,May,0,3,0.49,0-1 yr
Irvin,Warner,15-05-2023,,Production Technician I,PYZ,Contract,Zone C,Part-Time,Unk,Production,Finance & Accounting,14-01-1957,MA,Accounting,Male,66660,Asian,Married,Fully Meets,3,1225,05-11-2022,1,2,4,14-08-2022,Customer Service,Internal,Completed,5,557.02,IrvinWarner,65,Active,55+,,,1,2.33,-0.52,
Dayton,Castro,20-06-2023,,Production Technician I,SVG,Full-Time,Zone A,Full-Time,Unk,Production,Field Operations,16-04-1967,MA,Driller,Male,26821,Other,Divorced,Fully Meets,3,1226,04-04-2023,4,5,4,20-05-2023,Customer Service,Internal,Completed,3,939.92,DaytonCastro,56,Active,55+,,,1,4.33,-0.21,
Hailey,Mckay,22-08-2019,06-06-2022,Production Technician I,TNS,Part-Time,Zone C,Part-Time,Voluntary,Production,Billable Consultants,21-03-1987,MA,Engineer,Female,89365,Other,Divorced,Fully Meets,3,1227,12-12-2022,1,2,2,15-05-2023,Communication Skills,External,Failed,3,669.19,HaileyMckay,35,Terminated,35-44,2022,June,0,1.67,2.79,1-3 yr
Jaquan,Rowland,30-08-2021,,Production Technician I,WBL,Contract,Zone B,Full-Time,Unk,Production,Fielders,02-12-1994,MA,Engineer,Female,88976,Other,Widowed,Fully Meets,3,1228,21-01-2023,2,5,3,05-10-2022,Technical Skills,Internal,Failed,5,525.69,JaquanRowland,28,Active,25-34,,,0,3.33,1.39,1-3 yr
David,Velez,27-01-2020,,Production Technician I,BPC,Part-Time,Zone B,Part-Time,Unk,Production,Field Operations,31-12-1952,MA,Technician,Female,43853,Black,Single,Fully Meets,3,1229,20-05-2023,4,2,5,11-01-2023,Customer Service,External,Failed,1,173.66,DavidVelez,70,Active,55+,,,0,3.67,3.31,3-5 yr
Joslyn,Patel,04-03-2022,,Production Technician I,CCDR,Contract,Zone C,Temporary,Unk,Production,Wireline Construction,18-09-1974,MA,Groundman,Female,19697,Hispanic,Widowed,Fully Meets,3,1230,30-11-2022,5,4,4,30-04-2023,Communication Skills,External,Completed,1,635.71,JoslynPatel,48,Active,45-54,,,1,4.33,0.74,0-1 yr
Colt,Archer,07-03-2020,,Production Manager,EW,Contract,Zone B,Temporary,Unk,Production,Wireless,03-10-1994,MA,Laborer,Female,50000,Black,Married,Fully Meets,3,1231,13-03-2023,2,2,1,06-08-2022,Project Management,External,Passed,1,896.8,ColtArcher,28,Active,25-34,,,1,1.67,3.01,3-5 yr
Abbigail,Cameron,19-03-2020,,Production Manager,MSC,Full-Time,Zone B,Full-Time,Unk,Production,People Services,17-03-1947,MA,Support,Female,35033,Other,Single,Fully Meets,3,1232,22-08-2022,2,1,5,30-11-2022,Leadership Development,Internal,Incomplete,4,857.61,AbbigailCameron,75,Active,55+,,,0,2.67,2.43,1-3 yr
Anastasia,Escobar,23-07-2022,,Production Technician II,WBL,Full-Time,Zone A,Part-Time,Unk,Production,Wireline Construction,07-05-1992,MA,Project Manager,Male,50676,Other,Divorced,Fully Meets,3,1233,01-05-2023,5,5,3,29-11-2022,Customer Service,Internal,Failed,3,460.59,AnastasiaEscobar,31,Active,25-34,,,0,4.33,0.77,0-1 yr
Ronin,Mclaughlin,18-10-2019,03-10-2021,Production Technician II,NEL,Full-Time,Zone A,Temporary,Involuntary,Production,Sales & Marketing,19-06-1947,MA,Director,Female,25148,Black,Divorced,Fully Meets,3,1234,11-12-2022,4,1,5,19-02-2023,Leadership Development,Internal,Passed,1,504.82,RoninMclaughlin,75,Terminated,55+,2021,October,1,3.33,1.96,1-3 yr
Aliana,Pena,14-04-2020,,Production Technician II,PL,Full-Time,Zone B,Full-Time,Unk,Production,General - Con,17-05-1998,MA,Administrative,Female,96915,Other,Widowed,Fully Meets,3,1235,23-03-2023,5,5,3,10-04-2023,Project Management,Internal,Failed,3,737.91,AlianaPena,24,Active,<25,,,0,4.33,2.94,1-3 yr
Ramon,Goodwin,25-11-2018,25-07-2019,Production Technician II,BPC,Part-Time,Zone B,Full-Time,Retirement,Production,Field Operations,11-12-1946,MA,Laborer,Female,95167,White,Married,Fully Meets,3,1236,25-07-2023,1,4,1,17-04-2023,Customer Service,External,Passed,2,244.25,RamonGoodwin,76,Terminated,55+,2019,July,1,2,0.66,0-1 yr
Cory,Saunders,23-03-2021,26-08-2022,Production Technician II,CCDR,Part-Time,Zone A,Part-Time,Resignation,Production,Yard (Material Handling),17-12-1975,MA,Engineer,Female,1223,Black,Divorced,Fully Meets,3,1237,11-07-2023,4,3,1,11-11-2022,Leadership Development,External,Passed,2,762.82,CorySaunders,47,Terminated,45-54,2022,August,1,2.67,1.43,1-3 yr
Alessandra,Huynh,27-10-2020,08-11-2021,Production Technician I,SVG,Part-Time,Zone B,Part-Time,Voluntary,Production,Engineers,12-09-1968,MA,Engineer,Female,31462,Other,Single,Fully Meets,3,1238,29-12-2022,1,3,3,14-11-2022,Leadership Development,Internal,Incomplete,2,640.14,AlessandraHuynh,54,Terminated,45-54,2021,November,0,2.33,1.03,1-3 yr
Maeve,Holmes,11-06-2022,29-06-2023,Production Technician I,TNS,Part-Time,Zone C,Temporary,Voluntary,Production,Splicing,09-07-2001,MA,Technician,Female,6735,Hispanic,Single,Fully Meets,3,1239,07-10-2022,4,5,5,28-04-2023,Project Management,Internal,Incomplete,3,726.03,MaeveHolmes,21,Terminated,<25,2023,June,0,4.67,1.05,1-3 yr
Alejandra,Mclean,19-03-2020,,Production Technician I,PYZ,Contract,Zone B,Temporary,Unk,Production,Isp,11-04-1985,MA,Project Manager,Female,60585,Asian,Single,Fully Meets,3,1240,02-08-2023,1,4,3,04-01-2023,Communication Skills,External,Passed,5,758.75,AlejandraMclean,38,Active,35-44,,,1,2.67,3.37,3-5 yr
Reuben,Potter,07-11-2019,07-12-2022,Production Technician I,WBL,Contract,Zone B,Full-Time,Retirement,Production,Field Operations,13-03-1992,MA,Laborer,Female,46736,Black,Married,Fully Meets,3,1241,16-01-2023,4,4,3,01-02-2023,Project Management,External,Failed,5,878.94,ReubenPotter,30,Terminated,25-34,2022,December,0,3.67,3.08,3-5 yr
Marilyn,Greer,24-04-2023,,Production Technician I,NEL,Full-Time,Zone C,Part-Time,Unk,Production,Wireline Construction,18-03-1959,MA,Foreman,Female,35941,White,Married,Fully Meets,3,1242,28-07-2023,4,4,1,14-03-2023,Project Management,External,Passed,3,227.9,MarilynGreer,64,Active,55+,,,1,3,0.26,0-1 yr
Camila,Nichols,04-06-2020,,Production Technician I,PL,Contract,Zone A,Temporary,Unk,Production,General - Con,07-03-1979,MA,Manager,Female,11657,White,Widowed,Fully Meets,3,1243,04-05-2023,5,2,3,05-02-2023,Communication Skills,Internal,Incomplete,3,855.27,CamilaNichols,44,Active,35-44,,,0,3.33,2.91,1-3 yr
Iris,Bruce,23-05-2022,,Production Technician I,BPC,Part-Time,Zone A,Full-Time,Unk,Production,Isp,11-02-1954,MA,Technician,Male,72528,Asian,Married,Fully Meets,3,1244,17-08-2022,2,3,5,18-02-2023,Technical Skills,External,Incomplete,5,170.62,IrisBruce,68,Active,55+,,,0,3.33,0.24,0-1 yr
Henry,Pratt,17-05-2019,,Production Technician I,CCDR,Full-Time,Zone B,Temporary,Unk,Production,Engineers,03-02-1961,MA,Technician,Male,14705,White,Widowed,Fully Meets,3,1245,23-09-2022,3,5,5,29-06-2023,Communication Skills,Internal,Incomplete,4,392.14,HenryPratt,61,Active,55+,,,0,4.33,3.35,3-5 yr
Kira,Soto,28-09-2018,25-04-2021,Production Technician I,SVG,Part-Time,Zone B,Temporary,Resignation,Production,Field Operations,14-11-1943,MA,Ceo,Male,5254,Black,Widowed,Fully Meets,3,1246,12-01-2023,4,3,2,25-12-2022,Communication Skills,Internal,Completed,1,206.93,KiraSoto,79,Terminated,55+,2021,April,1,3,2.57,1-3 yr
Ashanti,Scott,04-03-2019,,Production Technician I,EW,Part-Time,Zone C,Part-Time,Unk,Production,Wireless,26-03-1972,MA,Foreman,Female,94026,Other,Single,Fully Meets,3,1247,13-11-2022,2,4,5,09-12-2022,Customer Service,External,Completed,5,307.13,AshantiScott,50,Active,45-54,,,1,3.67,3.7,3-5 yr
Sarahi,Burke,29-03-2021,01-12-2021,Production Technician I,MSC,Part-Time,Zone B,Full-Time,Resignation,Production,Underground,09-09-1988,MA,Operator,Female,90967,White,Divorced,Fully Meets,3,1248,05-12-2022,5,3,2,24-08-2022,Communication Skills,Internal,Passed,4,165.05,SarahiBurke,34,Terminated,25-34,2021,December,1,3.33,0.68,0-1 yr
Aimee,Terry,07-07-2019,14-02-2020,Production Technician I,TNS,Full-Time,Zone A,Part-Time,Retirement,Production,Field Operations,30-11-1996,MA,Driver,Female,46879,Asian,Divorced,Fully Meets,3,1249,22-12-2022,2,4,2,15-08-2022,Communication Skills,Internal,Completed,4,371.27,AimeeTerry,26,Terminated,25-34,2020,February,1,2.67,0.61,0-1 yr
Jerimiah,Jackson,06-09-2018,,Production Technician I,BPC,Contract,Zone B,Full-Time,Unk,Production,General - Sga,08-12-1990,MA,Lineman,Female,70353,Black,Widowed,Fully Meets,3,1250,26-04-2023,4,5,1,28-04-2023,Communication Skills,External,Incomplete,3,366.78,JerimiahJackson,32,Active,25-34,,,0,3.33,4.64,3-5 yr
Callie,Murray,25-09-2018,,Production Technician I,CCDR,Part-Time,Zone A,Part-Time,Unk,Production,Splicing,05-03-1948,MA,Laborer,Female,27888,Asian,Married,Fully Meets,3,1251,03-12-2022,5,5,3,04-02-2023,Communication Skills,External,Failed,5,205.92,CallieMurray,74,Active,55+,,,0,4.33,4.19,3-5 yr
Fabian,Young,11-03-2022,25-04-2022,Production Manager,EW,Part-Time,Zone A,Temporary,Voluntary,Production,Project Management - Con,21-02-1982,MA,Technician,Female,36258,Asian,Divorced,Fully Meets,3,1252,10-06-2023,2,3,2,20-11-2022,Leadership Development,Internal,Completed,1,314.51,FabianYoung,41,Terminated,35-44,2022,April,1,2.33,0.12,0-1 yr
Juliette,Morton,13-07-2020,06-10-2021,Production Manager,MSC,Part-Time,Zone A,Part-Time,Retirement,Production,Project Management - Con,15-05-1971,MA,Engineer,Female,17844,Asian,Divorced,Fully Meets,3,1253,10-01-2023,2,4,2,03-06-2023,Customer Service,Internal,Completed,2,793.86,JulietteMorton,51,Terminated,45-54,2021,October,1,2.67,1.23,1-3 yr
Alyvia,Sellers,22-06-2020,,Production Technician II,WBL,Contract,Zone B,Full-Time,Unk,Production,General - Con,07-06-1950,MA,Groundman,Female,87263,White,Married,Fully Meets,3,1254,18-06-2023,3,1,5,20-04-2023,Project Management,Internal,Passed,3,252.53,AlyviaSellers,73,Active,55+,,,1,3,2.99,1-3 yr
Tyler,Gay,30-09-2019,02-03-2021,Production Technician II,NEL,Full-Time,Zone A,Temporary,Resignation,Production,General - Con,24-11-1984,MA,Laborer,Female,8671,Black,Married,Fully Meets,3,1255,03-11-2022,3,1,1,23-10-2022,Customer Service,External,Passed,2,693.25,TylerGay,37,Terminated,35-44,2021,March,1,1.67,1.42,1-3 yr
Noemi,Randall,08-01-2020,,Production Technician II,PL,Contract,Zone A,Temporary,Unk,Production,Wireline Construction,14-08-1991,MA,Laborer,Female,16520,White,Widowed,Fully Meets,3,1256,24-10-2022,4,4,2,26-05-2023,Project Management,Internal,Completed,4,926.76,NoemiRandall,31,Active,25-34,,,1,3.33,2.79,1-3 yr
Jazlene,Lozano,16-10-2021,,Production Technician II,BPC,Full-Time,Zone B,Temporary,Unk,Production,Engineers,07-11-1978,MA,Engineer,Female,22868,Asian,Divorced,Fully Meets,3,1257,19-07-2023,2,1,1,23-05-2023,Technical Skills,Internal,Failed,1,694.61,JazleneLozano,44,Active,35-44,,,0,1.33,1.75,1-3 yr
Jennifer,Salazar,29-06-2022,,Production Technician II,CCDR,Full-Time,Zone C,Temporary,Unk,Production,Aerial,16-10-1977,MA,Foreman,Female,59954,Other,Widowed,Fully Meets,3,1258,16-04-2023,3,5,4,30-06-2023,Project Management,Internal,Incomplete,1,732.02,JenniferSalazar,45,Active,45-54,,,0,4,0.8,0-1 yr
Vaughn,Leonard,01-05-2022,24-04-2023,Production Technician I,SVG,Full-Time,Zone A,Temporary,Retirement,Production,General - Con,14-07-1956,MA,Laborer,Male,43998,White,Single,Fully Meets,3,1259,17-10-2022,1,3,4,04-01-2023,Leadership Development,Internal,Completed,1,897.62,VaughnLeonard,66,Terminated,55+,2023,April,1,2.67,0.98,0-1 yr
Caitlin,Robertson,16-08-2018,,Production Technician I,TNS,Full-Time,Zone B,Part-Time,Unk,Production,Project Management - Con,18-06-1957,MA,Manager,Female,75748,Asian,Married,Fully Meets,3,1260,21-02-2023,5,2,5,21-11-2022,Leadership Development,Internal,Completed,2,786.57,CaitlinRobertson,65,Active,55+,,,1,4,4.52,3-5 yr
Elyse,Huerta,27-12-2019,,Production Technician I,PYZ,Part-Time,Zone C,Temporary,Unk,Production,Field Operations,27-09-1959,MA,Laborer,Female,87591,Hispanic,Married,Fully Meets,3,1261,13-07-2023,2,5,4,26-07-2023,Project Management,External,Incomplete,3,613.93,ElyseHuerta,63,Active,55+,,,0,3.67,3.54,3-5 yr
Kyle,Sanders,01-07-2021,28-03-2023,Production Technician I,WBL,Part-Time,Zone A,Full-Time,Retirement,Production,Engineers,16-03-1977,MA,Engineer,Female,23777,Hispanic,Widowed,Fully Meets,3,1262,16-12-2022,3,4,1,17-01-2023,Communication Skills,Internal,Passed,2,711.8,KyleSanders,45,Terminated,45-54,2023,March,1,2.67,1.74,1-3 yr
Barrett,Jennings,20-10-2022,,Production Technician I,NEL,Full-Time,Zone B,Full-Time,Unk,Production,Shop (Fleet),14-11-1952,MA,Foreman,Female,34732,Hispanic,Divorced,Fully Meets,3,1263,24-01-2023,4,5,3,03-03-2023,Communication Skills,Internal,Failed,5,784.1,BarrettJennings,70,Active,55+,,,0,4,0.26,0-1 yr
Darius,Koch,15-02-2019,,Production Technician I,PL,Full-Time,Zone C,Full-Time,Unk,Production,Field Operations,23-10-1998,MA,Director,Female,28097,Hispanic,Married,Fully Meets,3,1264,21-04-2023,3,5,4,16-05-2023,Customer Service,Internal,Failed,5,509.67,DariusKoch,24,Active,<25,,,0,4,4.18,3-5 yr
Kolton,Dawson,17-01-2022,25-07-2022,Production Technician I,BPC,Part-Time,Zone C,Full-Time,Retirement,Production,Field Operations,28-05-1976,MA,Laborer,Male,39841,Black,Widowed,Fully Meets,3,1265,28-06-2023,4,2,5,15-06-2023,Leadership Development,Internal,Incomplete,4,494.96,KoltonDawson,47,Terminated,45-54,2022,July,0,3.67,0.52,0-1 yr
Ciara,Cole,14-11-2021,01-07-2022,Production Technician I,CCDR,Full-Time,Zone A,Full-Time,Involuntary,Production,Project Management - Con,04-04-1971,MA,Manager,Male,46871,Hispanic,Divorced,Fully Meets,3,1266,29-03-2023,1,3,1,30-03-2023,Project Management,Internal,Incomplete,5,465.72,CiaraCole,52,Terminated,45-54,2022,July,0,1.67,0.63,0-1 yr
Virginia,Wallace,14-11-2020,22-12-2020,Production Technician I,SVG,Part-Time,Zone C,Full-Time,Voluntary,Production,General - Con,11-09-1971,MA,Lineman,Female,91614,White,Divorced,Fully Meets,3,1267,25-04-2023,4,1,5,27-02-2023,Technical Skills,Internal,Failed,1,507.43,VirginiaWallace,51,Terminated,45-54,2020,December,0,3.33,0.1,0-1 yr
Malik,Ochoa,25-02-2023,,Production Technician I,EW,Part-Time,Zone A,Part-Time,Unk,Production,General - Con,26-12-1961,MA,Technician,Female,89515,Other,Single,Fully Meets,3,1268,18-04-2023,2,1,2,25-05-2023,Project Management,External,Passed,5,401.97,MalikOchoa,61,Active,55+,,,1,1.67,0.14,0-1 yr
Elyse,Pratt,23-08-2022,,Production Technician I,MSC,Contract,Zone A,Full-Time,Unk,Production,Yard (Material Handling),28-04-1965,MA,Laborer,Female,82774,Black,Divorced,Fully Meets,3,1269,19-09-2022,1,2,4,23-12-2022,Customer Service,External,Passed,4,813.9,ElysePratt,57,Active,55+,,,1,2.33,0.07,0-1 yr
Yahir,Hill,01-05-2019,31-12-2019,Production Technician I,TNS,Part-Time,Zone C,Full-Time,Voluntary,Production,Field Operations,17-10-1967,MA,Laborer,Female,79937,Hispanic,Married,Fully Meets,3,1270,16-03-2023,5,5,1,21-08-2022,Leadership Development,External,Completed,2,360.02,YahirHill,55,Terminated,55+,2019,December,1,3.67,0.67,0-1 yr
Harley,Abbott,26-04-2020,,Production Technician I,PYZ,Full-Time,Zone A,Part-Time,Unk,Production,General - Sga,16-11-1951,MA,Foreman,Female,95232,Asian,Widowed,Fully Meets,3,1271,13-01-2023,3,1,5,15-02-2023,Customer Service,Internal,Completed,3,692.71,HarleyAbbott,71,Active,55+,,,1,3,2.72,1-3 yr
Dawson,Pratt,08-02-2021,15-07-2022,Production Technician I,WBL,Full-Time,Zone C,Temporary,Involuntary,Production,General - Eng,27-05-1971,MA,Coordinator,Female,37465,Black,Single,Fully Meets,3,1272,31-10-2022,4,2,3,24-02-2023,Technical Skills,Internal,Failed,3,233.12,DawsonPratt,51,Terminated,45-54,2022,July,0,3,1.43,1-3 yr
Michaela,Smith,29-10-2020,26-01-2021,Production Manager,NEL,Contract,Zone A,Part-Time,Retirement,Production,General - Sga,14-03-1957,MA,Manager,Female,50409,Asian,Single,Fully Meets,3,1273,26-02-2023,1,4,2,24-05-2023,Technical Skills,External,Incomplete,1,881.48,MichaelaSmith,66,Terminated,55+,2021,January,0,2.33,0.24,0-1 yr
Lillie,Leblanc,22-11-2022,,Production Manager,PL,Contract,Zone A,Full-Time,Unk,Production,Engineers,06-11-1975,MA,Engineer,Female,2006,Black,Single,Fully Meets,3,1274,19-03-2023,2,1,5,22-05-2023,Project Management,Internal,Passed,2,448.48,LillieLeblanc,47,Active,45-54,,,1,2.67,0.32,0-1 yr
Sincere,Rivera,11-10-2022,,Production Technician II,CCDR,Full-Time,Zone B,Part-Time,Unk,Production,Aerial,19-06-1982,MA,Splicer,Female,55846,Other,Single,Fully Meets,3,1275,19-08-2022,2,5,3,13-06-2023,Communication Skills,External,Incomplete,3,288.88,SincereRivera,40,Active,35-44,,,0,3.33,-0.15,
Lucas,Good,28-12-2019,,Production Technician II,EW,Full-Time,Zone A,Full-Time,Unk,Production,General - Sga,21-04-1978,MA,Administrator,Female,74245,White,Married,Fully Meets,3,1276,01-06-2023,1,4,5,15-07-2023,Communication Skills,Internal,Failed,1,572.45,LucasGood,45,Active,45-54,,,0,3.33,3.43,3-5 yr
Jonas,Hernandez,11-04-2019,,Production Technician II,MSC,Full-Time,Zone C,Part-Time,Unk,Production,Splicing,10-05-1984,MA,Technician,Female,95565,Other,Single,Fully Meets,3,1277,01-08-2023,4,3,3,27-03-2023,Communication Skills,Internal,Passed,3,141.38,JonasHernandez,39,Active,35-44,,,1,3.33,4.31,3-5 yr
Cason,Tyler,26-10-2020,,Production Technician II,NEL,Full-Time,Zone A,Part-Time,Unk,Production,Field Operations,13-08-1955,MA,Laborer,Female,89318,White,Divorced,Fully Meets,3,1278,28-05-2023,2,4,5,04-02-2023,Technical Skills,Internal,Incomplete,1,331.46,CasonTyler,67,Active,55+,,,0,3.67,2.58,1-3 yr
Malachi,Singleton,09-07-2021,27-01-2023,Production Technician II,PL,Part-Time,Zone B,Full-Time,Resignation,Production,Field Operations,16-07-1994,MA,Technician,Female,29507,White,Married,Fully Meets,3,1279,11-10-2022,3,3,5,23-11-2022,Technical Skills,Internal,Incomplete,4,704.93,MalachiSingleton,28,Terminated,25-34,2023,January,0,3.67,1.55,1-3 yr
Natalie,Christensen,12-01-2022,,Production Technician I,MSC,Full-Time,Zone C,Temporary,Unk,Production,General - Sga,19-04-1944,MA,Administrator,Male,77219,Black,Single,Fully Meets,3,1280,12-11-2022,3,2,2,08-06-2023,Leadership Development,External,Completed,4,450.65,NatalieChristensen,78,Active,55+,,,1,2.33,0.83,0-1 yr
Jordyn,Sheppard,07-08-2020,20-07-2021,Production Technician I,TNS,Part-Time,Zone A,Part-Time,Retirement,Production,Finance & Accounting,19-12-1968,MA,Administrative,Female,30117,White,Widowed,Fully Meets,3,1281,31-05-2023,4,2,1,31-01-2023,Project Management,External,Completed,3,775.97,JordynSheppard,54,Terminated,45-54,2021,July,1,2.33,0.95,0-1 yr
Rohan,Matthews,10-04-2021,19-11-2022,Production Technician I,BPC,Part-Time,Zone A,Temporary,Involuntary,Production,Catv,28-12-1980,MA,Administrative,Female,30179,Black,Widowed,Fully Meets,3,1282,04-10-2022,3,3,1,20-02-2023,Leadership Development,External,Passed,4,376,RohanMatthews,41,Terminated,35-44,2022,November,1,2.33,1.61,1-3 yr
Taniya,Stafford,11-01-2021,,Production Technician I,CCDR,Full-Time,Zone C,Full-Time,Unk,Production,General - Eng,18-02-2000,MA,Drafter,Female,72581,Asian,Married,Fully Meets,3,1283,19-11-2022,2,1,2,17-01-2023,Customer Service,External,Failed,2,106.54,TaniyaStafford,22,Active,<25,,,0,1.67,1.85,1-3 yr
Cherish,Preston,08-12-2019,,Production Technician I,EW,Contract,Zone B,Full-Time,Unk,Production,General - Eng,28-01-1985,MA,Supervisor,Female,39352,Other,Married,Fully Meets,3,1284,24-11-2022,5,1,5,10-11-2022,Communication Skills,External,Completed,1,852.87,CherishPreston,37,Active,35-44,,,1,3.67,2.96,1-3 yr
Briley,Hanson,26-09-2021,,Production Technician I,MSC,Part-Time,Zone C,Full-Time,Unk,Production,General - Eng,21-07-1994,MA,Supervisor,Male,89374,Hispanic,Widowed,Fully Meets,3,1285,05-07-2023,3,2,2,08-11-2022,Project Management,External,Completed,4,469.03,BrileyHanson,28,Active,25-34,,,1,2.33,1.77,1-3 yr
Hugo,Tate,09-09-2021,28-10-2021,Production Technician I,NEL,Full-Time,Zone B,Temporary,Voluntary,Production,Field Operations,25-05-1999,MA,Driller,Male,74629,Asian,Divorced,Fully Meets,3,1286,13-04-2023,1,5,1,28-05-2023,Customer Service,Internal,Incomplete,2,274.85,HugoTate,23,Terminated,<25,2021,October,0,2.33,0.13,0-1 yr
Daniel,Griffin,19-09-2020,20-02-2023,Production Technician I,PL,Full-Time,Zone A,Full-Time,Retirement,Production,General - Con,18-09-1943,MA,Technician,Female,56136,Black,Widowed,Fully Meets,3,1287,30-07-2023,3,5,2,31-03-2023,Technical Skills,External,Completed,1,342.57,DanielGriffin,79,Terminated,55+,2023,February,1,3.33,2.42,1-3 yr
Dakota,Salinas,11-01-2022,26-10-2022,Production Technician I,PYZ,Full-Time,Zone C,Part-Time,Voluntary,Production,Aerial,29-05-1998,MA,Lineman,Female,69514,Hispanic,Single,Fully Meets,3,1288,15-07-2023,2,4,5,13-05-2023,Technical Skills,External,Incomplete,5,948.31,DakotaSalinas,25,Terminated,25-34,2022,October,0,3.67,0.79,0-1 yr
Janiyah,Ballard,18-07-2019,,Production Technician I,SVG,Full-Time,Zone C,Full-Time,Unk,Production,General - Con,01-07-1942,MA,Clerk,Female,40307,Other,Single,Fully Meets,3,1289,09-05-2023,5,3,1,08-10-2022,Leadership Development,Internal,Incomplete,3,900.52,JaniyahBallard,80,Active,55+,,,0,3,3.81,3-5 yr
Annika,Malone,13-04-2021,,Production Technician I,TNS,Full-Time,Zone A,Full-Time,Unk,Production,General - Sga,14-05-1996,MA,Administrator,Female,57255,White,Married,Fully Meets,3,1290,12-04-2023,5,4,2,14-05-2023,Leadership Development,External,Completed,4,140.72,AnnikaMalone,26,Active,25-34,,,1,3.67,2,1-3 yr
Celeste,Lin,17-06-2023,27-07-2023,Production Technician I,WBL,Contract,Zone B,Temporary,Voluntary,Production,Engineers,12-03-1988,MA,Coordinator,Female,94486,Black,Divorced,Fully Meets,3,1291,24-05-2023,5,4,5,12-09-2022,Technical Skills,Internal,Passed,3,913.62,CelesteLin,35,Terminated,35-44,2023,July,1,4.67,0.11,0-1 yr
Larissa,Warner,27-10-2018,,Production Technician I,BPC,Full-Time,Zone A,Part-Time,Unk,Production,Engineers,27-06-1943,MA,Engineer,Female,28931,White,Divorced,Fully Meets,3,1292,21-03-2023,1,4,3,22-02-2023,Customer Service,Internal,Completed,5,950.3,LarissaWarner,79,Active,55+,,,1,2.67,4.4,3-5 yr
Lawrence,Cross,01-06-2021,29-04-2023,Production Technician I,CCDR,Contract,Zone B,Full-Time,Voluntary,Production,Wireline Construction,21-10-1993,MA,Lineman,Female,60878,Asian,Single,Fully Meets,3,1293,15-03-2023,2,3,2,12-03-2023,Project Management,Internal,Passed,2,668.77,LawrenceCross,29,Terminated,25-34,2023,April,1,2.33,1.91,1-3 yr
Kara,Barnes,07-04-2023,07-05-2023,Production Manager,EW,Part-Time,Zone B,Part-Time,Voluntary,Production,Wireline Construction,28-09-1970,MA,Laborer,Female,58589,Hispanic,Single,Fully Meets,3,1294,03-08-2023,5,4,2,15-08-2022,Technical Skills,Internal,Passed,3,906.05,KaraBarnes,52,Terminated,45-54,2023,May,1,3.67,0.08,0-1 yr
Emery,Schmidt,13-06-2021,,Production Technician II,PYZ,Full-Time,Zone A,Full-Time,Unk,Production,General - Con,24-10-1970,MA,Groundman,Female,26059,Other,Married,Fully Meets,3,1295,18-02-2023,3,3,3,03-01-2023,Communication Skills,Internal,Incomplete,5,689.77,EmerySchmidt,52,Active,45-54,,,0,3,1.68,1-3 yr
Adalyn,Vaughan,13-03-2019,12-09-2020,Production Technician II,WBL,Full-Time,Zone B,Part-Time,Involuntary,Production,Field Operations,27-01-1985,MA,Administrator,Female,94411,Asian,Widowed,Fully Meets,3,1296,07-02-2023,1,1,5,05-03-2023,Communication Skills,External,Passed,2,694.27,AdalynVaughan,38,Terminated,35-44,2020,September,1,2.33,1.5,1-3 yr
Chase,Lloyd,24-05-2019,09-10-2021,Production Technician II,NEL,Part-Time,Zone A,Temporary,Resignation,Production,Isp,08-08-1968,MA,Technician,Female,46980,Other,Married,Fully Meets,3,1297,10-08-2022,2,4,4,14-06-2023,Project Management,External,Passed,3,352.75,ChaseLloyd,54,Terminated,45-54,2021,October,1,3.33,2.38,1-3 yr
Hallie,Delacruz,25-02-2023,,Production Technician II,PL,Part-Time,Zone B,Temporary,Unk,Production,General - Con,10-03-1983,MA,Laborer,Female,12398,Black,Married,Fully Meets,3,1298,06-12-2022,1,2,1,16-05-2023,Project Management,Internal,Passed,3,411.17,HallieDelacruz,39,Active,35-44,,,1,1.33,-0.22,
Tia,Atkins,24-03-2020,,Production Technician II,BPC,Contract,Zone B,Full-Time,Unk,Production,Aerial,10-10-1953,MA,Foreman,Female,95571,Asian,Widowed,Fully Meets,3,1299,02-07-2023,1,2,2,21-01-2023,Project Management,External,Completed,3,358.81,TiaAtkins,69,Active,55+,,,1,1.67,3.27,3-5 yr
Nia,Nicholson,12-06-2021,,Production Technician II,CCDR,Contract,Zone B,Temporary,Unk,Production,Field Operations,05-09-1967,MA,Laborer,Female,91189,Black,Married,Fully Meets,3,1300,07-10-2022,1,3,1,29-04-2023,Technical Skills,Internal,Passed,4,588.64,NiaNicholson,55,Active,55+,,,1,1.67,1.32,1-3 yr
Lilian,Norton,22-03-2019,23-03-2022,Production Technician I,MSC,Part-Time,Zone B,Temporary,Retirement,Production,Field Operations,28-03-1950,MA,Driller,Female,62803,Asian,Widowed,Fully Meets,3,1301,21-01-2023,1,4,2,22-09-2022,Communication Skills,Internal,Incomplete,1,472.18,LilianNorton,72,Terminated,55+,2022,March,0,2.33,3,1-3 yr
Aliana,Pennington,08-03-2021,17-12-2022,Production Technician I,TNS,Full-Time,Zone A,Full-Time,Voluntary,Production,Field Operations,02-07-2000,MA,Laborer,Female,77552,Other,Married,Fully Meets,3,1302,04-06-2023,1,2,4,20-08-2022,Project Management,Internal,Passed,2,758.79,AlianaPennington,22,Terminated,<25,2022,December,1,2.33,1.78,1-3 yr
Estrella,Benitez,15-05-2020,,Production Technician I,PYZ,Contract,Zone A,Full-Time,Unk,Production,Finance & Accounting,01-02-1957,MA,Administration,Female,35973,Hispanic,Single,Fully Meets,3,1303,01-01-2023,5,3,5,02-06-2023,Leadership Development,Internal,Failed,3,921.81,EstrellaBenitez,65,Active,55+,,,0,4.33,2.63,1-3 yr
Kylie,Gilbert,24-01-2023,,Production Technician I,WBL,Full-Time,Zone B,Part-Time,Unk,Production,Safety,13-02-1996,MA,Safety,Female,47801,Asian,Widowed,Fully Meets,3,1304,11-04-2023,3,5,1,16-01-2023,Communication Skills,External,Completed,3,405.08,KylieGilbert,27,Active,25-34,,,1,3,0.21,0-1 yr
Oscar,Munoz,06-01-2021,30-12-2022,Production Technician I,NEL,Full-Time,Zone B,Temporary,Resignation,Production,Field Operations,14-11-1998,MA,Laborer,Male,1615,White,Married,Fully Meets,3,1305,22-02-2023,2,5,2,08-07-2023,Technical Skills,Internal,Failed,3,784.22,OscarMunoz,24,Terminated,<25,2022,December,0,3,1.98,1-3 yr
Dane,Barton,16-04-2021,,Production Technician I,PL,Part-Time,Zone B,Part-Time,Unk,Production,Project Management - Con,07-08-1997,MA,Coordinator,Male,49042,Hispanic,Single,Fully Meets,3,1306,12-11-2022,1,3,5,13-07-2023,Technical Skills,External,Failed,4,443.99,DaneBarton,25,Active,25-34,,,0,3,1.57,1-3 yr
Dexter,Cline,22-09-2021,25-10-2021,Production Technician I,BPC,Contract,Zone A,Full-Time,Voluntary,Production,Engineers,24-02-1981,MA,Director,Male,94852,Black,Married,Fully Meets,3,1307,18-11-2022,1,5,1,16-11-2022,Technical Skills,Internal,Incomplete,3,609.9,DexterCline,41,Terminated,35-44,2021,October,0,2.33,0.09,0-1 yr
Atticus,Frost,28-06-2022,07-03-2023,Production Technician I,CCDR,Full-Time,Zone C,Full-Time,Retirement,Production,Project Management - Con,03-10-1980,MA,Supervisor,Female,60350,Asian,Divorced,Fully Meets,3,1308,28-08-2022,4,5,2,10-10-2022,Leadership Development,External,Failed,5,742.16,AtticusFrost,41,Terminated,35-44,2023,March,0,3.67,0.69,0-1 yr
Yamilet,Cohen,17-08-2020,,Production Technician I,SVG,Part-Time,Zone C,Part-Time,Unk,Production,Field Operations,15-05-1980,MA,Driller,Female,41055,Other,Widowed,Fully Meets,3,1309,07-09-2022,1,1,3,09-09-2022,Technical Skills,External,Failed,3,517.74,YamiletCohen,42,Active,35-44,,,0,1.67,2.06,1-3 yr
Emmalee,Reynolds,03-04-2023,21-07-2023,Production Technician I,EW,Part-Time,Zone B,Full-Time,Voluntary,Production,General - Con,11-02-1988,MA,Technician,Female,21439,Asian,Single,Fully Meets,3,1310,24-04-2023,3,4,3,16-10-2022,Project Management,Internal,Incomplete,4,350.59,EmmaleeReynolds,35,Terminated,35-44,2023,July,0,3.33,0.3,0-1 yr
Moshe,Taylor,26-05-2023,12-06-2023,Production Technician I,MSC,Full-Time,Zone C,Part-Time,Resignation,Production,Engineers,22-02-1987,MA,Specialist,Male,32645,Asian,Single,Fully Meets,3,1311,09-03-2023,5,2,3,17-10-2022,Leadership Development,Internal,Incomplete,1,546.94,MosheTaylor,36,Terminated,35-44,2023,June,0,3.33,0.05,0-1 yr
Irene,Melton,10-04-2021,,Production Technician I,TNS,Full-Time,Zone B,Full-Time,Unk,Production,General - Eng,09-08-1997,MA,Technician,Female,47354,Black,Widowed,Fully Meets,3,1312,25-09-2022,2,5,2,29-04-2023,Communication Skills,Internal,Completed,4,514.37,IreneMelton,25,Active,25-34,,,1,3,1.46,1-3 yr
Eddie,Whitney,18-04-2023,,Production Technician I,PYZ,Contract,Zone C,Part-Time,Unk,Production,Field Operations,04-12-1957,MA,Operator,Female,64005,Hispanic,Single,Fully Meets,3,1313,18-07-2023,5,4,1,25-10-2022,Leadership Development,Internal,Incomplete,5,786.98,EddieWhitney,65,Active,55+,,,0,3.33,0.25,0-1 yr
Marcel,Gomez,13-10-2021,21-06-2023,Production Technician I,WBL,Contract,Zone C,Full-Time,Retirement,Production,General - Con,30-08-1996,MA,Technician,Female,91553,White,Divorced,Fully Meets,3,1314,28-03-2023,5,5,3,18-03-2023,Project Management,Internal,Passed,4,852.21,MarcelGomez,26,Terminated,25-34,2023,June,1,4.33,1.69,1-3 yr
Amy,Foster-Baker,10-10-2020,,Sr. Accountant,NEL,Part-Time,Zone A,Temporary,Unk,Admin Offices,Splicing,21-12-1956,MA,Tester,Female,2050,Asian,Widowed,Fully Meets,3,1315,29-11-2022,5,1,1,29-07-2023,Communication Skills,External,Failed,4,761.63,AmyFoster-Baker,65,Active,55+,,,0,2.33,2.14,1-3 yr
Janet,King,20-01-2019,15-09-2021,President & CEO,CCDR,Part-Time,Zone A,Full-Time,Involuntary,Executive Office,Aerial,24-10-1955,MA,Foreman,Female,1902,Asian,Single,Fully Meets,3,1316,20-07-2023,3,4,3,20-04-2023,Technical Skills,External,Passed,5,202.62,JanetKing,67,Terminated,55+,2021,September,1,3.33,2.65,1-3 yr
Bonalyn,Boutwell,09-05-2021,27-10-2022,Sr. Accountant,MSC,Full-Time,Zone A,Part-Time,Involuntary,Admin Offices,Aerial,23-11-1950,MA,Lineman,Female,2468,Black,Widowed,Fully Meets,3,1317,05-05-2023,4,2,2,20-08-2022,Communication Skills,External,Passed,5,414.75,BonalynBoutwell,72,Terminated,55+,2022,October,1,2.67,1.47,1-3 yr
Nan,Singh,29-07-2023,04-08-2023,Administrative Assistant,WBL,Contract,Zone B,Temporary,Retirement,Admin Offices,Field Operations,14-05-1984,MA,Laborer,Female,2330,White,Divorced,Fully Meets,3,1318,21-05-2023,5,4,2,17-10-2022,Communication Skills,External,Completed,4,344.55,NanSingh,39,Terminated,35-44,2023,August,1,3.67,0.02,0-1 yr
Tyrone,Steans,24-08-2019,14-12-2022,Accountant I,EW,Part-Time,Zone C,Temporary,Involuntary,Admin Offices,Finance & Accounting,23-07-1964,MA,Intern,Male,2703,Asian,Married,Fully Meets,3,1319,14-06-2023,4,2,5,19-05-2023,Project Management,Internal,Failed,1,777.46,TyroneSteans,58,Terminated,55+,2022,December,0,3.67,3.31,3-5 yr
Estelle,Howard,25-12-2018,,Administrative Assistant,WBL,Part-Time,Zone B,Full-Time,Unk,Admin Offices,Wireline Construction,06-09-1983,MA,Billing,Female,2170,White,Widowed,Fully Meets,3,1320,12-01-2023,5,1,5,25-08-2022,Leadership Development,External,Completed,3,948.71,EstelleHoward,39,Active,35-44,,,1,3.67,4.05,3-5 yr
William,LaRotonda,27-05-2021,24-08-2021,Accountant I,TNS,Contract,Zone A,Full-Time,Involuntary,Admin Offices,Project Management - Con,16-03-1958,MA,Vp,Male,1460,Black,Single,Fully Meets,3,1321,30-04-2023,1,5,5,19-01-2023,Customer Service,Internal,Passed,5,308.77,WilliamLaRotonda,65,Terminated,55+,2021,August,1,3.67,0.24,0-1 yr
Mia,Brown,02-02-2023,23-06-2023,Accountant I,TNS,Full-Time,Zone B,Full-Time,Resignation,Admin Offices,Executive,18-05-1985,MA,Ceo,Female,1450,Hispanic,Widowed,Fully Meets,3,1322,17-01-2023,1,5,2,24-02-2023,Customer Service,External,Incomplete,1,891.25,MiaBrown,37,Terminated,35-44,2023,June,0,2.67,0.39,0-1 yr
Leigh Ann,Smith,06-12-2022,,Administrative Assistant,PL,Full-Time,Zone B,Temporary,Unk,Admin Offices,Aerial,19-03-1953,MA,Foreman,Female,1844,Black,Divorced,Fully Meets,3,1323,02-05-2023,5,1,5,30-03-2023,Customer Service,Internal,Passed,2,659.9,Leigh AnnSmith,70,Active,55+,,,1,3.67,0.4,0-1 yr
Peter,Foley,23-07-2021,,Accountant I,MSC,Part-Time,Zone A,Part-Time,Unk,Admin Offices,General - Con,28-10-1986,MA,Helper,Female,11194,Hispanic,Single,Fully Meets,3,1324,16-11-2022,5,3,3,30-09-2022,Project Management,Internal,Failed,2,858.72,PeterFoley,36,Active,35-44,,,0,3.67,1.32,1-3 yr
Maximus,Carney,16-11-2019,,Accountant I,TNS,Contract,Zone B,Temporary,Unk,Admin Offices,Engineers,02-05-1982,MA,Drafter,Female,60432,Black,Divorced,Fully Meets,3,1325,17-12-2022,1,5,3,28-03-2023,Project Management,External,Failed,5,380.24,MaximusCarney,40,Active,35-44,,,0,3,3.09,3-5 yr
Jaida,Sweeney,08-03-2020,07-11-2021,Sr. Network Engineer,PYZ,Full-Time,Zone A,Temporary,Retirement,Admin Offices,General - Eng,17-11-1977,MA,Billing,Male,86677,White,Widowed,Fully Meets,3,1326,04-03-2023,5,3,1,01-05-2023,Leadership Development,External,Passed,5,505.4,JaidaSweeney,45,Terminated,45-54,2021,November,1,3,1.67,1-3 yr
Rhys,Lawson,14-01-2019,,Sr. Network Engineer,WBL,Part-Time,Zone B,Temporary,Unk,Admin Offices,Engineers,20-02-1960,MA,Engineer,Male,93156,White,Single,Fully Meets,3,1327,23-03-2023,5,3,4,02-07-2023,Leadership Development,Internal,Passed,3,609.01,RhysLawson,63,Active,55+,,,1,4,4.19,3-5 yr
Skyler,Robles,29-02-2020,23-09-2021,Sr. Network Engineer,NEL,Part-Time,Zone C,Full-Time,Voluntary,IT/IS,Executive,24-12-1975,MA,Vp,Male,66733,Asian,Single,Fully Meets,3,1328,07-11-2022,1,4,3,24-03-2023,Customer Service,Internal,Failed,3,656.38,SkylerRobles,46,Terminated,45-54,2021,September,0,2.67,1.57,1-3 yr
Allyson,Keller,25-11-2022,12-04-2023,Software Engineer,PL,Contract,Zone B,Part-Time,Resignation,Software Engineering,Field Operations,01-11-1958,MA,Laborer,Male,77070,Black,Widowed,Fully Meets,3,1329,23-05-2023,3,2,5,11-06-2023,Project Management,External,Passed,5,692.63,AllysonKeller,64,Terminated,55+,2023,April,1,3.33,0.38,0-1 yr
Eddie,Bauer,15-09-2022,05-05-2023,Accountant I,MSC,Full-Time,Zone A,Part-Time,Retirement,Admin Offices,General - Con,01-03-1990,MA,Associate,Female,66991,White,Divorced,Fully Meets,3,1330,25-09-2022,3,5,2,20-11-2022,Project Management,Internal,Incomplete,3,633.72,EddieBauer,32,Terminated,25-34,2023,May,0,3.33,0.64,0-1 yr
Roger,Taylor,11-08-2021,,Accountant I,TNS,Full-Time,Zone C,Temporary,Unk,Admin Offices,People Services,20-10-1946,MA,Intern,Female,69431,Black,Widowed,Fully Meets,3,1331,16-05-2023,3,2,5,14-09-2022,Communication Skills,Internal,Failed,2,517.62,RogerTaylor,76,Active,55+,,,0,3.33,1.76,1-3 yr
Marshall,Sellers,03-08-2023,,Sr. Network Engineer,PYZ,Contract,Zone B,Part-Time,Unk,Admin Offices,Wireline Construction,22-10-1946,MA,Foreman,Male,12089,Hispanic,Divorced,Fully Meets,3,1332,13-04-2023,1,2,5,13-08-2022,Leadership Development,External,Incomplete,4,231.76,MarshallSellers,76,Active,55+,,,0,2.67,-0.31,
Cloe,Mcgrath,14-03-2022,,Sr. Network Engineer,WBL,Part-Time,Zone A,Part-Time,Unk,IT/IS,Field Operations,15-04-1978,MA,Laborer,Male,74486,Black,Divorced,Fully Meets,3,1333,29-01-2023,3,4,5,01-03-2023,Customer Service,Internal,Passed,2,605.12,CloeMcgrath,44,Active,35-44,,,1,4,0.88,0-1 yr
Susan,Gordon,01-09-2020,29-11-2020,Sr. Network Engineer,NEL,Full-Time,Zone B,Part-Time,Retirement,IT/IS,Underground,23-09-1952,MA,Laborer,Male,15975,Other,Widowed,Fully Meets,3,1334,21-12-2022,1,3,1,01-04-2023,Project Management,Internal,Failed,1,297.12,SusanGordon,70,Terminated,55+,2020,November,0,1.67,0.24,0-1 yr
Makenna,Newton,31-10-2021,,Software Engineer,NEL,Contract,Zone A,Full-Time,Unk,Software Engineering,General - Con,24-11-1947,MA,Technician,Female,27425,White,Divorced,Fully Meets,3,1335,09-10-2022,4,5,5,20-02-2023,Leadership Development,Internal,Incomplete,2,384.43,MakennaNewton,74,Active,55+,,,0,4.67,0.94,0-1 yr
Kellen,Smith,26-02-2020,30-03-2023,Accountant I,TNS,Full-Time,Zone A,Part-Time,Retirement,Admin Offices,Field Operations,14-07-1947,MA,Technician,Female,88247,Black,Married,Fully Meets,3,1336,09-03-2023,5,1,4,19-12-2022,Leadership Development,Internal,Passed,4,969.95,KellenSmith,75,Terminated,55+,2023,March,1,3.33,3.09,3-5 yr
Sherlyn,Carroll,10-08-2018,07-12-2021,Accountant I,WBL,Full-Time,Zone A,Temporary,Resignation,Admin Offices,General - Con,30-03-1953,MA,Safety Manager,Female,71014,White,Single,Fully Meets,3,1337,01-11-2022,3,3,4,17-01-2023,Project Management,External,Failed,5,719.7,SherlynCarroll,69,Terminated,55+,2021,December,0,3.33,3.33,3-5 yr
Rogelio,Flores,30-09-2020,,Sr. Network Engineer,BPC,Contract,Zone C,Part-Time,Unk,Admin Offices,Shop (Fleet),14-03-1988,MA,Mechanic,Male,90987,Other,Widowed,Fully Meets,3,1338,20-10-2022,1,1,1,30-10-2022,Leadership Development,External,Incomplete,1,355.83,RogelioFlores,34,Active,25-34,,,0,1,2.05,1-3 yr
Kadence,Gentry,01-04-2021,14-08-2022,Sr. Network Engineer,CCDR,Contract,Zone B,Temporary,Retirement,IT/IS,Wireline Construction,19-11-1981,MA,Foreman,Male,47635,Hispanic,Widowed,Fully Meets,3,1339,02-12-2022,1,3,2,24-11-2022,Customer Service,Internal,Incomplete,3,754.47,KadenceGentry,41,Terminated,35-44,2022,August,0,2,1.37,1-3 yr
Willow,Golden,21-03-2021,21-11-2021,Sr. Network Engineer,EW,Full-Time,Zone B,Part-Time,Retirement,IT/IS,General - Eng,22-03-1945,MA,Engineer,Male,37302,White,Divorced,Fully Meets,3,1340,28-05-2023,5,4,4,06-02-2023,Leadership Development,External,Incomplete,2,890.39,WillowGolden,78,Terminated,55+,2021,November,0,4.33,0.67,0-1 yr
Amiyah,Sims,03-11-2021,,Software Engineering Manager,CCDR,Part-Time,Zone C,Full-Time,Unk,Software Engineering,Engineers,22-02-1979,MA,Engineer,Female,76343,Hispanic,Single,Fully Meets,3,1341,15-05-2023,1,3,4,14-02-2023,Project Management,Internal,Passed,3,268.78,AmiyahSims,44,Active,35-44,,,1,2.67,1.53,1-3 yr
Jeffery,Hogan,22-06-2019,26-08-2019,Accountant I,EW,Full-Time,Zone B,Part-Time,Retirement,Admin Offices,Aerial,30-06-1985,MA,Lineman,Female,2559,Asian,Single,Fully Meets,3,1342,20-12-2022,3,2,2,28-01-2023,Project Management,Internal,Failed,4,930.72,JefferyHogan,37,Terminated,35-44,2019,August,0,2.33,0.18,0-1 yr
Shaniya,Hamilton,12-11-2019,19-05-2023,Accountant I,MSC,Contract,Zone B,Temporary,Voluntary,Admin Offices,Shop (Fleet),31-05-1958,MA,Manager,Female,68008,White,Married,Fully Meets,3,1343,07-09-2022,1,2,3,02-09-2022,Customer Service,External,Completed,5,924.85,ShaniyaHamilton,64,Terminated,55+,2023,May,1,2,3.52,3-5 yr
Johan,Willis,20-09-2022,,Accountant I,TNS,Part-Time,Zone A,Part-Time,Unk,Admin Offices,General - Con,21-12-1980,MA,Foreman,Male,93554,White,Single,Fully Meets,3,1344,23-08-2022,1,4,5,01-11-2022,Technical Skills,Internal,Incomplete,5,284.38,JohanWillis,41,Active,35-44,,,0,3.33,-0.08,
Seth,Alvarez,27-01-2023,,Sr. Network Engineer,PYZ,Full-Time,Zone A,Full-Time,Unk,Admin Offices,Fielders,13-05-1978,MA,Engineer,Male,85275,Other,Single,Fully Meets,3,1345,28-08-2022,2,4,4,30-11-2022,Communication Skills,External,Passed,1,395.1,SethAlvarez,44,Active,35-44,,,1,3.33,-0.42,
Aron,Grant,21-02-2021,22-08-2022,Sr. Network Engineer,WBL,Contract,Zone C,Temporary,Retirement,IT/IS,Field Operations,13-09-1948,MA,Laborer,Male,37276,White,Divorced,Fully Meets,3,1346,28-04-2023,4,2,3,02-07-2023,Technical Skills,External,Failed,2,501.64,AronGrant,74,Terminated,55+,2022,August,0,3,1.5,1-3 yr
Haleigh,Carter,04-03-2022,18-01-2023,Sr. Network Engineer,NEL,Part-Time,Zone B,Full-Time,Retirement,IT/IS,General - Con,21-03-1995,MA,Coordinator,Male,54734,Hispanic,Married,Fully Meets,3,1347,28-02-2023,4,3,1,22-10-2022,Communication Skills,Internal,Failed,5,792.72,HaleighCarter,27,Terminated,25-34,2023,January,0,2.67,0.88,0-1 yr
Tatiana,Ayala,21-04-2019,02-12-2020,Software Engineering Manager,WBL,Contract,Zone C,Part-Time,Involuntary,Software Engineering,Field Operations,13-04-1993,MA,Engineer,Female,34961,Other,Married,Fully Meets,3,1348,01-11-2022,2,2,4,01-08-2023,Technical Skills,Internal,Completed,4,594.15,TatianaAyala,29,Terminated,25-34,2020,December,1,2.67,1.62,1-3 yr
Kaylynn,Mcguire,02-08-2021,26-11-2022,Accountant I,EW,Full-Time,Zone B,Part-Time,Retirement,Admin Offices,Safety,27-11-1949,MA,Manager,Female,33234,White,Divorced,Fully Meets,3,1349,21-04-2023,1,2,3,26-11-2022,Technical Skills,Internal,Incomplete,3,870.01,KaylynnMcguire,73,Terminated,55+,2022,November,0,2,1.32,1-3 yr
Timothy,Villarreal,04-03-2022,,Accountant I,MSC,Part-Time,Zone B,Temporary,Unk,Admin Offices,Field Operations,02-11-1968,MA,Laborer,Female,45030,Black,Divorced,Fully Meets,3,1350,05-03-2023,3,4,5,29-01-2023,Leadership Development,Internal,Incomplete,2,610.06,TimothyVillarreal,54,Active,45-54,,,0,4,1,0-1 yr
Elliott,Petersen,28-03-2021,,Accountant I,TNS,Contract,Zone C,Part-Time,Unk,Admin Offices,Field Operations,05-03-1998,MA,Tower Hand,Male,38846,White,Divorced,Fully Meets,3,1351,18-01-2023,4,1,5,20-12-2022,Project Management,Internal,Passed,2,278.16,ElliottPetersen,24,Active,<25,,,1,3.33,1.81,1-3 yr
Lily,Tyler,08-08-2018,01-06-2023,Sr. Network Engineer,PYZ,Contract,Zone B,Full-Time,Voluntary,Admin Offices,Field Operations,18-06-1974,MA,Technician,Male,43568,Other,Divorced,Fully Meets,3,1352,03-06-2023,4,2,1,01-11-2022,Communication Skills,External,Completed,4,218.93,LilyTyler,48,Terminated,45-54,2023,June,1,2.33,4.81,3-5 yr
Noe,Mann,15-09-2020,06-01-2022,Sr. Network Engineer,WBL,Part-Time,Zone A,Temporary,Involuntary,IT/IS,Field Operations,04-03-1946,MA,Supervisor,Male,48891,White,Single,Fully Meets,3,1353,11-10-2022,5,1,5,16-12-2022,Communication Skills,Internal,Incomplete,5,179.21,NoeMann,76,Terminated,55+,2022,January,0,3.67,1.31,1-3 yr
Christina,Terry,28-10-2020,27-02-2022,Software Engineering Manager,WBL,Full-Time,Zone C,Full-Time,Involuntary,Software Engineering,Field Operations,07-05-1959,MA,Top Hand,Female,79778,Black,Widowed,Fully Meets,3,1354,21-06-2023,4,4,2,03-08-2023,Communication Skills,External,Failed,2,983.37,ChristinaTerry,64,Terminated,55+,2022,February,0,3.33,1.33,1-3 yr
Niko,Durham,16-06-2021,23-11-2021,Administrative Assistant,SVG,Full-Time,Zone B,Temporary,Resignation,Admin Offices,General - Con,20-05-1945,MA,Coordinator,Female,79459,Hispanic,Single,Fully Meets,3,1355,28-01-2023,2,2,3,13-03-2023,Project Management,Internal,Completed,5,534.28,NikoDurham,77,Terminated,55+,2021,November,1,2.33,0.44,0-1 yr
Dante,Strong,20-03-2023,21-06-2023,Accountant I,EW,Part-Time,Zone A,Temporary,Voluntary,Admin Offices,Engineers,12-06-1988,MA,Engineer,Female,93230,Hispanic,Married,Fully Meets,3,1356,14-08-2022,1,1,1,06-04-2023,Technical Skills,Internal,Incomplete,3,301.39,DanteStrong,34,Terminated,25-34,2023,June,0,1,0.25,0-1 yr
Angeline,Perez,07-09-2018,16-07-2021,Accountant I,MSC,Full-Time,Zone C,Temporary,Retirement,Admin Offices,Engineers,04-07-1972,MA,Principal,Male,74550,Black,Divorced,Fully Meets,3,1357,30-01-2023,1,4,3,26-05-2023,Project Management,External,Incomplete,3,231.65,AngelinePerez,50,Terminated,45-54,2021,July,0,2.67,2.86,1-3 yr
Jairo,Blanchard,08-11-2018,28-10-2022,Accountant I,TNS,Part-Time,Zone B,Full-Time,Retirement,Admin Offices,Field Operations,29-03-1996,MA,Laborer,Male,1706,Black,Married,Fully Meets,3,1358,25-02-2023,1,2,5,10-08-2022,Communication Skills,Internal,Completed,2,994.81,JairoBlanchard,26,Terminated,25-34,2022,October,1,2.67,3.97,3-5 yr
Rishi,Watkins,26-01-2019,,Sr. Network Engineer,BPC,Full-Time,Zone A,Part-Time,Unk,Admin Offices,Catv,19-03-1998,MA,Foreman,Male,50894,Asian,Married,Fully Meets,3,1359,09-01-2023,4,5,1,14-02-2023,Customer Service,External,Incomplete,4,729.91,RishiWatkins,24,Active,<25,,,0,3.33,3.95,3-5 yr
Immanuel,Goodwin,30-08-2021,,Sr. Network Engineer,CCDR,Contract,Zone B,Full-Time,Unk,IT/IS,Field Operations,25-09-1964,MA,Technician,Male,27367,Asian,Divorced,PIP,3,1360,31-03-2023,5,2,1,20-09-2022,Leadership Development,Internal,Passed,2,538.02,ImmanuelGoodwin,58,Active,55+,,,1,2.67,1.58,1-3 yr
Elle,Berry,08-03-2023,30-03-2023,Sr. Accountant,BPC,Full-Time,Zone A,Full-Time,Voluntary,Admin Offices,Aerial,26-09-1949,MA,Supervisor,Female,18484,Black,Married,Exceeds,3,1361,30-03-2023,1,3,2,09-10-2022,Project Management,Internal,Failed,4,903.88,ElleBerry,73,Terminated,55+,2023,March,0,2,0.06,0-1 yr
Raphael,Francis,10-11-2019,03-12-2020,Administrative Assistant,SVG,Full-Time,Zone C,Part-Time,Retirement,Admin Offices,General - Con,11-10-1983,MA,Technician,Female,36283,Asian,Widowed,Exceeds,3,1362,11-01-2023,5,2,5,29-08-2022,Customer Service,Internal,Passed,4,196.94,RaphaelFrancis,39,Terminated,35-44,2020,December,1,4,1.07,1-3 yr
Hadley,Barrett,28-07-2023,,Accountant I,EW,Full-Time,Zone A,Full-Time,Unk,Admin Offices,General - Con,21-04-1982,MA,Laborer,Female,82125,Asian,Divorced,PIP,3,1363,19-06-2023,5,2,2,15-12-2022,Project Management,Internal,Completed,2,285.83,HadleyBarrett,41,Active,35-44,,,1,3,-0.11,
Mollie,Jenkins,03-04-2019,05-08-2019,Accountant I,MSC,Contract,Zone C,Temporary,Voluntary,Admin Offices,Finance & Accounting,20-01-1973,MA,Administration,Male,32101,White,Divorced,Exceeds,3,1364,03-05-2023,2,2,4,28-12-2022,Project Management,External,Incomplete,4,818.6,MollieJenkins,50,Terminated,45-54,2019,August,0,2.67,0.34,0-1 yr
Cali,Nolan,24-07-2019,,Accountant I,TNS,Contract,Zone C,Part-Time,Unk,Admin Offices,Field Operations,13-07-1982,MA,Lineman,Male,64340,Hispanic,Widowed,Exceeds,3,1365,08-10-2022,5,1,2,10-04-2023,Leadership Development,External,Incomplete,1,610.97,CaliNolan,40,Active,35-44,,,0,2.67,3.21,3-5 yr
Malik,Crane,29-04-2022,11-12-2022,Sr. Network Engineer,PYZ,Contract,Zone B,Temporary,Voluntary,IT/IS,General - Con,15-01-1950,MA,Laborer,Male,14151,Black,Single,Exceeds,3,1366,17-08-2022,1,4,2,18-11-2022,Technical Skills,Internal,Completed,1,762.83,MalikCrane,72,Terminated,55+,2022,December,1,2.33,0.62,0-1 yr
Bryce,Higgins,06-10-2020,,Sr. Network Engineer,WBL,Part-Time,Zone B,Temporary,Unk,IT/IS,Executive,12-08-1990,MA,Coordinator,Female,61754,White,Divorced,Exceeds,3,1367,20-07-2023,1,4,3,20-09-2022,Project Management,External,Incomplete,5,438.44,BryceHiggins,32,Active,25-34,,,0,2.67,2.78,1-3 yr
Beatrice,Bean,04-04-2020,,Sr. Accountant,PYZ,Part-Time,Zone C,Temporary,Unk,Admin Offices,General - Sga,26-08-1993,MA,Estimator,Female,24157,White,Widowed,Exceeds,3,1368,04-10-2022,2,2,2,19-10-2022,Project Management,Internal,Incomplete,4,271.9,BeatriceBean,29,Active,25-34,,,0,2,2.5,1-3 yr
Shea,Novak,26-03-2021,,Administrative Assistant,CCDR,Contract,Zone C,Full-Time,Unk,Sales,Aerial,24-03-1974,MA,Foreman,Female,6564,Black,Married,Exceeds,3,1369,08-03-2023,2,4,3,31-01-2023,Communication Skills,External,Incomplete,2,629.2,SheaNovak,48,Active,45-54,,,0,3,1.95,1-3 yr
Mateo,Mcdaniel,19-05-2022,,Administrative Assistant,SVG,Part-Time,Zone A,Temporary,Unk,Admin Offices,General - Con,13-12-1992,MA,Locator,Female,55619,Black,Married,Exceeds,3,1370,19-07-2023,1,2,1,06-09-2022,Leadership Development,Internal,Incomplete,1,850.28,MateoMcdaniel,30,Active,25-34,,,0,1.33,1.17,1-3 yr
Arianna,Carlson,28-08-2021,16-10-2021,Accountant I,EW,Contract,Zone A,Part-Time,Involuntary,Admin Offices,Field Operations,07-05-1957,MA,Technician,Female,26844,Black,Married,Exceeds,3,1371,19-05-2023,1,1,2,01-10-2022,Leadership Development,External,Passed,1,321.25,AriannaCarlson,66,Terminated,55+,2021,October,1,1.33,0.13,0-1 yr
Frankie,Davenport,24-11-2022,,Accountant I,MSC,Contract,Zone A,Full-Time,Unk,Admin Offices,Aerial,19-08-1991,MA,Foreman,Male,34610,White,Single,Exceeds,3,1372,30-07-2023,3,1,4,03-06-2023,Customer Service,Internal,Passed,1,475.32,FrankieDavenport,31,Active,25-34,,,1,2.67,0.68,0-1 yr
Morgan,Hammond,12-01-2022,11-11-2022,Accountant I,TNS,Contract,Zone A,Part-Time,Resignation,Admin Offices,Field Operations,20-04-1986,MA,Laborer,Male,20630,Other,Divorced,Exceeds,3,1373,12-06-2023,1,2,5,08-09-2022,Leadership Development,External,Failed,4,847.2,MorganHammond,37,Terminated,35-44,2022,November,0,2.67,0.83,0-1 yr
Judith,Mccullough,07-07-2019,,Sr. Network Engineer,PYZ,Part-Time,Zone B,Temporary,Unk,IT/IS,Aerial,12-09-1942,MA,Foreman,Female,78109,White,Married,Exceeds,3,1374,08-02-2023,5,5,4,08-10-2022,Customer Service,Internal,Completed,1,983.35,JudithMccullough,80,Active,55+,,,1,4.67,3.59,3-5 yr
Luca,Francis,14-07-2021,,Sr. Accountant,PYZ,Contract,Zone B,Full-Time,Unk,Admin Offices,Technology / It,07-07-1999,MA,Intern,Female,1498,Asian,Divorced,Exceeds,3,1375,28-09-2022,1,3,2,25-06-2023,Technical Skills,External,Passed,3,880.9,LucaFrancis,23,Active,<25,,,1,2,1.21,1-3 yr
Mallory,Figueroa,03-12-2019,10-02-2022,Administrative Assistant,CCDR,Full-Time,Zone B,Temporary,Retirement,Sales,Field Operations,08-12-1958,MA,Supervisor,Female,30890,Other,Single,Exceeds,3,1376,12-06-2023,4,3,5,02-08-2023,Customer Service,External,Completed,3,795.72,MalloryFigueroa,64,Terminated,55+,2022,February,1,4,2.19,1-3 yr
Larissa,Douglas,03-03-2021,10-07-2021,Administrative Assistant,SVG,Part-Time,Zone A,Full-Time,Resignation,Admin Offices,General - Con,18-05-1968,MA,Technician,Female,67773,White,Divorced,Exceeds,3,1377,05-03-2023,5,5,4,20-06-2023,Communication Skills,Internal,Completed,2,909.56,LarissaDouglas,54,Terminated,45-54,2021,July,1,4.67,0.35,0-1 yr
Konnor,Rivas,13-06-2022,,Accountant I,EW,Full-Time,Zone C,Part-Time,Unk,Admin Offices,Fielders,06-03-1975,MA,Engineer,Female,12640,White,Married,PIP,3,1378,03-02-2023,1,4,5,28-01-2023,Communication Skills,External,Failed,5,145.7,KonnorRivas,47,Active,45-54,,,0,3.33,0.64,0-1 yr
Fernanda,Yu,23-01-2023,,Accountant I,MSC,Part-Time,Zone A,Temporary,Unk,Admin Offices,General - Sga,21-10-1984,MA,Supervisor,Male,64384,White,Widowed,Exceeds,3,1379,28-02-2023,5,2,5,06-03-2023,Communication Skills,Internal,Passed,1,397.48,FernandaYu,38,Active,35-44,,,1,4,0.1,0-1 yr
Solomon,Paul,06-09-2020,,Accountant I,TNS,Part-Time,Zone A,Temporary,Unk,Admin Offices,Field Operations,04-05-1953,MA,Laborer,Male,3676,Hispanic,Single,Exceeds,3,1380,27-12-2022,1,1,2,26-05-2023,Communication Skills,External,Failed,3,326.7,SolomonPaul,69,Active,55+,,,0,1.33,2.31,1-3 yr
Emiliano,Young,17-10-2022,,Sr. Network Engineer,PYZ,Full-Time,Zone A,Temporary,Unk,IT/IS,Aerial,01-11-2000,MA,Foreman,Female,71974,Other,Single,PIP,3,1381,10-07-2023,2,2,1,20-09-2022,Leadership Development,Internal,Failed,4,718.16,EmilianoYoung,22,Active,<25,,,0,1.67,0.73,0-1 yr
Mason,Ellis,07-06-2019,,Sr. Accountant,TNS,Full-Time,Zone B,Part-Time,Unk,Admin Offices,Field Operations,16-03-1968,MA,Supervisor,Female,27614,White,Widowed,Exceeds,3,1382,30-11-2022,2,1,1,21-02-2023,Communication Skills,Internal,Passed,5,162.46,MasonEllis,54,Active,45-54,,,1,1.33,3.48,3-5 yr
Athena,Moore,28-01-2022,16-09-2022,Sr. Accountant,BPC,Contract,Zone C,Part-Time,Resignation,Admin Offices,General - Con,10-10-1994,MA,Technician,Female,88549,Hispanic,Divorced,Exceeds,3,1383,02-09-2022,4,1,5,15-01-2023,Customer Service,Internal,Completed,3,924.64,AthenaMoore,27,Terminated,25-34,2022,September,1,3.33,0.63,0-1 yr
Karla,Farrell,01-07-2020,05-03-2021,Administrative Assistant,CCDR,Part-Time,Zone B,Full-Time,Resignation,Admin Offices,Field Operations,12-03-1956,MA,Groundman,Female,14083,Other,Single,PIP,3,1384,05-05-2023,2,3,4,04-10-2022,Leadership Development,Internal,Passed,4,628.48,KarlaFarrell,67,Terminated,55+,2021,March,1,3,0.68,0-1 yr
Anderson,Meadows,30-05-2020,,Administrative Assistant,SVG,Full-Time,Zone C,Part-Time,Unk,Admin Offices,Field Operations,09-05-1966,MA,Laborer,Female,37965,Hispanic,Divorced,PIP,3,1385,11-09-2022,3,1,3,27-06-2023,Communication Skills,Internal,Passed,1,678.07,AndersonMeadows,56,Active,55+,,,1,2.33,2.28,1-3 yr
Jacey,Braun,05-10-2019,04-02-2023,Accountant I,EW,Contract,Zone C,Full-Time,Involuntary,Admin Offices,General - Con,19-08-1976,MA,Technician,Female,13405,White,Married,Exceeds,3,1386,18-03-2023,2,4,5,29-06-2023,Technical Skills,External,Passed,1,106.91,JaceyBraun,46,Terminated,45-54,2023,February,1,3.67,3.33,3-5 yr
Nathan,Kline,06-11-2021,20-04-2023,Accountant I,MSC,Contract,Zone B,Full-Time,Voluntary,Admin Offices,General - Con,27-08-1951,MA,Laborer,Male,63614,Hispanic,Divorced,PIP,3,1387,29-03-2023,5,1,2,20-12-2022,Communication Skills,External,Incomplete,1,195.95,NathanKline,71,Terminated,55+,2023,April,0,2.67,1.45,1-3 yr
Gabriella,Benitez,09-05-2019,07-05-2020,Accountant I,TNS,Part-Time,Zone B,Full-Time,Resignation,Admin Offices,Field Operations,23-12-1970,MA,Construction Manager,Female,31721,Black,Single,Exceeds,3,1388,15-07-2023,5,2,4,18-04-2023,Communication Skills,External,Completed,1,918.34,GabriellaBenitez,52,Terminated,45-54,2020,May,1,3.67,1,0-1 yr
Juan,Gonzalez,28-10-2019,,Production Technician II,NEL,Part-Time,Zone A,Full-Time,Unk,Production,Isp,11-11-1962,MA,Manager,Male,2128,Hispanic,Widowed,Exceeds,3,1389,25-02-2023,4,4,3,16-01-2023,Communication Skills,External,Incomplete,3,425.34,JuanGonzalez,60,Active,55+,,,0,3.67,3.33,3-5 yr
Cayo,Gonzalez,11-01-2019,,Production Technician I,SVG,Contract,Zone C,Part-Time,Unk,Production,General - Con,21-12-1955,MA,Lineman,Male,2108,Asian,Married,Exceeds,3,1390,23-01-2023,2,3,4,03-03-2023,Communication Skills,External,Completed,3,512.53,CayoGonzalez,67,Active,55+,,,1,3,4.03,3-5 yr
Taylor,Sparks,02-04-2020,,Production Technician I,MSC,Contract,Zone A,Temporary,Unk,Production,Wireless,18-11-1941,MA,Supervisor,Female,2093,Other,Single,Needs Improvement,3,1391,11-08-2022,4,1,1,05-02-2023,Leadership Development,External,Completed,3,146.48,TaylorSparks,80,Active,55+,,,1,2,2.36,1-3 yr
Jeanette,Tippett,07-06-2019,15-08-2019,Production Technician I,PL,Part-Time,Zone A,Part-Time,Involuntary,Production,Field Operations,25-02-1955,MA,Operator,Female,2093,Hispanic,Widowed,Exceeds,3,1392,19-09-2022,4,4,3,20-04-2023,Leadership Development,External,Completed,3,578.62,JeanetteTippett,67,Terminated,55+,2019,August,1,3.67,0.19,0-1 yr
Rose,Ivey,22-11-2021,23-11-2022,Production Technician I,SVG,Part-Time,Zone C,Part-Time,Voluntary,Production,General - Con,20-03-1947,MA,Flagger,Female,1775,Other,Single,Exceeds,3,1393,17-06-2023,4,4,4,02-04-2023,Technical Skills,External,Failed,3,255.61,RoseIvey,76,Terminated,55+,2022,November,0,4,1,0-1 yr
Elijian,Clukey,19-01-2019,,Production Technician I,NEL,Full-Time,Zone A,Part-Time,Unk,Production,Field Operations,13-05-1943,MA,Laborer,Male,2134,Black,Married,Exceeds,3,1394,07-07-2023,1,2,2,13-02-2023,Leadership Development,Internal,Passed,5,370.26,ElijianClukey,80,Active,55+,,,1,1.67,4.46,3-5 yr
Jordan,Winthrop,17-12-2021,26-12-2021,Production Technician II,SVG,Full-Time,Zone C,Part-Time,Resignation,Production,General - Con,14-11-1960,MA,Laborer,Male,2045,Black,Divorced,Exceeds,3,1395,31-05-2023,4,1,2,28-12-2022,Communication Skills,Internal,Failed,2,302.97,JordanWinthrop,62,Terminated,55+,2021,December,0,2.33,0.02,0-1 yr
Shari,Ngodup,04-05-2019,15-02-2021,Production Technician I,SVG,Part-Time,Zone A,Full-Time,Resignation,Production,General - Eng,07-09-1956,MA,Engineer,Female,1810,Hispanic,Married,Exceeds,3,1396,07-07-2023,2,1,3,13-09-2022,Communication Skills,Internal,Completed,3,632.28,ShariNgodup,66,Terminated,55+,2021,February,1,2,1.79,1-3 yr
John,Kretschmer,25-12-2018,11-03-2019,Production Technician I,MSC,Contract,Zone A,Part-Time,Voluntary,Production,General - Con,26-02-1981,MA,Laborer,Male,1801,Other,Single,Exceeds,3,1397,31-03-2023,3,2,3,01-03-2023,Customer Service,Internal,Incomplete,2,669.41,JohnKretschmer,42,Terminated,35-44,2019,March,0,2.67,0.21,0-1 yr
Debbie,Mangal,03-01-2021,08-03-2023,Production Technician I,PYZ,Part-Time,Zone C,Full-Time,Involuntary,Production,Splicing,12-12-1972,MA,Runner,Female,2451,White,Single,Needs Improvement,3,1398,07-04-2023,1,1,1,04-01-2023,Communication Skills,External,Passed,3,191.99,DebbieMangal,50,Terminated,45-54,2023,March,1,1,2.17,1-3 yr
Helen,Billis,15-06-2023,,Production Technician I,BPC,Part-Time,Zone C,Full-Time,Unk,Production,General - Con,15-12-1977,MA,Foreman,Female,2031,Other,Widowed,Needs Improvement,3,1399,07-03-2023,1,4,4,02-05-2023,Customer Service,Internal,Incomplete,2,695.11,HelenBillis,45,Active,45-54,,,0,3,-0.27,
Yen,Johnston,29-08-2018,09-02-2023,Production Technician II,NEL,Full-Time,Zone B,Full-Time,Resignation,Production,Field Operations,03-04-1955,MA,Laborer,Female,2128,White,Divorced,Exceeds,3,1400,17-05-2023,2,3,3,06-08-2022,Communication Skills,Internal,Failed,2,634.92,YenJohnston,68,Terminated,55+,2023,February,0,2.67,4.45,3-5 yr
Hong,Pham,04-01-2019,,Production Technician I,PL,Contract,Zone B,Part-Time,Unk,Production,Splicing,17-08-1967,MA,Lineman,Male,2451,White,Single,Exceeds,3,1401,04-11-2022,2,5,3,03-07-2023,Communication Skills,Internal,Incomplete,5,873.98,HongPham,55,Active,55+,,,0,3.33,3.83,3-5 yr
Linda,Bachiochi,10-09-2021,,Production Technician I,MSC,Full-Time,Zone B,Full-Time,Unk,Production,General - Sga,12-10-1988,MA,Technician,Female,1902,White,Divorced,Exceeds,3,1402,13-07-2023,2,4,4,14-10-2022,Communication Skills,External,Passed,3,602.33,LindaBachiochi,34,Active,25-34,,,1,3.33,1.84,1-3 yr
Lily,DiNocco,08-07-2021,,Production Technician I,SVG,Full-Time,Zone B,Temporary,Unk,Production,Field Operations,09-12-1944,MA,Technician,Female,2351,White,Widowed,Exceeds,3,1403,25-12-2022,1,3,2,08-06-2023,Technical Skills,Internal,Failed,3,807.02,LilyDiNocco,78,Active,55+,,,0,2,1.46,1-3 yr
Ned,Miller,01-11-2018,29-04-2021,Production Technician II,BPC,Contract,Zone B,Part-Time,Involuntary,Production,Finance & Accounting,06-12-1978,MA,Manager,Male,2472,Hispanic,Single,Exceeds,3,1404,18-02-2023,1,2,2,02-10-2022,Project Management,Internal,Completed,4,411.94,NedMiller,44,Terminated,35-44,2021,April,1,1.67,2.49,1-3 yr
Shana,Petingill,08-12-2018,11-06-2022,Production Technician II,PL,Part-Time,Zone A,Temporary,Involuntary,Production,Field Operations,30-03-1977,MA,Construction Manager,Female,2050,Other,Single,Exceeds,3,1405,29-04-2023,3,3,3,15-09-2022,Customer Service,External,Completed,4,537.73,ShanaPetingill,46,Terminated,45-54,2022,June,1,3,3.51,3-5 yr
Jennifer,Cloninger,25-10-2022,,Production Technician II,PYZ,Part-Time,Zone A,Full-Time,Unk,Production,General - Con,10-11-1982,MA,Flagger,Female,1752,Asian,Single,Exceeds,3,1406,15-05-2023,4,1,5,03-05-2023,Technical Skills,Internal,Incomplete,5,930.1,JenniferCloninger,40,Active,35-44,,,0,3.33,0.55,0-1 yr
Elias,Robinson,04-04-2023,,Production Technician I,TNS,Full-Time,Zone B,Temporary,Unk,Production,General - Sga,30-03-1983,MA,Administrative,Male,1730,Hispanic,Married,Exceeds,3,1407,16-02-2023,3,3,1,23-11-2022,Communication Skills,External,Completed,3,249.66,EliasRobinson,39,Active,35-44,,,1,2.33,-0.13,
Libby,Fidelia,17-03-2021,,Production Technician I,PL,Contract,Zone B,Part-Time,Unk,Production,Field Operations,03-12-1980,MA,Supervisor,Female,2155,Other,Single,Exceeds,3,1408,07-06-2023,3,3,3,24-12-2022,Communication Skills,Internal,Passed,5,691.82,LibbyFidelia,42,Active,35-44,,,1,3,2.22,1-3 yr
Catherine,Ybarra,11-03-2019,06-09-2021,Production Technician I,MSC,Full-Time,Zone A,Part-Time,Retirement,Production,General - Con,02-04-1981,MA,Technician,Female,2458,Other,Widowed,Exceeds,3,1409,17-05-2023,2,2,1,23-08-2022,Customer Service,Internal,Passed,4,938.59,CatherineYbarra,42,Terminated,35-44,2021,September,1,1.67,2.49,1-3 yr
Ashanti,Price,25-02-2022,28-04-2023,Production Technician I,SVG,Contract,Zone C,Temporary,Resignation,Production,Wireline Construction,08-08-1945,MA,Laborer,Female,26720,White,Widowed,Exceeds,3,1410,02-04-2023,2,2,4,25-11-2022,Project Management,External,Completed,1,746.8,AshantiPrice,77,Terminated,55+,2023,April,1,2.67,1.17,1-3 yr
Makenna,Rojas,02-07-2019,,Production Technician I,EW,Part-Time,Zone C,Part-Time,Unk,Production,Aerial,26-05-1980,MA,Foreman,Female,78612,Hispanic,Married,Exceeds,3,1411,25-06-2023,5,4,5,14-12-2022,Technical Skills,External,Incomplete,1,690.75,MakennaRojas,43,Active,35-44,,,0,4.67,3.98,3-5 yr
Rory,Stone,20-06-2019,,Production Technician I,MSC,Part-Time,Zone B,Full-Time,Unk,Production,Field Operations,19-09-1982,MA,Warehouse Technician,Female,75935,White,Widowed,Exceeds,3,1412,16-06-2023,4,3,5,24-08-2022,Project Management,External,Incomplete,4,544.19,RoryStone,40,Active,35-44,,,0,4,3.99,3-5 yr
Ann,Montgomery,27-09-2019,08-02-2023,Production Technician I,TNS,Part-Time,Zone A,Full-Time,Retirement,Production,Finance & Accounting,12-03-1943,MA,Accounting,Male,51599,Black,Widowed,Needs Improvement,3,1413,31-10-2022,4,3,2,17-02-2023,Technical Skills,Internal,Completed,5,918.34,AnnMontgomery,79,Terminated,55+,2023,February,1,3,3.37,3-5 yr
Erin,Holder,15-11-2022,26-07-2023,Production Technician I,BPC,Contract,Zone C,Full-Time,Involuntary,Production,Aerial,03-06-1966,MA,Labor,Male,95839,Asian,Married,Exceeds,3,1414,13-08-2022,1,4,4,21-01-2023,Customer Service,Internal,Failed,3,997.2,ErinHolder,56,Terminated,55+,2023,July,0,3,0.69,0-1 yr
Aubrey,Kim,22-08-2020,,Production Technician I,CCDR,Part-Time,Zone A,Part-Time,Unk,Production,Field Operations,14-08-1977,MA,Tower Hand,Male,93199,Asian,Divorced,Exceeds,3,1415,16-09-2022,2,2,1,28-12-2022,Customer Service,Internal,Incomplete,3,633.96,AubreyKim,45,Active,45-54,,,0,1.67,2.07,1-3 yr
Edward,Love,09-04-2020,,Production Technician I,EW,Part-Time,Zone B,Full-Time,Unk,Production,Field Operations,12-09-1953,MA,Flagger,Male,39796,Asian,Widowed,Exceeds,3,1416,11-05-2023,5,4,3,27-10-2022,Customer Service,External,Passed,2,638.69,EdwardLove,69,Active,55+,,,1,4,3.09,3-5 yr
Paisley,Avery,30-03-2021,,Production Technician I,MSC,Full-Time,Zone C,Part-Time,Unk,Production,Aerial,02-02-1949,MA,Supervisor,Female,10875,Other,Single,Exceeds,3,1417,31-12-2022,3,5,2,05-01-2023,Project Management,Internal,Passed,1,643.82,PaisleyAvery,73,Active,55+,,,1,3.33,1.75,1-3 yr
Kaiden,Leblanc,26-09-2018,,Production Technician I,NEL,Part-Time,Zone C,Temporary,Unk,Production,Wireline Construction,30-12-2000,MA,Project Manager,Female,33720,Other,Married,Needs Improvement,3,1418,25-11-2022,2,1,3,24-06-2023,Project Management,External,Failed,1,840.76,KaidenLeblanc,21,Active,<25,,,0,2,4.16,3-5 yr
Shania,Bauer,22-05-2023,,Production Technician I,PL,Contract,Zone C,Full-Time,Unk,Production,Field Operations,11-01-1984,MA,Laborer,Female,50647,Other,Divorced,Exceeds,3,1419,11-02-2023,4,2,1,13-04-2023,Leadership Development,Internal,Passed,1,108.04,ShaniaBauer,39,Active,35-44,,,1,2.33,-0.27,
Danna,Hines,04-06-2021,,Production Technician I,PYZ,Contract,Zone B,Temporary,Unk,Production,Project Management - Con,29-12-1950,MA,Project Manager,Female,33776,White,Divorced,Exceeds,3,1420,12-06-2023,1,2,4,16-02-2023,Communication Skills,Internal,Completed,5,889.57,DannaHines,72,Active,55+,,,1,2.33,2.02,1-3 yr
Bennett,Bowen,22-10-2019,25-07-2023,Production Technician I,SVG,Contract,Zone C,Full-Time,Involuntary,Production,General - Con,30-11-1948,MA,Administration,Female,24552,Other,Married,Exceeds,3,1421,03-09-2022,3,5,5,08-12-2022,Customer Service,Internal,Completed,5,835.97,BennettBowen,73,Terminated,55+,2023,July,1,4.33,3.76,3-5 yr
Gianna,Lopez,04-10-2019,18-10-2020,Production Technician I,TNS,Full-Time,Zone B,Full-Time,Involuntary,Production,Technology / It,02-10-1994,MA,Technician,Female,6933,Hispanic,Divorced,Needs Improvement,3,1422,10-04-2023,1,5,2,13-04-2023,Technical Skills,Internal,Failed,3,585.66,GiannaLopez,28,Terminated,25-34,2020,October,0,2.67,1.04,1-3 yr
Azaria,Young,25-06-2022,,Production Technician I,WBL,Full-Time,Zone A,Full-Time,Unk,Production,Aerial,12-03-1992,MA,Laborer,Female,3012,White,Single,Needs Improvement,3,1423,23-03-2023,2,5,5,15-03-2023,Communication Skills,Internal,Passed,3,255.55,AzariaYoung,31,Active,25-34,,,1,4,0.74,0-1 yr
Aydin,Bautista,17-11-2021,03-08-2022,Production Technician I,BPC,Full-Time,Zone B,Part-Time,Voluntary,Production,General - Con,08-12-1982,MA,Laborer,Female,60993,Asian,Married,Needs Improvement,3,1424,03-09-2022,4,4,5,05-03-2023,Technical Skills,External,Incomplete,4,695.24,AydinBautista,39,Terminated,35-44,2022,August,0,4.33,0.71,0-1 yr
Antoine,Schaefer,04-08-2019,,Production Technician I,CCDR,Part-Time,Zone B,Full-Time,Unk,Production,Field Operations,21-06-1942,MA,Technician,Female,10504,Black,Single,Needs Improvement,3,1425,06-09-2022,2,3,1,13-03-2023,Technical Skills,Internal,Failed,1,850.15,AntoineSchaefer,80,Active,55+,,,0,2,3.09,3-5 yr
Milagros,Cobb,08-03-2022,12-11-2022,Production Technician I,EW,Full-Time,Zone A,Full-Time,Retirement,Production,General - Con,19-07-2000,MA,Technician,Female,11397,Hispanic,Widowed,Exceeds,3,1426,11-07-2023,4,5,5,02-12-2022,Project Management,External,Completed,3,938.04,MilagrosCobb,22,Terminated,<25,2022,November,1,4.67,0.68,0-1 yr
Jean,Duffy,22-02-2019,,Production Technician II,CCDR,Full-Time,Zone A,Part-Time,Unk,Production,Engineers,09-05-1953,MA,Project Manager,Male,96208,Asian,Divorced,Needs Improvement,3,1427,09-02-2023,1,2,3,25-04-2023,Project Management,External,Passed,1,684.24,JeanDuffy,69,Active,55+,,,1,2,3.96,3-5 yr
Campbell,Doyle,08-12-2022,,Production Technician II,SVG,Full-Time,Zone C,Part-Time,Unk,Production,Executive,26-02-1970,MA,Director,Male,76607,White,Divorced,Exceeds,3,1428,04-06-2023,3,5,2,30-08-2022,Technical Skills,Internal,Failed,5,956.11,CampbellDoyle,53,Active,45-54,,,0,3.33,0.49,0-1 yr
Deven,Vincent,22-11-2019,12-03-2022,Production Technician II,EW,Contract,Zone B,Temporary,Resignation,Production,Field Operations,02-09-1944,MA,Technician,Female,6668,Hispanic,Divorced,Exceeds,3,1429,23-03-2023,1,4,3,26-11-2022,Communication Skills,External,Failed,4,441.43,DevenVincent,78,Terminated,55+,2022,March,0,2.67,2.3,1-3 yr
Evangeline,Downs,13-02-2023,03-03-2023,Production Technician II,MSC,Part-Time,Zone A,Temporary,Involuntary,Production,Yard (Material Handling),19-01-1959,MA,Shop,Female,36785,Asian,Single,Needs Improvement,3,1430,15-09-2022,2,2,2,26-08-2022,Leadership Development,External,Passed,4,193.99,EvangelineDowns,63,Terminated,55+,2023,March,1,2,0.05,0-1 yr
Kaley,Ali,15-03-2019,,Production Technician II,TNS,Full-Time,Zone B,Full-Time,Unk,Production,Field Operations,31-10-1951,MA,Laborer,Female,16451,Black,Widowed,Exceeds,3,1431,28-10-2022,2,1,1,15-10-2022,Technical Skills,External,Failed,3,790.72,KaleyAli,71,Active,55+,,,0,1.33,3.62,3-5 yr
Madeline,Bernard,18-07-2019,,Production Technician II,PYZ,Contract,Zone A,Part-Time,Unk,Production,Project Management - Con,29-07-1991,MA,Administration,Male,96784,White,Married,Exceeds,3,1432,13-10-2022,4,3,4,06-08-2022,Communication Skills,Internal,Completed,4,894.75,MadelineBernard,31,Active,25-34,,,1,3.67,3.24,3-5 yr
Alijah,Singh,09-04-2021,28-11-2021,Production Technician I,SVG,Part-Time,Zone C,Part-Time,Voluntary,Production,General - Con,25-08-1995,MA,Clerk,Female,40314,White,Widowed,Needs Improvement,3,1433,06-08-2022,5,1,3,18-09-2022,Customer Service,Internal,Passed,4,863.73,AlijahSingh,26,Terminated,25-34,2021,November,1,3,0.64,0-1 yr
Ayla,Roberts,30-12-2018,30-03-2023,Production Technician I,EW,Part-Time,Zone C,Part-Time,Voluntary,Production,Splicing,28-12-1986,MA,Splicer,Female,88408,White,Divorced,Exceeds,3,1434,21-10-2022,1,2,3,27-04-2023,Project Management,External,Incomplete,2,746.99,AylaRoberts,35,Terminated,35-44,2023,March,0,2,4.25,3-5 yr
Isai,Mcfarland,30-07-2021,,Production Technician I,MSC,Contract,Zone C,Temporary,Unk,Production,Field Operations,29-11-1998,MA,Laborer,Female,70770,Hispanic,Single,Exceeds,3,1435,23-03-2023,4,2,3,21-09-2022,Leadership Development,Internal,Passed,4,360.38,IsaiMcfarland,24,Active,<25,,,1,3,1.65,1-3 yr
Brent,Dominguez,28-10-2022,,Production Technician I,TNS,Full-Time,Zone C,Temporary,Unk,Production,Field Operations,27-05-1989,MA,Laborer,Male,35871,Hispanic,Married,Needs Improvement,3,1436,09-07-2023,1,2,2,26-08-2022,Technical Skills,Internal,Incomplete,1,298.3,BrentDominguez,34,Active,25-34,,,0,1.67,0.7,0-1 yr
Lorena,Graves,29-10-2020,,Production Technician I,PYZ,Contract,Zone C,Temporary,Unk,Production,Project Management - Con,25-06-1996,MA,Manager,Male,13357,Asian,Single,Exceeds,3,1437,06-01-2023,4,5,5,28-12-2022,Leadership Development,External,Passed,3,537.12,LorenaGraves,26,Active,25-34,,,1,4.67,2.19,1-3 yr
Lucian,Mora,17-03-2023,22-03-2023,Production Technician I,WBL,Contract,Zone B,Part-Time,Voluntary,Production,Field Operations,16-12-1977,MA,Foreman,Male,51453,Asian,Married,Exceeds,3,1438,21-01-2023,1,4,1,12-05-2023,Customer Service,External,Passed,2,996.18,LucianMora,45,Terminated,45-54,2023,March,1,2,0.01,0-1 yr
Dangelo,Gould,20-07-2022,26-04-2023,Production Technician I,NEL,Full-Time,Zone A,Temporary,Voluntary,Production,General - Con,24-01-1988,MA,Laborer,Female,76246,Asian,Widowed,Needs Improvement,3,1439,29-11-2022,3,1,3,20-06-2023,Communication Skills,Internal,Completed,4,764.43,DangeloGould,34,Terminated,25-34,2023,April,1,2.33,0.77,0-1 yr
Humberto,Horn,04-08-2023,,Production Technician I,PL,Part-Time,Zone A,Temporary,Unk,Production,Field Operations,21-02-1997,MA,Driver,Female,57866,Hispanic,Single,Needs Improvement,3,1440,02-11-2022,3,1,4,13-11-2022,Communication Skills,External,Failed,5,490.33,HumbertoHorn,25,Active,25-34,,,0,2.67,-0.75,
Miranda,Chavez,26-11-2021,23-09-2022,Production Technician I,BPC,Contract,Zone A,Temporary,Voluntary,Production,Field Operations,16-03-1982,MA,Laborer,Female,69720,Hispanic,Married,Needs Improvement,3,1441,07-04-2023,1,1,5,23-10-2022,Customer Service,Internal,Incomplete,4,758.41,MirandaChavez,41,Terminated,35-44,2022,September,0,2.33,0.82,0-1 yr
Makena,Mcintosh,27-09-2018,,Production Technician I,CCDR,Full-Time,Zone A,Temporary,Unk,Production,Safety,10-07-1993,MA,Safety,Female,31956,Black,Single,Needs Improvement,3,1442,11-01-2023,2,4,2,21-02-2023,Technical Skills,External,Incomplete,3,367.56,MakenaMcintosh,29,Active,25-34,,,0,2.67,4.29,3-5 yr
Armani,Crawford,04-08-2019,,Production Technician I,SVG,Contract,Zone C,Part-Time,Unk,Production,Field Operations,25-02-1960,MA,Technician,Female,96317,White,Divorced,Needs Improvement,3,1443,12-06-2023,5,2,3,03-05-2023,Leadership Development,Internal,Failed,5,582.49,ArmaniCrawford,63,Active,55+,,,0,3.33,3.85,3-5 yr
Eugene,Bird,03-10-2019,,Production Technician I,EW,Contract,Zone C,Part-Time,Unk,Production,General - Con,21-02-1972,MA,Laborer,Female,78331,White,Divorced,Needs Improvement,3,1444,21-12-2022,5,5,3,30-01-2023,Leadership Development,External,Incomplete,2,561.14,EugeneBird,50,Active,45-54,,,0,4.33,3.22,3-5 yr
Connor,Larsen,05-09-2021,29-09-2022,Production Technician I,MSC,Part-Time,Zone C,Part-Time,Voluntary,Production,Aerial,16-12-1963,MA,Labor,Female,89203,White,Married,Exceeds,3,1445,17-11-2022,2,2,4,20-07-2023,Communication Skills,Internal,Passed,5,458.8,ConnorLarsen,58,Terminated,55+,2022,September,1,2.67,1.07,1-3 yr
Harley,Mccullough,21-07-2020,28-02-2023,Production Technician I,TNS,Full-Time,Zone B,Temporary,Involuntary,Production,Aerial,10-04-1997,MA,Driver,Female,68233,White,Married,Exceeds,3,1446,15-06-2023,1,1,5,06-02-2023,Communication Skills,Internal,Passed,3,207.17,HarleyMccullough,26,Terminated,25-34,2023,February,1,2.33,2.61,1-3 yr
Lucian,Montoya,12-12-2022,26-06-2023,Production Technician I,PYZ,Full-Time,Zone C,Part-Time,Resignation,Production,Field Operations,14-07-1954,MA,Supervisor,Female,24188,Black,Single,Exceeds,3,1447,17-08-2022,4,4,1,26-05-2023,Technical Skills,External,Completed,4,784.89,LucianMontoya,68,Terminated,55+,2023,June,1,3,0.54,0-1 yr
Shiloh,Baird,13-09-2020,,Production Technician I,WBL,Part-Time,Zone A,Part-Time,Unk,Production,General - Con,13-08-1976,MA,Technician,Female,72868,Other,Single,Needs Improvement,3,1448,23-10-2022,1,1,3,06-08-2022,Leadership Development,Internal,Failed,5,151.43,ShilohBaird,46,Active,45-54,,,0,1.67,2.11,1-3 yr
Tara,Alvarado,15-11-2022,,Production Technician II,PL,Part-Time,Zone B,Temporary,Unk,Production,General - Sga,14-09-1965,MA,Administrator,Male,82061,Other,Divorced,Needs Improvement,3,1449,11-08-2022,4,2,2,09-10-2022,Customer Service,Internal,Passed,5,675.71,TaraAlvarado,56,Active,55+,,,1,2.67,-0.26,
Raina,Vaughan,07-02-2020,20-04-2022,Production Technician II,PYZ,Full-Time,Zone C,Temporary,Retirement,Production,Field Operations,20-02-1958,MA,Manager,Male,19127,White,Single,Needs Improvement,3,1450,22-04-2023,5,1,2,23-06-2023,Project Management,Internal,Incomplete,5,436.63,RainaVaughan,65,Terminated,55+,2022,April,0,2.67,2.2,1-3 yr
Sienna,Bullock,31-12-2022,,Production Technician II,SVG,Part-Time,Zone A,Part-Time,Unk,Production,Splicing,20-12-1944,MA,Technician,Female,26670,Hispanic,Widowed,Needs Improvement,3,1451,27-12-2022,4,3,4,25-10-2022,Communication Skills,External,Completed,2,387.11,SiennaBullock,78,Active,55+,,,1,3.67,-0.01,
Tyrese,Goodman,26-03-2019,,Production Technician II,TNS,Full-Time,Zone B,Full-Time,Unk,Production,Field Operations,29-03-1953,MA,Driver,Female,86883,White,Single,Needs Improvement,3,1452,14-08-2022,4,4,5,04-09-2022,Technical Skills,Internal,Passed,4,320.38,TyreseGoodman,69,Active,55+,,,1,4.33,3.39,3-5 yr
Giovanni,Landry,22-03-2023,,Production Technician II,WBL,Full-Time,Zone C,Temporary,Unk,Production,Engineers,20-08-1990,MA,Engineer,Male,83496,Black,Single,Needs Improvement,3,1453,12-09-2022,1,5,1,05-04-2023,Technical Skills,Internal,Passed,2,294.55,GiovanniLandry,32,Active,25-34,,,1,2.33,-0.52,
Javon,Moses,23-12-2022,25-12-2022,Production Technician II,WBL,Full-Time,Zone C,Temporary,Voluntary,Production,General - Con,12-03-1977,MA,Lineman,Male,5270,Hispanic,Married,Needs Improvement,3,1454,28-07-2023,2,2,1,14-12-2022,Customer Service,External,Completed,1,832.86,JavonMoses,46,Terminated,45-54,2022,December,1,1.67,0.01,0-1 yr
Alonso,Williams,27-12-2019,,Production Technician I,PL,Contract,Zone C,Full-Time,Unk,Production,General - Sga,19-03-1995,MA,Administrator,Female,18041,Other,Widowed,Needs Improvement,3,1455,04-07-2023,2,2,4,15-05-2023,Leadership Development,Internal,Passed,5,223.34,AlonsoWilliams,28,Active,25-34,,,1,2.67,3.52,3-5 yr
Kamila,Rosales,25-06-2019,09-07-2019,Production Technician I,PYZ,Full-Time,Zone B,Full-Time,Resignation,Production,Engineers,08-10-1956,MA,Engineer,Female,55931,Hispanic,Married,Exceeds,3,1456,31-08-2022,2,1,5,30-09-2022,Customer Service,External,Incomplete,3,456.95,KamilaRosales,65,Terminated,55+,2019,July,0,2.67,0.04,0-1 yr
Jadiel,French,23-11-2018,,Production Technician I,SVG,Contract,Zone A,Part-Time,Unk,Production,Field Operations,03-08-1977,MA,Driller,Female,84889,Other,Married,Exceeds,3,1457,02-07-2023,2,1,1,11-05-2023,Project Management,External,Passed,5,988.47,JadielFrench,45,Active,45-54,,,1,1.33,4.61,3-5 yr
Brennan,Jefferson,17-01-2021,,Production Technician I,TNS,Full-Time,Zone A,Part-Time,Unk,Production,Wireline Construction,19-03-1994,MA,Foreman,Female,20292,Hispanic,Single,Exceeds,3,1458,06-02-2023,2,2,4,22-05-2023,Technical Skills,External,Incomplete,1,429.49,BrennanJefferson,28,Active,25-34,,,0,2.67,2.05,1-3 yr
Noe,Glenn,08-09-2021,,Production Technician I,WBL,Contract,Zone C,Temporary,Unk,Production,Engineers,12-08-1946,MA,Technician,Male,46927,Black,Single,Exceeds,3,1459,10-09-2022,5,2,5,18-10-2022,Project Management,Internal,Failed,3,798.97,NoeGlenn,76,Active,55+,,,0,4,1,0-1 yr
Vaughn,Kim,24-02-2021,18-06-2022,Production Technician I,BPC,Full-Time,Zone A,Temporary,Retirement,Production,Wireline Construction,29-05-1955,MA,Foreman,Male,14170,Other,Divorced,Exceeds,3,1460,23-02-2023,2,3,1,06-03-2023,Customer Service,Internal,Incomplete,2,864.22,VaughnKim,67,Terminated,55+,2022,June,0,2,1.31,1-3 yr
Anabel,Evans,12-04-2019,28-09-2020,Production Technician I,CCDR,Full-Time,Zone C,Full-Time,Retirement,Production,Project Management - Con,03-03-2001,MA,Technician,Female,82370,Asian,Widowed,Exceeds,3,1461,09-04-2023,1,1,2,01-06-2023,Communication Skills,Internal,Passed,1,302.52,AnabelEvans,22,Terminated,<25,2020,September,1,1.33,1.46,1-3 yr
Elisabeth,Irwin,13-07-2023,,Production Technician I,EW,Contract,Zone C,Temporary,Unk,Production,Fielders,07-03-1960,MA,Engineer,Female,83401,Other,Widowed,Exceeds,3,1462,31-08-2022,4,5,5,02-02-2023,Leadership Development,External,Completed,4,152.66,ElisabethIrwin,62,Active,55+,,,1,4.67,-0.87,
Bo,Bradford,05-10-2020,,Production Technician I,MSC,Contract,Zone C,Temporary,Unk,Production,Field Operations,28-11-1975,MA,Technician,Female,28372,Hispanic,Divorced,Exceeds,3,1463,13-03-2023,5,4,5,14-04-2023,Customer Service,Internal,Completed,2,399.05,BoBradford,47,Active,45-54,,,1,4.67,2.43,1-3 yr
Dustin,Beasley,27-01-2019,,Production Technician I,NEL,Part-Time,Zone C,Full-Time,Unk,Production,General - Sga,01-10-1957,MA,Supervisor,Female,7304,Asian,Married,Exceeds,3,1464,04-07-2023,2,5,1,25-06-2023,Customer Service,Internal,Completed,2,791.74,DustinBeasley,65,Active,55+,,,1,2.67,4.43,3-5 yr
Dean,Winters,17-12-2020,20-11-2021,Production Technician I,PL,Part-Time,Zone A,Full-Time,Retirement,Production,Technology / It,22-06-1958,MA,Analyst,Female,7717,Other,Single,Exceeds,3,1465,02-06-2023,1,1,3,06-12-2022,Leadership Development,External,Incomplete,4,770.23,DeanWinters,64,Terminated,55+,2021,November,0,1.67,0.93,0-1 yr
Chanel,Dougherty,04-03-2021,,Production Technician I,PYZ,Full-Time,Zone A,Temporary,Unk,Production,Billable Consultants,08-03-1989,MA,Engineer,Female,50559,White,Widowed,Exceeds,3,1466,05-12-2022,1,4,5,16-12-2022,Project Management,External,Completed,3,746.05,ChanelDougherty,33,Active,25-34,,,1,3.33,1.75,1-3 yr
Phoebe,Dorsey,30-03-2023,,Production Technician I,SVG,Full-Time,Zone A,Temporary,Unk,Production,People Services,16-04-1989,MA,Generalist,Female,18652,Black,Married,Fully Meets,3,1467,13-08-2022,3,4,2,13-01-2023,Technical Skills,External,Completed,2,177.66,PhoebeDorsey,33,Active,25-34,,,1,3,-0.63,
Coleman,Bridges,27-12-2018,,Production Technician I,TNS,Contract,Zone A,Part-Time,Unk,Production,Field Operations,30-08-1965,MA,Laborer,Female,24605,Hispanic,Divorced,Exceeds,3,1468,21-04-2023,3,1,3,10-04-2023,Leadership Development,Internal,Passed,5,429.38,ColemanBridges,57,Active,55+,,,1,2.33,4.31,3-5 yr
Juliet,Bautista,20-09-2021,,Production Technician I,WBL,Full-Time,Zone B,Temporary,Unk,Production,Field Operations,17-08-1976,MA,Lineman,Female,59499,Asian,Married,Exceeds,3,1469,23-02-2023,4,2,4,25-08-2022,Leadership Development,External,Incomplete,3,867.59,JulietBautista,46,Active,45-54,,,0,3.33,1.43,1-3 yr
Julia,Lawrence,08-02-2023,,Production Technician I,BPC,Part-Time,Zone B,Part-Time,Unk,Production,General - Sga,20-09-1995,MA,Administrator,Female,62387,Asian,Married,Exceeds,3,1470,21-03-2023,1,4,1,17-04-2023,Communication Skills,External,Failed,5,502.65,JuliaLawrence,27,Active,25-34,,,0,2,0.11,0-1 yr
Kinley,Dean,16-10-2019,12-01-2022,Production Technician II,CCDR,Full-Time,Zone B,Part-Time,Retirement,Production,Field Operations,09-04-1960,MA,Lineman,Male,4589,White,Divorced,Exceeds,3,1471,23-12-2022,3,4,2,06-03-2023,Technical Skills,Internal,Completed,3,488.68,KinleyDean,62,Terminated,55+,2022,January,1,3,2.24,1-3 yr
Karina,Mccarthy,31-08-2021,,Production Technician II,SVG,Contract,Zone C,Full-Time,Unk,Production,Project Management - Con,14-04-1972,MA,Field Project Manager,Male,46068,Other,Single,Exceeds,3,1472,02-09-2022,2,4,1,11-04-2023,Project Management,Internal,Passed,3,416.76,KarinaMccarthy,50,Active,45-54,,,1,2.33,1,0-1 yr
Ruben,Kirby,25-09-2020,,Production Technician II,EW,Contract,Zone B,Full-Time,Unk,Production,Field Operations,06-10-1942,MA,Laborer,Female,24519,Black,Divorced,Exceeds,3,1473,11-12-2022,5,2,1,11-02-2023,Leadership Development,External,Passed,4,336.08,RubenKirby,80,Active,55+,,,1,2.67,2.21,1-3 yr
Alexia,Hughes,01-02-2023,03-02-2023,Production Technician II,MSC,Full-Time,Zone C,Part-Time,Voluntary,Production,Engineers,13-07-1942,MA,Engineer,Female,46511,Hispanic,Married,Exceeds,3,1474,22-09-2022,2,1,3,19-02-2023,Project Management,External,Failed,1,798.37,AlexiaHughes,80,Terminated,55+,2023,February,0,2,0.01,0-1 yr
Miles,Gill,17-01-2023,21-05-2023,Production Technician II,TNS,Full-Time,Zone A,Temporary,Resignation,Production,Wireline Construction,19-08-1993,MA,Laborer,Male,86113,Other,Married,Exceeds,3,1475,25-07-2023,2,3,3,04-11-2022,Technical Skills,Internal,Passed,3,499.48,MilesGill,29,Terminated,25-34,2023,May,1,2.67,0.34,0-1 yr
Kaden,Woodard,07-12-2019,02-09-2020,Production Technician II,PYZ,Contract,Zone C,Part-Time,Voluntary,Production,Field Operations,07-11-1962,MA,Foreman,Male,16157,Other,Divorced,PIP,3,1476,21-12-2022,1,4,1,08-03-2023,Technical Skills,External,Completed,2,615.32,KadenWoodard,60,Terminated,55+,2020,September,1,2,0.74,0-1 yr
Frida,Wilkins,21-11-2018,11-01-2022,Production Technician I,CCDR,Contract,Zone B,Full-Time,Retirement,Production,Wireline Construction,12-09-1963,MA,Laborer,Female,75398,Asian,Married,Exceeds,3,1477,24-02-2023,5,5,3,12-03-2023,Technical Skills,External,Failed,5,410.36,FridaWilkins,59,Terminated,55+,2022,January,0,4.33,3.14,3-5 yr
Kamron,Doyle,15-02-2021,18-07-2023,Production Technician I,SVG,Part-Time,Zone B,Part-Time,Voluntary,Production,Field Operations,21-09-1953,MA,Locator,Female,35244,Other,Divorced,Exceeds,3,1478,22-11-2022,1,1,3,03-08-2023,Leadership Development,External,Failed,5,453.86,KamronDoyle,69,Terminated,55+,2023,July,0,1.67,2.42,1-3 yr
Blaine,Rose,06-01-2021,,Production Technician I,EW,Part-Time,Zone B,Full-Time,Unk,Production,Project Management - Con,04-12-1951,MA,Coordinator,Female,31819,White,Married,Exceeds,3,1479,23-08-2022,3,4,2,23-01-2023,Project Management,Internal,Failed,1,975.27,BlaineRose,70,Active,55+,,,0,3,1.63,1-3 yr
Elena,Gilmore,18-01-2019,,Production Technician I,MSC,Part-Time,Zone B,Part-Time,Unk,Production,Shop (Fleet),27-04-1994,MA,Mechanic,Male,77316,Black,Married,Needs Improvement,3,1480,16-02-2023,5,1,4,18-04-2023,Leadership Development,External,Failed,2,946.81,ElenaGilmore,28,Active,25-34,,,0,3.33,4.08,3-5 yr
Ashlynn,Moses,15-03-2023,,Production Technician I,TNS,Full-Time,Zone A,Part-Time,Unk,Production,Field Operations,09-07-2000,MA,Technician,Male,71882,Asian,Single,Exceeds,3,1481,24-07-2023,3,5,3,16-05-2023,Communication Skills,Internal,Completed,5,142.57,AshlynnMoses,23,Active,<25,,,1,3.67,0.36,0-1 yr
Esmeralda,Galvan,11-11-2019,,Production Technician I,PYZ,Contract,Zone C,Temporary,Unk,Production,Finance & Accounting,02-02-1952,MA,Vp,Female,81260,Asian,Widowed,Exceeds,3,1482,23-04-2023,1,1,1,13-10-2022,Customer Service,Internal,Completed,5,186.57,EsmeraldaGalvan,71,Active,55+,,,1,1,3.45,3-5 yr
Ignacio,Wiley,21-08-2022,20-01-2023,Production Technician I,WBL,Full-Time,Zone A,Full-Time,Retirement,Production,Shop (Fleet),15-10-1961,MA,Shop,Female,74813,Hispanic,Single,Exceeds,3,1483,19-08-2022,3,5,4,22-08-2022,Communication Skills,External,Incomplete,4,168.71,IgnacioWiley,60,Terminated,55+,2023,January,0,4,0.42,0-1 yr
Lorena,Mahoney,05-05-2020,,Production Technician I,NEL,Full-Time,Zone B,Full-Time,Unk,Production,General - Con,02-07-1991,MA,Laborer,Female,43208,Hispanic,Married,Exceeds,3,1484,25-12-2022,5,2,1,29-07-2023,Communication Skills,External,Incomplete,1,473.77,LorenaMahoney,31,Active,25-34,,,0,2.67,2.64,1-3 yr
Krystal,Atkinson,05-03-2021,02-04-2023,Production Technician I,PL,Contract,Zone A,Part-Time,Involuntary,Production,Aerial,16-12-1971,MA,Laborer,Female,92712,Asian,Married,Exceeds,3,1485,14-12-2022,1,2,1,02-07-2023,Leadership Development,External,Completed,5,654.35,KrystalAtkinson,51,Terminated,45-54,2023,April,1,1.33,2.08,1-3 yr
Soren,Merritt,07-03-2019,,Production Technician I,BPC,Part-Time,Zone A,Full-Time,Unk,Production,Engineers,13-05-1999,MA,Engineer,Female,53726,Hispanic,Divorced,Fully Meets,3,1486,05-03-2023,5,5,2,30-05-2023,Customer Service,Internal,Incomplete,2,176.63,SorenMerritt,23,Active,<25,,,0,4,3.99,3-5 yr
Frida,Salazar,08-05-2022,27-03-2023,Production Technician I,CCDR,Full-Time,Zone B,Part-Time,Involuntary,Production,General - Con,28-08-1971,MA,Operator,Female,31742,Asian,Widowed,Fully Meets,3,1487,20-05-2023,4,4,2,08-08-2022,Customer Service,External,Failed,3,385.82,FridaSalazar,51,Terminated,45-54,2023,March,0,3.33,0.88,0-1 yr
Annie,Peters,21-08-2020,30-05-2022,Production Technician I,SVG,Part-Time,Zone A,Full-Time,Retirement,Production,Engineers,20-02-1963,MA,Project Manager,Female,7547,Hispanic,Single,Fully Meets,3,1488,14-03-2023,2,2,4,23-07-2023,Technical Skills,Internal,Incomplete,5,428.44,AnniePeters,60,Terminated,55+,2022,May,0,2.67,1.77,1-3 yr
Zoie,Mercado,01-12-2020,,Production Technician I,EW,Contract,Zone A,Part-Time,Unk,Production,Fielders,19-08-1944,MA,Technician,Female,42750,White,Widowed,Fully Meets,3,1489,13-10-2022,3,5,2,01-10-2022,Leadership Development,External,Completed,5,112.64,ZoieMercado,78,Active,55+,,,1,3.33,1.86,1-3 yr
Joanna,Arias,13-08-2019,,Production Technician I,MSC,Contract,Zone A,Temporary,Unk,Production,Engineers,23-03-1970,MA,Director,Female,40934,White,Widowed,Needs Improvement,3,1490,06-03-2023,2,3,4,23-07-2023,Communication Skills,External,Incomplete,4,849.95,JoannaArias,52,Active,45-54,,,0,3,3.56,3-5 yr
Tristian,Wilcox,09-03-2020,,Production Technician I,TNS,Part-Time,Zone C,Temporary,Unk,Production,Project Management - Con,27-02-1982,MA,Manager,Female,4664,Hispanic,Married,Exceeds,3,1491,29-03-2023,1,3,3,10-08-2022,Technical Skills,External,Failed,5,187.65,TristianWilcox,41,Active,35-44,,,0,2.33,3.05,3-5 yr
Zoey,Spence,06-05-2020,,Production Technician II,CCDR,Full-Time,Zone B,Temporary,Unk,Production,Engineers,08-12-1955,MA,Engineer,Male,73153,Other,Divorced,Exceeds,3,1492,17-04-2023,4,5,2,25-12-2022,Customer Service,Internal,Failed,1,285.56,ZoeySpence,67,Active,55+,,,0,3.67,2.95,1-3 yr
Bradley,Barnes,03-08-2022,,Production Technician II,SVG,Full-Time,Zone B,Temporary,Unk,Production,Field Operations,19-07-1980,MA,Laborer,Male,57107,Black,Married,Fully Meets,3,1493,06-12-2022,2,2,4,09-10-2022,Communication Skills,Internal,Incomplete,3,793.43,BradleyBarnes,42,Active,35-44,,,0,2.67,0.34,0-1 yr
Juliana,Schroeder,13-10-2018,04-12-2019,Production Technician II,EW,Contract,Zone B,Full-Time,Retirement,Production,Splicing,12-03-1949,MA,Coordinator,Female,18325,Hispanic,Divorced,Fully Meets,3,1494,06-05-2023,5,5,5,01-02-2023,Customer Service,External,Passed,5,978.89,JulianaSchroeder,74,Terminated,55+,2019,December,1,5,1.14,1-3 yr
Yasmin,Warren,04-07-2021,,Production Technician II,MSC,Part-Time,Zone A,Temporary,Unk,Production,General - Con,11-01-1971,MA,Laborer,Male,38175,Hispanic,Single,Fully Meets,3,1495,30-12-2022,3,3,4,25-02-2023,Customer Service,Internal,Completed,4,993.66,YasminWarren,52,Active,45-54,,,1,3.33,1.49,1-3 yr
Izabella,Barron,30-04-2019,04-05-2020,Production Technician II,TNS,Part-Time,Zone A,Full-Time,Retirement,Production,Splicing,25-10-1950,MA,Technician,Male,27412,White,Widowed,Fully Meets,3,1496,09-07-2023,2,3,3,07-09-2022,Customer Service,External,Completed,3,768.55,IzabellaBarron,72,Terminated,55+,2020,May,1,2.67,1.01,1-3 yr
Victoria,Soto,03-11-2020,,Production Technician II,PYZ,Contract,Zone C,Temporary,Unk,Production,Engineers,11-12-1995,MA,Drafter,Male,26808,Black,Widowed,Needs Improvement,3,1497,29-07-2023,5,4,5,23-08-2022,Technical Skills,External,Completed,3,140.78,VictoriaSoto,27,Active,25-34,,,1,4.67,2.73,1-3 yr
Cody,Beard,15-08-2022,20-08-2022,Production Technician I,BPC,Full-Time,Zone B,Part-Time,Retirement,Production,Engineers,24-03-1944,MA,Director,Female,43193,Black,Married,Exceeds,3,1498,28-12-2022,1,5,3,05-08-2023,Project Management,Internal,Passed,3,598.07,CodyBeard,78,Terminated,55+,2022,August,1,3,0.01,0-1 yr
Abigayle,Mccann,26-02-2022,16-10-2022,Production Technician I,CCDR,Contract,Zone A,Full-Time,Resignation,Production,General - Con,27-04-1975,MA,Operator,Female,94816,Other,Married,Fully Meets,3,1499,28-11-2022,4,2,3,18-01-2023,Customer Service,External,Incomplete,5,543.52,AbigayleMccann,47,Terminated,45-54,2022,October,0,3,0.64,0-1 yr
Brenden,Marks,13-05-2019,,Production Technician I,SVG,Part-Time,Zone B,Part-Time,Unk,Production,Field Operations,02-02-1985,MA,Tower Hand,Female,92438,Hispanic,Divorced,Fully Meets,3,1500,24-07-2023,1,4,4,12-01-2023,Technical Skills,Internal,Passed,2,916.73,BrendenMarks,38,Active,35-44,,,1,3,4.2,3-5 yr
Jaqueline,Gallagher,24-10-2021,03-10-2022,Production Technician I,EW,Contract,Zone A,Part-Time,Retirement,Production,Field Operations,01-10-1999,MA,Tower Hand,Male,12961,Hispanic,Widowed,Fully Meets,3,1501,08-05-2023,5,4,4,29-07-2023,Customer Service,Internal,Completed,2,491.99,JaquelineGallagher,23,Terminated,<25,2022,October,1,4.33,0.94,0-1 yr
Abagail,Banks,10-05-2021,10-04-2023,Production Technician I,MSC,Full-Time,Zone B,Full-Time,Retirement,Production,General - Eng,15-12-1986,MA,Administrative,Male,96477,White,Divorced,Fully Meets,3,1502,08-06-2023,5,3,5,08-03-2023,Technical Skills,Internal,Failed,4,245,AbagailBanks,36,Terminated,35-44,2023,April,0,4.33,1.92,1-3 yr
Nickolas,Guzman,13-06-2021,20-06-2021,Production Technician I,TNS,Contract,Zone A,Part-Time,Retirement,Production,General - Sga,21-04-1985,MA,Business Development,Female,31097,Black,Single,Fully Meets,3,1503,24-10-2022,2,2,4,09-12-2022,Communication Skills,External,Failed,3,574.9,NickolasGuzman,37,Terminated,35-44,2021,June,0,2.67,0.02,0-1 yr
Guillermo,Rose,04-11-2019,28-07-2021,Production Technician I,PYZ,Full-Time,Zone C,Full-Time,Resignation,Production,Engineers,23-08-1971,MA,Technician,Female,11962,Other,Married,Needs Improvement,3,1504,23-10-2022,5,3,2,20-06-2023,Technical Skills,Internal,Failed,4,684.08,GuillermoRose,51,Terminated,45-54,2021,July,0,3.33,1.73,1-3 yr
Moises,Brock,29-01-2020,,Production Technician I,WBL,Full-Time,Zone A,Part-Time,Unk,Production,Wireline Construction,17-08-1942,MA,Supervisor,Female,29145,Other,Widowed,Exceeds,3,1505,02-11-2022,2,5,4,08-05-2023,Leadership Development,Internal,Passed,2,204.1,MoisesBrock,80,Active,55+,,,1,3.67,2.76,1-3 yr
Hayden,Richmond,05-09-2018,08-09-2020,Production Technician I,NEL,Part-Time,Zone B,Part-Time,Retirement,Production,Engineers,18-06-1972,MA,Engineer,Female,25033,Hispanic,Single,Exceeds,3,1506,08-05-2023,2,3,2,01-11-2022,Leadership Development,External,Failed,1,789.33,HaydenRichmond,50,Terminated,45-54,2020,September,0,2.33,2.01,1-3 yr
Evelin,Sellers,21-07-2021,,Production Technician I,PL,Full-Time,Zone C,Full-Time,Unk,Production,General - Sga,15-08-1996,MA,Administrator,Female,58830,Black,Widowed,Fully Meets,3,1507,19-01-2023,1,2,1,21-09-2022,Technical Skills,Internal,Completed,3,812.13,EvelinSellers,26,Active,25-34,,,1,1.33,1.5,1-3 yr
Dereon,Hayes,20-05-2023,,Production Technician I,BPC,Part-Time,Zone B,Temporary,Unk,Production,General - Con,25-12-1964,MA,Lineman,Female,64063,White,Single,Fully Meets,3,1508,07-10-2022,4,3,2,12-05-2023,Customer Service,Internal,Passed,2,675.02,DereonHayes,57,Active,55+,,,1,3,-0.62,
Marlee,Mathis,16-05-2022,,Production Technician I,CCDR,Full-Time,Zone C,Full-Time,Unk,Production,General - Sga,24-01-1960,MA,Assistant,Female,92210,Other,Single,Fully Meets,3,1509,25-09-2022,5,1,3,29-06-2023,Project Management,Internal,Incomplete,4,343.07,MarleeMathis,62,Active,55+,,,0,3,0.36,0-1 yr
Alice,House,15-03-2021,,Production Technician I,SVG,Contract,Zone C,Temporary,Unk,Production,General - Sga,16-09-1980,MA,Technician,Female,79031,Black,Married,Fully Meets,3,1510,06-04-2023,2,3,3,13-10-2022,Technical Skills,External,Incomplete,5,986.78,AliceHouse,42,Active,35-44,,,0,2.67,2.06,1-3 yr
Jonathon,Thompson,26-06-2023,30-07-2023,Production Technician I,EW,Full-Time,Zone C,Full-Time,Retirement,Production,Field Operations,05-07-1995,MA,Groundman,Female,47284,Hispanic,Single,Fully Meets,3,1511,17-09-2022,2,3,2,25-08-2022,Leadership Development,Internal,Failed,5,511.15,JonathonThompson,27,Terminated,25-34,2023,July,0,2.33,0.09,0-1 yr
Kendal,Abbott,11-10-2019,24-04-2021,Production Technician I,MSC,Contract,Zone B,Part-Time,Involuntary,Production,Field Operations,29-06-1982,MA,Laborer,Female,42058,Asian,Widowed,Fully Meets,3,1512,18-04-2023,4,5,2,28-05-2023,Project Management,External,Failed,5,305.09,KendalAbbott,40,Terminated,35-44,2021,April,0,3.67,1.54,1-3 yr
Holly,Taylor,21-12-2019,,Production Technician II,PL,Contract,Zone C,Temporary,Unk,Production,General - Eng,03-10-1993,MA,Engineer,Male,75433,Other,Widowed,Fully Meets,3,1513,18-11-2022,5,3,5,10-11-2022,Technical Skills,External,Failed,4,746.57,HollyTaylor,29,Active,25-34,,,0,4.33,2.91,1-3 yr
Hadassah,Blackburn,15-07-2022,,Production Technician II,PYZ,Contract,Zone C,Part-Time,Unk,Production,Splicing,05-12-1983,MA,Manager,Male,22316,Hispanic,Widowed,Fully Meets,3,1514,08-05-2023,1,3,2,01-12-2022,Leadership Development,Internal,Failed,5,434.39,HadassahBlackburn,39,Active,35-44,,,0,2,0.81,0-1 yr
Shaylee,Hall,26-09-2018,,Production Technician II,SVG,Full-Time,Zone B,Part-Time,Unk,Production,General - Con,18-04-1997,MA,Laborer,Female,96974,Other,Married,Fully Meets,3,1515,14-12-2022,2,3,1,03-04-2023,Communication Skills,External,Completed,3,765.84,ShayleeHall,25,Active,25-34,,,1,2,4.22,3-5 yr
Richard,Nelson,16-10-2022,,Production Technician II,TNS,Contract,Zone B,Full-Time,Unk,Production,General - Eng,05-06-1943,MA,Manager,Male,46694,Hispanic,Widowed,Fully Meets,3,1516,16-07-2023,1,5,3,18-11-2022,Communication Skills,Internal,Failed,3,457.4,RichardNelson,80,Active,55+,,,0,3,0.75,0-1 yr
Leyla,Davila,02-12-2021,25-04-2022,Production Technician II,WBL,Full-Time,Zone C,Part-Time,Involuntary,Production,Splicing,05-03-1986,MA,Splicer,Male,4704,White,Married,Fully Meets,3,1517,22-01-2023,4,5,3,12-01-2023,Customer Service,External,Passed,3,615.84,LeylaDavila,36,Terminated,35-44,2022,April,1,4,0.39,0-1 yr
Kolten,Calhoun,07-03-2019,06-03-2023,Production Technician II,BPC,Full-Time,Zone B,Temporary,Retirement,Production,Fielders,26-11-1975,MA,Engineer,Male,35960,White,Divorced,Fully Meets,3,1518,28-09-2022,4,4,2,08-12-2022,Customer Service,Internal,Completed,2,803.79,KoltenCalhoun,46,Terminated,45-54,2023,March,1,3.33,4,3-5 yr
Camille,Livingston,02-05-2023,26-07-2023,Production Technician I,BPC,Part-Time,Zone B,Full-Time,Voluntary,Production,Project Management - Con,17-04-1971,MA,Supervisor,Female,76669,Asian,Single,Fully Meets,3,1519,25-02-2023,1,3,1,23-09-2022,Leadership Development,External,Completed,2,586.89,CamilleLivingston,51,Terminated,45-54,2023,July,1,1.67,0.23,0-1 yr
Lilianna,Colon,24-08-2020,26-02-2023,Production Technician I,CCDR,Full-Time,Zone A,Full-Time,Involuntary,Production,Sales & Marketing,04-07-1976,MA,Vp,Female,34189,White,Divorced,Fully Meets,3,1520,05-04-2023,2,2,5,11-10-2022,Communication Skills,External,Failed,5,104.48,LiliannaColon,46,Terminated,45-54,2023,February,0,3,2.51,1-3 yr
Chaim,Patrick,08-12-2020,07-09-2021,Production Technician I,SVG,Contract,Zone B,Temporary,Voluntary,Production,Wireline Construction,15-04-1990,MA,Groundman,Male,16162,Black,Single,Needs Improvement,3,1521,11-06-2023,4,1,3,02-06-2023,Project Management,Internal,Passed,1,877.41,ChaimPatrick,33,Terminated,25-34,2021,September,1,2.67,0.75,0-1 yr
Amara,Castillo,15-02-2021,,Production Technician I,EW,Full-Time,Zone B,Full-Time,Unk,Production,Field Operations,24-08-1943,MA,Operator,Male,49777,Hispanic,Married,Fully Meets,3,1522,03-12-2022,3,4,5,17-05-2023,Technical Skills,External,Incomplete,3,791.99,AmaraCastillo,79,Active,55+,,,0,4,1.8,1-3 yr
Joel,Eaton,15-09-2020,24-06-2023,Production Technician I,MSC,Contract,Zone B,Full-Time,Involuntary,Production,People Services,30-05-1971,MA,Director,Male,18628,Other,Married,Fully Meets,3,1523,20-09-2022,4,4,3,11-12-2022,Technical Skills,External,Incomplete,2,660.4,JoelEaton,51,Terminated,45-54,2023,June,0,3.67,2.77,1-3 yr
Priscilla,Walters,16-03-2023,,Production Technician I,TNS,Full-Time,Zone A,Temporary,Unk,Production,Engineers,13-05-1975,MA,Engineer,Female,5112,Other,Single,Fully Meets,3,1524,17-01-2023,4,1,2,01-05-2023,Communication Skills,Internal,Completed,2,928.81,PriscillaWalters,47,Active,45-54,,,1,2.33,-0.16,
Nehemiah,Leach,14-11-2021,07-10-2022,Production Technician I,BPC,Full-Time,Zone B,Temporary,Involuntary,Production,General - Con,14-04-1947,MA,Laborer,Female,42288,Asian,Widowed,Needs Improvement,3,1525,29-10-2022,2,4,1,10-12-2022,Technical Skills,Internal,Incomplete,4,347.29,NehemiahLeach,75,Terminated,55+,2022,October,0,2.33,0.9,0-1 yr
Ashtyn,Huynh,23-04-2021,,Production Technician I,CCDR,Contract,Zone B,Full-Time,Unk,Production,Field Operations,04-04-1987,MA,Foreman,Female,13579,Other,Divorced,Fully Meets,3,1526,20-01-2023,2,3,3,26-05-2023,Leadership Development,Internal,Completed,3,190.51,AshtynHuynh,35,Active,35-44,,,1,2.67,1.74,1-3 yr
Tristen,Reed,05-06-2022,26-08-2022,Production Technician I,EW,Part-Time,Zone A,Full-Time,Voluntary,Production,Engineers,13-03-1980,MA,Engineer,Female,39855,Asian,Widowed,Fully Meets,3,1527,02-06-2023,1,1,3,03-06-2023,Customer Service,External,Incomplete,3,206.53,TristenReed,43,Terminated,35-44,2022,August,0,1.67,0.22,0-1 yr
Braedon,Chandler,19-11-2022,,Production Technician I,MSC,Part-Time,Zone A,Part-Time,Unk,Production,Field Operations,27-11-1953,MA,Laborer,Female,47571,Asian,Widowed,Fully Meets,3,1528,25-02-2023,5,5,2,10-12-2022,Communication Skills,Internal,Incomplete,1,639.93,BraedonChandler,69,Active,55+,,,0,4,0.27,0-1 yr
Nikolas,Hancock,14-04-2023,,Production Technician I,NEL,Full-Time,Zone C,Part-Time,Unk,Production,Field Operations,27-07-1974,MA,Laborer,Female,90069,Hispanic,Married,Fully Meets,3,1529,28-04-2023,3,1,3,14-04-2023,Communication Skills,External,Incomplete,5,304.06,NikolasHancock,48,Active,45-54,,,0,2.33,0.04,0-1 yr
Demetrius,Sanders,13-12-2022,,Production Technician I,PL,Contract,Zone B,Full-Time,Unk,Production,Field Operations,02-02-2000,MA,Top Hand,Female,25072,Other,Single,Fully Meets,3,1530,31-10-2022,1,2,3,06-06-2023,Project Management,External,Passed,4,261.13,DemetriusSanders,22,Active,<25,,,1,2,-0.12,
Tiana,Perry,11-03-2023,09-04-2023,Production Technician I,PYZ,Part-Time,Zone A,Full-Time,Voluntary,Production,Aerial,05-09-1985,MA,Lineman,Female,2315,Asian,Widowed,Fully Meets,3,1531,23-08-2022,5,5,3,18-07-2023,Leadership Development,Internal,Passed,4,404.06,TianaPerry,36,Terminated,35-44,2023,April,1,4.33,0.08,0-1 yr
Rene,Pena,22-11-2019,18-02-2020,Production Technician I,SVG,Part-Time,Zone B,Full-Time,Retirement,Production,General - Con,10-03-1944,MA,Technician,Female,74746,Asian,Divorced,Fully Meets,3,1532,04-08-2023,5,2,2,11-08-2022,Technical Skills,External,Completed,5,746.17,RenePena,79,Terminated,55+,2020,February,1,3,0.24,0-1 yr
Angelo,Fox,13-03-2021,19-11-2021,Production Technician I,TNS,Contract,Zone C,Full-Time,Resignation,Production,Aerial,21-08-1990,MA,Technician,Female,20157,Black,Widowed,Fully Meets,3,1533,27-06-2023,1,3,2,24-12-2022,Leadership Development,External,Passed,2,278.33,AngeloFox,32,Terminated,25-34,2021,November,1,2,0.69,0-1 yr
Ernesto,Madden,27-02-2022,,Production Technician II,CCDR,Full-Time,Zone B,Temporary,Unk,Production,Field Operations,10-11-1964,MA,Operator,Male,11719,White,Married,Fully Meets,3,1534,12-08-2022,1,1,5,27-10-2022,Project Management,External,Failed,1,857.19,ErnestoMadden,57,Active,55+,,,0,2.33,0.45,0-1 yr
Amari,Christian,08-05-2021,,Production Technician II,SVG,Contract,Zone B,Part-Time,Unk,Production,General - Con,11-11-2000,MA,Foreman,Female,30912,Black,Widowed,Fully Meets,3,1535,08-12-2022,4,2,1,09-10-2022,Customer Service,Internal,Failed,3,442.86,AmariChristian,22,Active,<25,,,0,2.33,1.59,1-3 yr
Lilly,Turner,27-12-2022,,Production Technician II,EW,Contract,Zone C,Part-Time,Unk,Production,General - Con,19-12-1955,MA,Locator,Female,35052,Asian,Single,Fully Meets,3,1536,19-03-2023,5,3,5,27-01-2023,Communication Skills,Internal,Passed,4,382,LillyTurner,67,Active,55+,,,1,4.33,0.22,0-1 yr
Rayne,Simpson,16-08-2020,,Production Technician II,MSC,Contract,Zone B,Full-Time,Unk,Production,Project Management - Con,12-01-1950,MA,Vp,Male,13235,Hispanic,Divorced,Fully Meets,3,1537,06-08-2022,5,2,4,29-07-2023,Communication Skills,External,Incomplete,2,430.09,RayneSimpson,72,Active,55+,,,0,3.67,1.97,1-3 yr
Aaron,Tapia,20-01-2023,,Production Technician II,TNS,Contract,Zone B,Full-Time,Unk,Production,Splicing,18-01-2001,MA,Splicer,Male,27010,White,Widowed,Fully Meets,3,1538,11-11-2022,2,4,5,21-10-2022,Leadership Development,External,Failed,3,854.47,AaronTapia,21,Active,<25,,,0,3.67,-0.19,
Aimee,Santana,28-12-2020,01-10-2021,Production Technician II,PYZ,Part-Time,Zone A,Full-Time,Voluntary,Production,Project Management - Con,02-03-1961,MA,Laborer,Male,79458,Hispanic,Widowed,Fully Meets,3,1539,22-01-2023,4,4,5,20-12-2022,Communication Skills,Internal,Passed,5,899.57,AimeeSantana,61,Terminated,55+,2021,October,1,4.33,0.76,0-1 yr
Raegan,Stanton,18-02-2021,,Production Technician I,BPC,Contract,Zone C,Temporary,Unk,Production,Technology / It,19-02-1967,MA,Cio,Female,62937,Black,Widowed,Fully Meets,3,1540,24-01-2023,2,4,2,27-10-2022,Communication Skills,Internal,Incomplete,1,686.34,RaeganStanton,55,Active,55+,,,0,2.67,1.93,1-3 yr
Johan,Sosa,16-01-2021,,Production Technician I,CCDR,Part-Time,Zone C,Full-Time,Unk,Production,General - Sga,13-12-1972,MA,Assistant,Female,7598,Black,Widowed,Fully Meets,3,1541,26-12-2022,1,4,1,17-02-2023,Communication Skills,Internal,Passed,4,770.12,JohanSosa,50,Active,45-54,,,1,2,1.94,1-3 yr
Stacy,Bonilla,07-04-2022,,Production Technician I,SVG,Full-Time,Zone A,Temporary,Unk,Production,Splicing,11-12-1992,MA,Construction Manager,Male,26161,White,Married,Fully Meets,3,1542,31-07-2023,5,4,4,07-10-2022,Leadership Development,External,Incomplete,4,180.73,StacyBonilla,30,Active,25-34,,,0,4.33,1.31,1-3 yr
Valery,Holder,11-07-2019,04-05-2021,Production Technician I,EW,Part-Time,Zone A,Part-Time,Involuntary,Production,Field Operations,16-07-1961,MA,Laborer,Male,43421,Black,Married,Fully Meets,3,1543,07-01-2023,4,1,1,01-05-2023,Technical Skills,Internal,Incomplete,2,734.87,ValeryHolder,61,Terminated,55+,2021,May,0,2,1.82,1-3 yr
Skye,Cochran,09-08-2020,06-11-2022,Production Technician I,MSC,Part-Time,Zone C,Temporary,Retirement,Production,General - Eng,18-05-1994,MA,Technician,Female,53393,Other,Married,Fully Meets,3,1544,20-06-2023,5,1,5,23-10-2022,Communication Skills,Internal,Passed,3,811.24,SkyeCochran,29,Terminated,25-34,2022,November,1,3.67,2.24,1-3 yr
Jerimiah,Mendez,20-09-2018,,Production Technician I,TNS,Contract,Zone A,Part-Time,Unk,Production,Field Operations,08-05-1957,MA,Laborer,Female,33362,Hispanic,Married,Fully Meets,3,1545,21-08-2022,2,4,2,05-02-2023,Leadership Development,Internal,Passed,3,566,JerimiahMendez,65,Active,55+,,,1,2.67,3.92,3-5 yr
Madden,Lam,21-01-2020,19-05-2021,Production Technician I,PYZ,Part-Time,Zone B,Part-Time,Voluntary,Production,Splicing,13-08-1952,MA,Construction Manager,Female,61239,Hispanic,Widowed,Fully Meets,3,1546,26-05-2023,3,1,5,26-02-2023,Project Management,External,Incomplete,5,638.92,MaddenLam,70,Terminated,55+,2021,May,0,3,1.33,1-3 yr
Nicole,Stone,17-02-2022,14-02-2023,Production Technician I,WBL,Contract,Zone B,Temporary,Retirement,Production,Technology / It,25-12-1993,MA,Intern,Female,31989,Hispanic,Widowed,Fully Meets,3,1547,24-09-2022,4,4,4,04-04-2023,Leadership Development,Internal,Incomplete,3,340.07,NicoleStone,28,Terminated,25-34,2023,February,0,4,0.99,0-1 yr
Brice,Christian,11-06-2019,,Production Technician I,NEL,Part-Time,Zone A,Full-Time,Unk,Production,Engineers,01-08-1964,MA,Engineer,Male,75761,Asian,Widowed,Needs Improvement,3,1548,14-06-2023,1,4,4,12-04-2023,Communication Skills,Internal,Passed,4,206.75,BriceChristian,58,Active,55+,,,1,3,4.01,3-5 yr
Sage,Potter,05-05-2022,,Production Technician I,PL,Part-Time,Zone C,Full-Time,Unk,Production,Executive,16-01-1993,MA,Executive,Female,25854,Other,Married,Fully Meets,3,1549,07-07-2023,2,3,1,04-06-2023,Project Management,External,Completed,1,759.56,SagePotter,30,Active,25-34,,,1,2,1.17,1-3 yr
Kyle,Peck,19-09-2018,12-08-2020,Production Technician I,BPC,Full-Time,Zone A,Temporary,Retirement,Production,Field Operations,15-08-1961,MA,Technician,Female,92807,Black,Widowed,Fully Meets,3,1550,04-03-2023,2,3,3,09-11-2022,Customer Service,External,Failed,3,354.19,KylePeck,61,Terminated,55+,2020,August,0,2.67,1.9,1-3 yr
Zaniyah,Roman,01-06-2021,19-06-2023,Production Technician I,CCDR,Contract,Zone B,Full-Time,Resignation,Production,Engineers,16-09-1976,MA,Project Manager,Female,5288,Black,Divorced,Fully Meets,3,1551,08-07-2023,4,4,2,22-08-2022,Project Management,External,Incomplete,4,791.44,ZaniyahRoman,46,Terminated,45-54,2023,June,0,3.33,2.05,1-3 yr
Katie,Gutierrez,05-07-2023,11-07-2023,Production Technician I,SVG,Part-Time,Zone C,Part-Time,Voluntary,Production,Wireline Construction,03-04-1953,MA,Laborer,Female,66412,Asian,Widowed,Fully Meets,3,1552,31-05-2023,3,2,4,28-09-2022,Leadership Development,External,Passed,4,616.86,KatieGutierrez,70,Terminated,55+,2023,July,1,3,0.02,0-1 yr
Walker,Baird,17-12-2022,,Production Technician I,EW,Part-Time,Zone C,Part-Time,Unk,Production,Field Operations,04-10-1960,MA,Technician,Female,20484,Other,Single,Fully Meets,3,1553,12-01-2023,3,1,5,19-03-2023,Leadership Development,External,Completed,3,528.55,WalkerBaird,62,Active,55+,,,1,3,0.07,0-1 yr
Zackery,Sutton,06-07-2021,15-09-2022,Production Technician I,MSC,Full-Time,Zone B,Part-Time,Voluntary,Production,Technology / It,13-07-1951,MA,Project Manager,Male,73854,White,Widowed,Fully Meets,3,1554,08-06-2023,1,3,3,17-09-2022,Project Management,Internal,Completed,2,892.06,ZackerySutton,71,Terminated,55+,2022,September,1,2.33,1.19,1-3 yr
Hazel,Ponce,27-03-2019,,Production Technician II,PL,Part-Time,Zone A,Part-Time,Unk,Production,Field Operations,26-04-1966,MA,Technician,Female,86977,Hispanic,Divorced,Fully Meets,3,1555,19-12-2022,5,1,2,26-02-2023,Technical Skills,External,Passed,5,757.78,HazelPonce,56,Active,55+,,,1,2.67,3.73,3-5 yr
Joey,Alvarez,08-05-2023,,Production Technician II,PYZ,Full-Time,Zone B,Temporary,Unk,Production,Project Management - Con,11-02-1993,MA,Manager,Female,40039,Asian,Widowed,Fully Meets,3,1556,07-10-2022,4,5,2,10-06-2023,Communication Skills,External,Completed,1,337.94,JoeyAlvarez,29,Active,25-34,,,1,3.67,-0.58,
Titus,Day,12-12-2018,24-12-2020,Production Technician II,SVG,Part-Time,Zone B,Temporary,Voluntary,Production,Project Management - Con,16-06-1991,MA,Project Manager,Male,25683,Hispanic,Divorced,Fully Meets,3,1557,19-08-2022,4,1,2,06-06-2023,Customer Service,External,Incomplete,5,256.57,TitusDay,31,Terminated,25-34,2020,December,0,2.33,2.03,1-3 yr
Bella,Norris,25-08-2020,,Production Technician II,TNS,Part-Time,Zone A,Temporary,Unk,Production,Field Operations,24-02-1981,MA,Project Manager,Male,3170,Black,Married,Fully Meets,3,1558,09-10-2022,3,5,2,25-09-2022,Leadership Development,External,Passed,2,839.12,BellaNorris,41,Active,35-44,,,1,3.33,2.12,1-3 yr
Braden,Ballard,22-04-2022,29-08-2022,Production Technician II,WBL,Full-Time,Zone B,Full-Time,Involuntary,Production,Project Management - Con,02-12-1965,MA,Coordinator,Male,32042,Other,Divorced,Fully Meets,3,1559,04-02-2023,3,1,3,08-04-2023,Project Management,External,Passed,1,281.94,BradenBallard,57,Terminated,55+,2022,August,1,2.33,0.35,0-1 yr
Aron,Graham,20-12-2021,02-12-2022,Production Technician II,PYZ,Full-Time,Zone A,Full-Time,Retirement,Production,General - Con,08-09-1947,MA,Model Assistant,Male,52047,Other,Divorced,Fully Meets,3,1560,23-01-2023,1,2,4,05-07-2023,Technical Skills,External,Completed,2,821.41,AronGraham,75,Terminated,55+,2022,December,1,2.33,0.95,0-1 yr
Shamar,Cross,12-02-2021,,Production Technician I,PL,Contract,Zone C,Full-Time,Unk,Production,General - Con,29-05-1956,MA,Clerk,Female,88833,Hispanic,Single,Fully Meets,3,1561,01-04-2023,5,1,3,19-10-2022,Leadership Development,Internal,Incomplete,3,924.06,ShamarCross,66,Active,55+,,,0,3,2.13,1-3 yr
Kailee,Harmon,29-09-2020,19-10-2021,Production Technician I,BPC,Full-Time,Zone B,Temporary,Involuntary,Production,General - Sga,09-03-1944,MA,Administrator,Female,3211,Black,Single,Fully Meets,3,1562,21-04-2023,3,2,1,24-12-2022,Leadership Development,Internal,Passed,2,578.66,KaileeHarmon,79,Terminated,55+,2021,October,1,2,1.05,1-3 yr
Alice,Kaufman,10-09-2022,09-02-2023,Production Technician I,CCDR,Contract,Zone C,Temporary,Resignation,Production,Field Operations,26-11-1960,MA,Engineer,Female,5789,Black,Widowed,Fully Meets,3,1563,23-04-2023,1,4,3,09-12-2022,Leadership Development,External,Incomplete,3,721.86,AliceKaufman,62,Terminated,55+,2023,February,0,2.67,0.42,0-1 yr
Cesar,House,11-03-2023,03-06-2023,Production Technician I,SVG,Contract,Zone A,Full-Time,Resignation,Production,General - Con,04-03-1991,MA,Technician,Male,14685,Other,Widowed,Exceeds,3,1564,20-12-2022,4,1,4,20-04-2023,Communication Skills,External,Completed,4,430.3,CesarHouse,31,Terminated,25-34,2023,June,1,3,0.23,0-1 yr
Guillermo,Lynn,28-04-2022,12-03-2023,Production Technician I,EW,Full-Time,Zone C,Full-Time,Voluntary,Production,Field Operations,23-09-1960,MA,Foreman,Male,6954,Asian,Widowed,Fully Meets,3,1565,16-06-2023,5,4,5,03-12-2022,Customer Service,Internal,Completed,3,337.52,GuillermoLynn,62,Terminated,55+,2023,March,1,4.67,0.87,0-1 yr
Myles,Hart,20-03-2022,18-06-2023,Production Technician I,MSC,Full-Time,Zone B,Temporary,Retirement,Production,Yard (Material Handling),24-12-1962,MA,Technician,Female,69989,Hispanic,Divorced,Exceeds,3,1566,25-07-2023,1,4,1,05-05-2023,Communication Skills,Internal,Failed,1,692.71,MylesHart,60,Terminated,55+,2023,June,0,2,1.25,1-3 yr
Deborah,Kline,04-03-2022,29-07-2022,Production Technician I,TNS,Contract,Zone C,Part-Time,Involuntary,Production,Field Operations,29-11-1978,MA,Manager,Female,19999,Asian,Single,Fully Meets,3,1567,12-04-2023,4,2,4,13-05-2023,Project Management,External,Failed,1,177.99,DeborahKline,44,Terminated,35-44,2022,July,0,3.33,0.4,0-1 yr
Patricia,Pruitt,01-02-2023,,Production Technician I,PYZ,Part-Time,Zone B,Full-Time,Unk,Production,Yard (Material Handling),15-03-1995,MA,Coordinator,Female,15282,Asian,Divorced,Fully Meets,3,1568,04-10-2022,1,2,3,07-04-2023,Communication Skills,External,Incomplete,5,586.71,PatriciaPruitt,27,Active,25-34,,,0,2,-0.33,
Alice,Craig,05-02-2021,,Production Technician I,WBL,Part-Time,Zone C,Full-Time,Unk,Production,Engineers,24-02-1975,MA,Engineer,Male,65852,Black,Widowed,Fully Meets,3,1569,08-03-2023,1,3,1,20-03-2023,Customer Service,Internal,Completed,2,771.98,AliceCraig,48,Active,45-54,,,1,1.67,2.08,1-3 yr
Mariana,Copeland,23-11-2022,26-05-2023,Production Technician I,NEL,Contract,Zone C,Part-Time,Retirement,Production,General - Con,01-01-1992,MA,Laborer,Male,79576,Asian,Single,Fully Meets,3,1570,07-08-2022,1,4,5,28-03-2023,Project Management,Internal,Passed,4,121.88,MarianaCopeland,30,Terminated,25-34,2023,May,1,3.33,0.5,0-1 yr
Nick,Merritt,24-05-2021,,Production Technician I,PL,Part-Time,Zone A,Full-Time,Unk,Production,Yard (Material Handling),12-09-1986,MA,Specialist,Female,47974,Hispanic,Divorced,Exceeds,3,1571,04-06-2023,3,2,4,15-03-2023,Project Management,External,Completed,2,379.68,NickMerritt,36,Active,35-44,,,1,3,2.03,1-3 yr
Chance,Warner,28-09-2021,09-10-2022,Production Technician I,BPC,Part-Time,Zone C,Part-Time,Resignation,Production,Fielders,08-04-1951,MA,Engineer,Female,18550,Black,Married,Fully Meets,3,1572,17-10-2022,2,4,3,08-10-2022,Customer Service,Internal,Completed,2,738.65,ChanceWarner,71,Terminated,55+,2022,October,1,3,1.03,1-3 yr
Ryann,Tapia,17-03-2021,,Production Technician I,CCDR,Contract,Zone A,Part-Time,Unk,Production,Shop (Fleet),19-01-1985,MA,Manager,Female,21985,Other,Widowed,Fully Meets,3,1573,10-06-2023,1,1,3,15-12-2022,Technical Skills,External,Incomplete,2,159.42,RyannTapia,38,Active,35-44,,,0,1.67,2.23,1-3 yr
Diego,Hays,03-07-2023,19-07-2023,Production Technician I,SVG,Full-Time,Zone C,Temporary,Voluntary,Production,General - Con,23-11-1989,MA,Foreman,Female,17356,Hispanic,Widowed,Fully Meets,3,1574,10-06-2023,4,3,2,23-06-2023,Communication Skills,Internal,Passed,1,689.76,DiegoHays,33,Terminated,25-34,2023,July,1,3,0.04,0-1 yr
Gabriel,Adams,11-08-2019,10-07-2021,Production Technician I,EW,Contract,Zone A,Temporary,Involuntary,Production,Field Operations,19-07-1942,MA,Laborer,Female,82586,Asian,Single,Fully Meets,3,1575,16-11-2022,2,3,2,14-04-2023,Leadership Development,Internal,Incomplete,5,981.36,GabrielAdams,80,Terminated,55+,2021,July,0,2.33,1.91,1-3 yr
Rohan,Mcdowell,11-11-2019,29-09-2020,Production Technician I,MSC,Full-Time,Zone C,Full-Time,Resignation,Production,Aerial,20-09-1945,MA,Lineman,Male,74406,Black,Married,Needs Improvement,3,1576,07-05-2023,5,2,3,06-07-2023,Communication Skills,Internal,Completed,4,104.34,RohanMcdowell,77,Terminated,55+,2020,September,1,3.33,0.88,0-1 yr
Sullivan,Whitehead,15-12-2020,,Production Technician II,PL,Full-Time,Zone B,Temporary,Unk,Production,Finance & Accounting,13-04-1963,MA,Cfo,Female,11134,Black,Widowed,Fully Meets,3,1577,29-03-2023,5,2,1,26-10-2022,Customer Service,External,Failed,5,413.08,SullivanWhitehead,60,Active,55+,,,0,2.67,2.28,1-3 yr
Lilliana,Randolph,06-05-2021,08-04-2023,Production Technician II,PYZ,Part-Time,Zone B,Part-Time,Retirement,Production,Field Operations,20-08-1980,MA,Tower Hand,Male,71705,Hispanic,Married,Needs Improvement,3,1578,03-02-2023,5,5,1,29-12-2022,Technical Skills,External,Incomplete,1,856.71,LillianaRandolph,42,Terminated,35-44,2023,April,0,3.67,1.92,1-3 yr
Presley,Salazar,08-07-2021,,Production Technician II,SVG,Part-Time,Zone A,Full-Time,Unk,Production,General - Con,30-09-1994,MA,Foreman,Male,48643,White,Divorced,Fully Meets,3,1579,15-04-2023,1,3,1,20-10-2022,Communication Skills,Internal,Passed,5,322.3,PresleySalazar,28,Active,25-34,,,1,1.67,1.77,1-3 yr
Lilianna,Lynn,04-04-2023,,Production Technician II,TNS,Part-Time,Zone A,Full-Time,Unk,Production,Finance & Accounting,10-04-1972,MA,Administration,Male,66491,Asian,Single,Needs Improvement,3,1580,23-04-2023,1,1,5,29-03-2023,Project Management,Internal,Passed,3,527.93,LiliannaLynn,51,Active,45-54,,,1,2.33,0.05,0-1 yr
Gerardo,Sampson,05-08-2022,30-01-2023,Production Technician II,WBL,Full-Time,Zone C,Part-Time,Voluntary,Production,General - Con,24-07-1950,MA,Foreman,Male,40823,Asian,Single,Fully Meets,3,1581,11-12-2022,1,3,5,10-01-2023,Project Management,External,Failed,2,480.2,GerardoSampson,72,Terminated,55+,2023,January,0,3,0.49,0-1 yr
Miguel,Kim,06-04-2020,08-12-2021,Production Technician II,BPC,Part-Time,Zone C,Temporary,Resignation,Production,Field Operations,01-04-1995,MA,Engineer,Female,95601,Other,Single,Needs Improvement,3,1582,04-11-2022,2,1,5,01-11-2022,Leadership Development,Internal,Completed,5,323.79,MiguelKim,27,Terminated,25-34,2021,December,1,2.67,1.67,1-3 yr
Muhammad,Mcpherson,02-03-2023,12-03-2023,Production Technician I,NEL,Full-Time,Zone B,Part-Time,Involuntary,Production,Project Management - Con,01-07-1973,MA,Coordinator,Female,60634,Other,Widowed,Fully Meets,3,1583,27-06-2023,3,3,3,18-06-2023,Leadership Development,External,Failed,3,184.66,MuhammadMcpherson,50,Terminated,45-54,2023,March,0,3,0.03,0-1 yr
Myles,Jensen,09-04-2020,,Production Technician I,PL,Contract,Zone B,Part-Time,Unk,Production,Fielders,18-10-1943,MA,Engineer,Female,2053,White,Married,Fully Meets,3,1584,18-03-2023,4,1,4,10-05-2023,Leadership Development,External,Passed,4,265.22,MylesJensen,79,Active,55+,,,1,3,2.94,1-3 yr
Alessandro,Harris,17-09-2022,10-07-2023,Production Technician I,BPC,Part-Time,Zone A,Temporary,Retirement,Production,Splicing,04-05-1956,MA,Tester,Female,77910,Black,Single,Fully Meets,3,1585,23-12-2022,5,4,4,06-02-2023,Technical Skills,External,Incomplete,5,843.28,AlessandroHarris,66,Terminated,55+,2023,July,0,4.33,0.81,0-1 yr
Eugene,Reyes,15-01-2022,,Production Technician I,CCDR,Full-Time,Zone C,Full-Time,Unk,Production,General - Con,05-01-1973,MA,Technician,Female,16737,Hispanic,Widowed,Fully Meets,3,1586,16-07-2023,3,3,4,06-12-2022,Communication Skills,Internal,Passed,3,643.9,EugeneReyes,50,Active,45-54,,,1,3.33,1.5,1-3 yr
Shamar,Guzman,23-05-2022,,Production Technician I,SVG,Part-Time,Zone C,Part-Time,Unk,Production,Splicing,12-12-1984,MA,Splicer,Male,12898,Other,Divorced,Fully Meets,3,1587,27-06-2023,4,5,3,10-03-2023,Customer Service,Internal,Completed,4,876.73,ShamarGuzman,38,Active,35-44,,,1,4,1.1,1-3 yr
Mohammed,Mcintyre,15-07-2021,,Production Technician I,EW,Full-Time,Zone A,Temporary,Unk,Production,Splicing,18-02-1946,MA,Technician,Male,51245,Hispanic,Widowed,Fully Meets,3,1588,21-07-2023,1,5,5,08-11-2022,Leadership Development,Internal,Failed,1,293.85,MohammedMcintyre,77,Active,55+,,,0,3.67,2.02,1-3 yr
Travis,Morgan,28-08-2020,25-08-2022,Production Technician I,MSC,Contract,Zone A,Part-Time,Involuntary,Production,Field Operations,02-07-1996,MA,Technician,Female,22497,White,Married,Fully Meets,3,1589,26-04-2023,2,1,1,22-10-2022,Project Management,Internal,Incomplete,4,328.06,TravisMorgan,26,Terminated,25-34,2022,August,0,1.33,1.99,1-3 yr
Alessandro,Fuller,09-09-2021,,Production Technician I,TNS,Part-Time,Zone A,Full-Time,Unk,Production,Wireline Construction,09-09-1983,MA,Foreman,Male,30814,Black,Single,Fully Meets,3,1590,20-04-2023,5,1,3,16-03-2023,Leadership Development,Internal,Failed,2,187.35,AlessandroFuller,39,Active,35-44,,,0,3,1.61,1-3 yr
Kamden,Ochoa,10-02-2023,23-05-2023,Production Technician I,PYZ,Contract,Zone A,Part-Time,Voluntary,Production,General - Con,20-10-1957,MA,Technician,Female,69254,Asian,Divorced,Fully Meets,3,1591,10-05-2023,4,3,1,09-06-2023,Leadership Development,Internal,Passed,5,340.01,KamdenOchoa,65,Terminated,55+,2023,May,1,2.67,0.28,0-1 yr
Charlee,Wiggins,14-06-2020,18-07-2023,Production Technician I,WBL,Full-Time,Zone A,Full-Time,Retirement,Production,Engineers,15-08-1981,MA,Engineer,Male,20973,Other,Single,Exceeds,3,1592,06-06-2023,1,1,4,20-06-2023,Communication Skills,Internal,Incomplete,1,590.82,CharleeWiggins,41,Terminated,35-44,2023,July,0,2,3.09,3-5 yr
Natalia,Hamilton,05-12-2020,,Production Technician I,NEL,Part-Time,Zone B,Full-Time,Unk,Production,Catv,18-11-1984,MA,Laborer,Male,43757,Asian,Widowed,Exceeds,3,1593,02-10-2022,1,4,1,08-05-2023,Leadership Development,External,Failed,1,321.08,NataliaHamilton,37,Active,35-44,,,0,2,1.82,1-3 yr
Kierra,Boone,16-07-2022,,Production Technician I,PL,Part-Time,Zone B,Full-Time,Unk,Production,Aerial,30-04-1968,MA,Lineman,Female,32811,Black,Single,Exceeds,3,1594,08-12-2022,1,1,4,04-04-2023,Communication Skills,External,Failed,1,684.45,KierraBoone,54,Active,45-54,,,0,2,0.4,0-1 yr
Charlie,Ramirez,09-06-2023,,Production Technician I,BPC,Part-Time,Zone A,Full-Time,Unk,Production,General - Eng,11-09-1969,MA,Administrative,Female,75995,Black,Married,Exceeds,3,1595,12-01-2023,3,4,3,07-05-2023,Leadership Development,External,Passed,4,571.48,CharlieRamirez,53,Active,45-54,,,1,3.33,-0.41,
Chris,Johnson,02-03-2020,25-05-2020,Production Technician I,CCDR,Contract,Zone C,Temporary,Voluntary,Production,General - Sga,15-08-1958,MA,Administrator,Female,2999,Other,Married,Exceeds,3,1596,10-02-2023,4,4,1,03-02-2023,Project Management,Internal,Incomplete,4,683.34,ChrisJohnson,64,Terminated,55+,2020,May,0,3,0.23,0-1 yr
John,Bentley,23-11-2018,27-09-2021,Production Technician I,SVG,Part-Time,Zone C,Temporary,Voluntary,Production,Project Management - Con,23-02-1998,MA,Coordinator,Female,75959,White,Married,Exceeds,3,1597,23-07-2023,2,1,4,07-07-2023,Customer Service,Internal,Incomplete,2,865.57,JohnBentley,25,Terminated,25-34,2021,September,0,2.33,2.84,1-3 yr
Myla,Mcintyre,27-05-2019,19-06-2023,Production Technician I,EW,Contract,Zone A,Part-Time,Resignation,Production,General - Con,05-03-1978,MA,Groundman,Female,8372,Black,Divorced,Needs Improvement,3,1598,28-05-2023,2,5,5,17-06-2023,Technical Skills,Internal,Incomplete,2,130.29,MylaMcintyre,45,Terminated,45-54,2023,June,0,4,4.06,3-5 yr
Demarcus,Ware,18-05-2022,10-04-2023,Production Technician II,BPC,Full-Time,Zone C,Full-Time,Resignation,Production,Field Operations,13-11-1975,MA,Laborer,Male,82257,White,Divorced,Exceeds,3,1599,13-09-2022,4,5,2,17-05-2023,Leadership Development,External,Passed,2,848.72,DemarcusWare,46,Terminated,45-54,2023,April,1,3.67,0.9,0-1 yr
Devon,Daniels,06-11-2018,,Production Technician II,CCDR,Contract,Zone A,Full-Time,Unk,Production,General - Con,19-05-1993,MA,Technician,Female,23314,Hispanic,Married,Exceeds,3,1600,28-04-2023,5,3,2,15-08-2022,Project Management,Internal,Passed,5,851.93,DevonDaniels,29,Active,25-34,,,1,3.33,4.47,3-5 yr
Odin,Heath,29-03-2022,24-07-2023,Production Technician II,SVG,Part-Time,Zone C,Temporary,Resignation,Production,Engineers,08-10-1990,MA,Engineer,Male,45740,Asian,Single,Exceeds,3,1601,05-01-2023,4,2,5,20-05-2023,Technical Skills,Internal,Incomplete,4,381.09,OdinHeath,32,Terminated,25-34,2023,July,0,3.67,1.32,1-3 yr
Bryanna,Mahoney,04-11-2021,10-05-2022,Production Technician II,EW,Full-Time,Zone A,Part-Time,Voluntary,Production,General - Con,10-10-2000,MA,Technician,Female,60262,Asian,Married,Exceeds,3,1602,01-04-2023,2,1,3,23-04-2023,Project Management,External,Incomplete,4,175.5,BryannaMahoney,22,Terminated,<25,2022,May,0,2,0.51,0-1 yr
Ashlynn,Thompson,27-04-2023,,Production Technician II,MSC,Part-Time,Zone B,Part-Time,Unk,Production,General - Con,25-12-1968,MA,Locator,Male,29223,White,Single,Exceeds,3,1603,31-08-2022,2,5,1,11-03-2023,Communication Skills,External,Completed,2,784.15,AshlynnThompson,53,Active,45-54,,,1,2.67,-0.65,
Ansley,Duke,08-03-2020,,Production Technician II,TNS,Full-Time,Zone B,Full-Time,Unk,Production,General - Con,19-10-1976,MA,Operator,Male,80948,Asian,Married,Exceeds,3,1604,28-01-2023,1,5,1,08-02-2023,Communication Skills,External,Passed,3,999.97,AnsleyDuke,46,Active,45-54,,,1,2.33,2.89,1-3 yr
Izaiah,Quinn,27-04-2019,08-10-2020,Production Technician I,NEL,Full-Time,Zone B,Full-Time,Resignation,Production,Field Operations,20-10-1956,MA,Laborer,Female,95266,Black,Single,Exceeds,3,1605,08-05-2023,2,3,3,08-04-2023,Customer Service,Internal,Passed,5,878.65,IzaiahQuinn,66,Terminated,55+,2020,October,1,2.67,1.45,1-3 yr
Hillary,Clements,11-05-2019,,Production Technician I,PL,Full-Time,Zone C,Full-Time,Unk,Production,Field Operations,06-03-1944,MA,Laborer,Female,33304,White,Divorced,Exceeds,3,1606,28-06-2023,5,4,3,26-09-2022,Project Management,Internal,Completed,5,937.89,HillaryClements,79,Active,55+,,,1,4,4.13,3-5 yr
Diana,Cameron,09-03-2021,,Production Technician I,BPC,Contract,Zone C,Temporary,Unk,Production,Shop (Fleet),10-12-1987,MA,Shop,Female,36632,Hispanic,Married,Needs Improvement,3,1607,18-03-2023,3,5,5,30-11-2022,Customer Service,External,Completed,3,961.1,DianaCameron,35,Active,35-44,,,1,4.33,2.02,1-3 yr
Rhianna,Allison,05-11-2020,,Production Technician I,CCDR,Part-Time,Zone A,Temporary,Unk,Production,Field Operations,24-02-1997,MA,Technician,Female,20625,White,Widowed,PIP,3,1608,11-12-2022,2,4,3,06-11-2022,Customer Service,Internal,Incomplete,1,820.96,RhiannaAllison,25,Active,25-34,,,0,3,2.1,1-3 yr
Ramon,Watson,12-09-2018,25-02-2023,Production Technician I,SVG,Contract,Zone A,Full-Time,Retirement,Production,General - Eng,26-11-1953,MA,Engineer,Male,26283,Black,Married,PIP,3,1609,13-04-2023,5,5,4,22-04-2023,Project Management,Internal,Failed,3,455.52,RamonWatson,69,Terminated,55+,2023,February,0,4.67,4.45,3-5 yr
Raegan,Spence,09-11-2019,18-11-2019,Production Technician I,EW,Part-Time,Zone B,Full-Time,Involuntary,Production,General - Con,28-01-1986,MA,Flagger,Female,67750,White,Single,Needs Improvement,3,1610,23-10-2022,4,5,5,29-03-2023,Communication Skills,External,Completed,4,815.24,RaeganSpence,36,Terminated,35-44,2019,November,1,4.67,0.02,0-1 yr
Jacoby,Singleton,29-11-2018,09-07-2022,Production Technician I,MSC,Full-Time,Zone C,Part-Time,Voluntary,Production,Project Management - Con,25-01-1962,MA,Coordinator,Female,53913,Hispanic,Widowed,Needs Improvement,3,1611,21-05-2023,1,2,2,01-10-2022,Leadership Development,External,Failed,5,534.82,JacobySingleton,61,Terminated,55+,2022,July,0,1.67,3.61,3-5 yr
Kara,Yates,03-07-2022,22-02-2023,Production Technician I,TNS,Part-Time,Zone B,Temporary,Retirement,Production,General - Sga,28-05-1993,MA,Lineman,Male,76052,White,Single,Needs Improvement,3,1612,13-12-2022,5,5,3,25-01-2023,Technical Skills,External,Incomplete,4,522.79,KaraYates,29,Terminated,25-34,2023,February,0,4.33,0.64,0-1 yr
Beau,Barron,26-09-2019,01-08-2020,Production Technician I,PYZ,Contract,Zone C,Full-Time,Voluntary,Production,Field Operations,03-07-1995,MA,Laborer,Female,61768,Other,Single,Exceeds,3,1613,07-09-2022,4,2,1,28-01-2023,Leadership Development,Internal,Completed,1,868.8,BeauBarron,27,Terminated,25-34,2020,August,1,2.33,0.85,0-1 yr
Giovanna,Morton,23-12-2022,,Production Technician I,WBL,Part-Time,Zone B,Part-Time,Unk,Production,Field Operations,19-03-1951,MA,Director,Male,33335,Asian,Divorced,Needs Improvement,3,1614,10-04-2023,1,4,2,22-07-2023,Communication Skills,External,Passed,1,808.85,GiovannaMorton,72,Active,55+,,,1,2.33,0.3,0-1 yr
Braelyn,Dominguez,19-01-2023,,Production Technician I,NEL,Part-Time,Zone C,Part-Time,Unk,Production,General - Con,16-01-1960,MA,Foreman,Male,69290,White,Married,Exceeds,3,1615,27-07-2023,1,1,3,31-08-2022,Technical Skills,Internal,Passed,1,874.1,BraelynDominguez,63,Active,55+,,,1,1.67,0.52,0-1 yr
Rhett,Andrews,01-10-2018,,Production Technician I,PL,Full-Time,Zone A,Part-Time,Unk,Production,Field Operations,03-06-1991,MA,Laborer,Female,65106,Black,Divorced,Needs Improvement,3,1616,29-01-2023,3,4,1,18-07-2023,Leadership Development,External,Completed,2,206.73,RhettAndrews,31,Active,25-34,,,1,2.67,4.33,3-5 yr
Terrell,Crosby,18-02-2022,,Production Technician I,BPC,Full-Time,Zone B,Full-Time,Unk,Production,Aerial,27-12-1991,MA,Lineman,Female,12740,Black,Divorced,Needs Improvement,3,1617,08-02-2023,5,1,2,06-02-2023,Leadership Development,Internal,Completed,3,586.5,TerrellCrosby,31,Active,25-34,,,1,2.67,0.97,0-1 yr
Corbin,Roberson,09-12-2021,,Production Technician I,CCDR,Full-Time,Zone B,Temporary,Unk,Production,Field Operations,16-06-1977,MA,Laborer,Male,58121,White,Widowed,Needs Improvement,3,1618,16-11-2022,2,5,4,24-04-2023,Leadership Development,Internal,Passed,2,779.69,CorbinRoberson,45,Active,45-54,,,1,3.67,0.94,0-1 yr
Micheal,Drake,01-01-2019,23-09-2021,Production Technician I,SVG,Part-Time,Zone B,Full-Time,Retirement,Production,General - Con,08-08-1964,MA,Foreman,Female,95591,Black,Widowed,Needs Improvement,3,1619,05-01-2023,4,2,2,07-11-2022,Technical Skills,Internal,Incomplete,4,506.99,MichealDrake,58,Terminated,55+,2021,September,0,2.67,2.73,1-3 yr
Evie,Mclaughlin,27-05-2020,,Production Technician I,EW,Contract,Zone A,Full-Time,Unk,Production,Executive,04-03-1967,MA,Executive Assistant,Male,70072,Asian,Single,Needs Improvement,3,1620,30-10-2022,5,3,2,18-01-2023,Project Management,External,Completed,5,986.14,EvieMclaughlin,55,Active,55+,,,1,3.33,2.43,1-3 yr
Robert,Hubert,21-09-2021,28-01-2023,BI Developer,MSC,Full-Time,Zone B,Temporary,Involuntary,IT/IS,Field Operations,09-12-1975,MA,Supervisor,Male,2134,Other,Divorced,Needs Improvement,3,1621,21-05-2023,4,1,3,03-10-2022,Technical Skills,Internal,Completed,2,264.74,RobertHubert,47,Terminated,45-54,2023,January,1,2.67,1.35,1-3 yr
Matthew,Westinghouse,30-08-2021,22-03-2022,BI Developer,TNS,Contract,Zone A,Part-Time,Retirement,IT/IS,Aerial,21-01-1942,MA,Director,Male,2134,Asian,Single,Needs Improvement,3,1622,29-04-2023,1,5,5,17-12-2022,Communication Skills,Internal,Passed,4,344.06,MatthewWestinghouse,81,Terminated,55+,2022,March,1,3.67,0.56,0-1 yr
Jason,Smith,19-06-2023,31-07-2023,BI Developer,PYZ,Full-Time,Zone C,Temporary,Voluntary,IT/IS,Finance & Accounting,17-06-2001,MA,Intern,Male,2045,Other,Divorced,Needs Improvement,3,1623,18-12-2022,1,2,2,26-11-2022,Project Management,Internal,Passed,3,232.5,JasonSmith,21,Terminated,<25,2023,July,1,1.67,0.11,0-1 yr
Charlie,Wang,12-05-2023,16-05-2023,Senior BI Developer,WBL,Full-Time,Zone A,Temporary,Resignation,IT/IS,Field Operations,22-10-1996,MA,Top Hand,Male,1887,White,Widowed,Needs Improvement,3,1624,24-07-2023,5,1,3,21-04-2023,Customer Service,Internal,Failed,1,953.68,CharlieWang,26,Terminated,25-34,2023,May,0,3,0.01,0-1 yr
Kurt,Navathe,05-06-2022,,Senior BI Developer,NEL,Part-Time,Zone B,Part-Time,Unk,IT/IS,Shop (Fleet),16-09-1977,MA,Manager,Male,2056,Other,Single,Exceeds,3,1625,16-08-2022,5,2,2,15-11-2022,Project Management,External,Passed,5,101.56,KurtNavathe,44,Active,35-44,,,1,3,0.2,0-1 yr
Katie,Roper,17-09-2020,08-06-2021,Data Architect,PL,Full-Time,Zone B,Temporary,Resignation,IT/IS,General - Con,12-05-1947,MA,Technician,Female,2056,Other,Married,Needs Improvement,3,1626,11-01-2023,3,4,5,05-05-2023,Project Management,Internal,Failed,3,624.8,KatieRoper,75,Terminated,55+,2021,June,0,4,0.72,0-1 yr
Maggie,Rachael,15-05-2023,,BI Developer,BPC,Full-Time,Zone C,Full-Time,Unk,IT/IS,Field Operations,14-01-1966,MA,Technician,Female,2110,Other,Divorced,Exceeds,3,1627,06-08-2022,4,4,1,05-12-2022,Project Management,Internal,Completed,5,943.93,MaggieRachael,56,Active,55+,,,1,3,-0.77,
Binh,Le,15-12-2018,14-11-2019,Senior BI Developer,CCDR,Part-Time,Zone A,Temporary,Retirement,IT/IS,Catv,12-04-1974,MA,Foreman,Female,1886,Asian,Single,Needs Improvement,3,1628,12-04-2023,4,4,2,20-05-2023,Customer Service,Internal,Completed,1,781.52,BinhLe,49,Terminated,45-54,2019,November,1,3.33,0.91,0-1 yr
Lucia,Peterson,06-11-2019,22-03-2023,BI Developer,PL,Part-Time,Zone B,Full-Time,Voluntary,IT/IS,Field Operations,04-01-1946,MA,Engineer,Female,2970,Hispanic,Married,Fully Meets,3,1629,23-09-2022,1,2,4,18-07-2023,Leadership Development,Internal,Failed,2,615.28,LuciaPeterson,76,Terminated,55+,2023,March,0,2.33,3.37,3-5 yr
Nola,Moss,25-04-2021,25-10-2022,BI Developer,BPC,Contract,Zone C,Temporary,Involuntary,IT/IS,General - Con,05-02-1944,MA,Foreman,Female,13058,Other,Single,Fully Meets,3,1630,25-02-2023,4,3,2,26-03-2023,Customer Service,External,Incomplete,4,779.26,NolaMoss,79,Terminated,55+,2022,October,0,3,1.5,1-3 yr
Chance,Braun,17-06-2023,19-07-2023,BI Developer,CCDR,Full-Time,Zone C,Full-Time,Voluntary,IT/IS,Executive,24-10-1986,MA,Executive Assistant,Female,20602,White,Widowed,Fully Meets,3,1631,24-06-2023,2,4,1,14-01-2023,Customer Service,External,Incomplete,1,464.49,ChanceBraun,36,Terminated,35-44,2023,July,0,2.33,0.09,0-1 yr
Alma,Pennington,14-01-2022,,BI Developer,SVG,Full-Time,Zone C,Full-Time,Unk,IT/IS,Field Operations,06-08-1970,MA,Driller,Female,40731,Black,Widowed,Fully Meets,3,1632,12-03-2023,5,4,4,26-03-2023,Leadership Development,External,Completed,4,196.31,AlmaPennington,52,Active,45-54,,,1,4.33,1.16,1-3 yr
Miley,French,22-10-2018,13-03-2019,Area Sales Manager,EW,Contract,Zone B,Temporary,Involuntary,IT/IS,Field Operations,05-05-1994,MA,Laborer,Female,94379,Black,Widowed,Fully Meets,3,1633,09-12-2022,4,3,2,09-10-2022,Project Management,External,Passed,3,300.12,MileyFrench,28,Terminated,25-34,2019,March,1,3,0.39,0-1 yr
Kole,Levine,17-10-2021,13-11-2022,Area Sales Manager,MSC,Contract,Zone C,Part-Time,Voluntary,IT/IS,Finance & Accounting,22-07-1974,MA,Administration,Male,62674,Black,Divorced,Fully Meets,3,1634,13-01-2023,2,3,1,26-03-2023,Communication Skills,External,Failed,3,895.42,KoleLevine,48,Terminated,45-54,2022,November,0,2,1.07,1-3 yr
Azul,Watkins,19-10-2021,10-04-2023,Area Sales Manager,TNS,Full-Time,Zone C,Part-Time,Retirement,IT/IS,Safety,26-09-1988,MA,Safety,Male,18618,Hispanic,Single,Fully Meets,3,1635,19-12-2022,4,4,2,15-05-2023,Leadership Development,External,Completed,3,619.86,AzulWatkins,34,Terminated,25-34,2023,April,1,3.33,1.47,1-3 yr
Landen,Blanchard,16-10-2018,17-12-2018,Sales Manager,SVG,Contract,Zone B,Part-Time,Involuntary,Admin Offices,Aerial,07-11-1998,MA,Lineman,Male,6067,White,Single,Fully Meets,3,1636,14-10-2022,4,5,2,31-08-2022,Technical Skills,External,Completed,1,943.84,LandenBlanchard,23,Terminated,<25,2018,December,1,3.67,0.17,0-1 yr
Leroy,Norman,26-04-2020,21-07-2020,Sales Manager,EW,Full-Time,Zone C,Part-Time,Resignation,Admin Offices,General - Con,18-01-1986,MA,Foreman,Male,78952,Black,Divorced,Fully Meets,3,1637,20-10-2022,4,1,2,04-10-2022,Customer Service,External,Failed,5,556.33,LeroyNorman,36,Terminated,35-44,2020,July,0,2.33,0.24,0-1 yr
Nikhil,Pineda,22-01-2020,26-10-2022,Sales Manager,MSC,Full-Time,Zone B,Full-Time,Involuntary,Sales,Finance & Accounting,20-07-1994,MA,Accounting,Male,82541,Asian,Divorced,Fully Meets,3,1638,08-05-2023,2,4,5,27-12-2022,Customer Service,External,Completed,4,274.97,NikhilPineda,28,Terminated,25-34,2022,October,1,3.67,2.76,1-3 yr
Kadence,Simon,30-03-2022,21-07-2022,BI Director,EW,Full-Time,Zone A,Full-Time,Resignation,IT/IS,Field Operations,10-01-1958,MA,Technician,Male,87307,Black,Married,Fully Meets,3,1639,12-10-2022,1,2,1,21-01-2023,Communication Skills,Internal,Completed,5,359.87,KadenceSimon,64,Terminated,55+,2022,July,1,1.33,0.31,0-1 yr
Elliot,Phillips,29-05-2021,03-09-2022,BI Developer,MSC,Contract,Zone A,Full-Time,Voluntary,IT/IS,Engineers,30-08-1961,MA,Field Project Manager,Female,59443,Hispanic,Divorced,Fully Meets,3,1640,19-12-2022,2,4,1,01-02-2023,Communication Skills,Internal,Completed,1,881.51,ElliotPhillips,61,Terminated,55+,2022,September,1,2.33,1.26,1-3 yr
Taniya,Daniels,09-03-2023,30-05-2023,BI Developer,NEL,Part-Time,Zone C,Temporary,Voluntary,IT/IS,Field Operations,06-10-1989,MA,Laborer,Female,40835,Other,Married,Fully Meets,3,1641,18-03-2023,5,4,4,22-12-2022,Project Management,External,Passed,5,879.86,TaniyaDaniels,33,Terminated,25-34,2023,May,1,4.33,0.22,0-1 yr
Julia,Jimenez,22-11-2019,28-12-2019,BI Developer,PL,Contract,Zone A,Part-Time,Retirement,IT/IS,Wireline Construction,23-09-1946,MA,Project Manager,Female,9049,Black,Single,Fully Meets,3,1642,14-04-2023,3,2,2,18-07-2023,Customer Service,External,Passed,3,226.92,JuliaJimenez,76,Terminated,55+,2019,December,1,2.33,0.1,0-1 yr
Kamden,Paul,07-04-2019,22-12-2020,Area Sales Manager,SVG,Full-Time,Zone A,Full-Time,Involuntary,IT/IS,Aerial,19-05-1981,MA,Supervisor,Male,12567,Other,Widowed,Fully Meets,3,1643,23-08-2022,5,3,4,13-07-2023,Technical Skills,External,Completed,3,674.14,KamdenPaul,41,Terminated,35-44,2020,December,1,4,1.71,1-3 yr
Octavio,Hicks,23-03-2023,28-03-2023,Area Sales Manager,TNS,Contract,Zone C,Temporary,Voluntary,IT/IS,Aerial,05-10-2000,MA,Foreman,Male,94154,Other,Widowed,Fully Meets,3,1644,01-04-2023,3,1,1,13-12-2022,Customer Service,External,Failed,4,383.95,OctavioHicks,22,Terminated,<25,2023,March,0,1.67,0.01,0-1 yr
Jaidyn,Malone,18-02-2021,28-10-2022,Area Sales Manager,WBL,Part-Time,Zone A,Temporary,Resignation,IT/IS,Fielders,19-12-1975,MA,Engineer,Male,42258,Hispanic,Widowed,Fully Meets,3,1645,26-09-2022,5,5,5,12-08-2022,Technical Skills,External,Completed,1,122.81,JaidynMalone,46,Terminated,45-54,2022,October,1,5,1.69,1-3 yr
Cora,Perez,05-04-2019,07-05-2021,Sales Manager,SVG,Contract,Zone C,Full-Time,Voluntary,Admin Offices,General - Sga,17-06-1987,MA,Engineer,Male,74220,Black,Divorced,Fully Meets,3,1646,20-01-2023,2,2,1,07-08-2022,Customer Service,Internal,Completed,5,380.22,CoraPerez,35,Terminated,35-44,2021,May,1,1.67,2.09,1-3 yr
Isis,Ayala,23-10-2019,09-07-2022,Sales Manager,EW,Contract,Zone B,Part-Time,Involuntary,IT/IS,Catv,03-02-1986,MA,Foreman,Male,47015,Black,Widowed,Fully Meets,3,1647,16-02-2023,4,2,5,15-09-2022,Communication Skills,External,Passed,5,719.1,IsisAyala,37,Terminated,35-44,2022,July,1,3.67,2.71,1-3 yr
Charlee,Calhoun,14-05-2021,,Sales Manager,MSC,Part-Time,Zone C,Part-Time,Unk,Sales,Aerial,19-08-1977,MA,Driver,Male,96848,White,Single,Fully Meets,3,1648,16-12-2022,4,4,5,11-01-2023,Project Management,External,Passed,1,699.81,CharleeCalhoun,45,Active,45-54,,,1,4.33,1.59,1-3 yr
Walter,Pruitt,19-03-2019,,CIO,WBL,Full-Time,Zone A,Part-Time,Unk,IT/IS,Wireline Construction,10-03-1964,TX,Groundman,Male,87451,White,Single,Fully Meets,3,1649,28-07-2023,3,1,2,24-11-2022,Leadership Development,Internal,Passed,5,452.38,WalterPruitt,59,Active,55+,,,1,2,4.36,3-5 yr
Julie,Harrington,08-05-2019,01-10-2020,BI Director,NEL,Part-Time,Zone C,Temporary,Resignation,IT/IS,Engineers,27-02-1946,MA,Technician,Male,29739,Asian,Widowed,Fully Meets,3,1650,29-03-2023,5,1,3,08-10-2022,Leadership Development,Internal,Completed,3,727.36,JulieHarrington,77,Terminated,55+,2020,October,1,3,1.4,1-3 yr
Amara,Wood,05-10-2019,21-05-2023,BI Developer,PL,Part-Time,Zone A,Temporary,Involuntary,IT/IS,Aerial,23-01-1993,MA,Laborer,Female,13117,Black,Widowed,Fully Meets,3,1651,01-11-2022,4,4,4,20-12-2022,Customer Service,Internal,Passed,5,595.83,AmaraWood,29,Terminated,25-34,2023,May,1,4,3.62,3-5 yr
Nevaeh,Ponce,29-11-2021,31-05-2022,BI Developer,BPC,Full-Time,Zone C,Full-Time,Resignation,IT/IS,Field Operations,01-06-1985,MA,Driver,Female,2581,White,Single,Fully Meets,3,1652,09-06-2023,1,4,4,09-12-2022,Leadership Development,Internal,Completed,4,740.51,NevaehPonce,38,Terminated,35-44,2022,May,1,3,0.5,0-1 yr
Greta,Fields,06-11-2018,26-12-2019,Area Sales Manager,EW,Part-Time,Zone B,Temporary,Involuntary,IT/IS,Field Operations,07-01-1957,MA,Foreman,Male,63435,Hispanic,Married,Fully Meets,3,1653,02-12-2022,2,4,5,24-07-2023,Technical Skills,External,Incomplete,1,886.01,GretaFields,65,Terminated,55+,2019,December,0,3.67,1.14,1-3 yr
Zackery,Hess,27-07-2021,23-11-2021,Area Sales Manager,MSC,Full-Time,Zone B,Temporary,Resignation,IT/IS,Engineers,19-12-1999,MA,Administrative,Male,87224,Black,Divorced,Fully Meets,3,1654,11-06-2023,2,3,3,01-05-2023,Technical Skills,External,Failed,2,641.09,ZackeryHess,23,Terminated,<25,2021,November,0,2.67,0.33,0-1 yr
Chloe,Gould,18-07-2023,,Area Sales Manager,TNS,Part-Time,Zone A,Temporary,Unk,IT/IS,Wireline Construction,01-09-1942,MA,Project Manager,Male,3563,Black,Married,Fully Meets,3,1655,25-09-2022,3,1,2,15-06-2023,Communication Skills,Internal,Completed,5,780.94,ChloeGould,80,Active,55+,,,1,2,-0.81,
Elyse,Chandler,04-09-2022,,Senior BI Developer,CCDR,Part-Time,Zone C,Temporary,Unk,Admin Offices,Field Operations,20-05-1985,MA,Tower Hand,Male,10497,Black,Single,Fully Meets,3,1656,30-09-2022,1,4,5,19-03-2023,Leadership Development,Internal,Completed,3,132.75,ElyseChandler,37,Active,35-44,,,1,3.33,0.07,0-1 yr
Isaias,Briggs,24-05-2019,,Sales Manager,SVG,Contract,Zone B,Part-Time,Unk,IT/IS,Engineers,30-08-1969,MA,Engineer,Male,38675,Other,Married,Fully Meets,3,1657,29-07-2023,1,5,1,01-10-2022,Technical Skills,Internal,Passed,1,838.52,IsaiasBriggs,53,Active,45-54,,,1,2.33,4.18,3-5 yr
Allison,Frank,03-11-2019,,Sales Manager,EW,Contract,Zone B,Part-Time,Unk,IT/IS,Field Operations,29-12-1975,MA,Laborer,Male,72313,Other,Widowed,Fully Meets,3,1658,07-08-2022,2,1,2,06-06-2023,Project Management,External,Failed,4,474.23,AllisonFrank,46,Active,45-54,,,0,1.67,2.76,1-3 yr
Joaquin,Hahn,26-11-2019,19-03-2021,Sales Manager,MSC,Full-Time,Zone C,Part-Time,Involuntary,Sales,Field Operations,30-06-1977,MA,Laborer,Female,39930,White,Single,Fully Meets,3,1659,11-07-2023,4,5,5,23-05-2023,Leadership Development,Internal,Incomplete,1,579.06,JoaquinHahn,46,Terminated,45-54,2021,March,0,4.67,1.31,1-3 yr
Drake,Nicholson,09-08-2022,01-09-2022,CIO,WBL,Contract,Zone B,Full-Time,Retirement,IT/IS,General - Con,02-07-1971,MA,Technician,Male,47536,Other,Widowed,Fully Meets,3,1660,17-06-2023,5,5,1,25-07-2023,Communication Skills,Internal,Failed,5,698.82,DrakeNicholson,51,Terminated,45-54,2022,September,0,3.67,0.06,0-1 yr
Kenna,Porter,19-03-2019,,BI Director,NEL,Contract,Zone C,Full-Time,Unk,IT/IS,Finance & Accounting,16-05-1982,MA,Clerk,Male,91255,Hispanic,Divorced,Fully Meets,3,1661,25-02-2023,5,4,4,20-07-2023,Technical Skills,Internal,Failed,5,633.36,KennaPorter,40,Active,35-44,,,0,4.33,3.94,3-5 yr
Peter,Wong,25-11-2018,,BI Developer,PL,Contract,Zone C,Full-Time,Unk,IT/IS,Engineers,04-11-1963,MA,Engineer,Female,19115,Hispanic,Married,Fully Meets,3,1662,17-05-2023,2,4,5,18-02-2023,Technical Skills,Internal,Failed,3,241.19,PeterWong,59,Active,55+,,,0,3.67,4.47,3-5 yr
Fatima,Pennington,10-04-2022,03-04-2023,BI Developer,BPC,Full-Time,Zone C,Full-Time,Retirement,IT/IS,Aerial,30-01-1961,MA,Lineman,Female,32063,Asian,Widowed,Fully Meets,3,1663,10-03-2023,4,2,4,13-07-2023,Communication Skills,External,Passed,5,271.37,FatimaPennington,62,Terminated,55+,2023,April,1,3.33,0.98,0-1 yr
Lainey,Ayers,02-04-2021,,Area Sales Manager,EW,Full-Time,Zone C,Full-Time,Unk,IT/IS,Splicing,10-09-1991,MA,Laborer,Male,2597,White,Single,Fully Meets,3,1664,12-02-2023,2,1,1,08-07-2023,Project Management,Internal,Incomplete,1,137.87,LaineyAyers,31,Active,25-34,,,0,1.33,1.86,1-3 yr
Tania,Jennings,22-12-2019,,Area Sales Manager,MSC,Contract,Zone A,Part-Time,Unk,IT/IS,Project Management - Con,10-07-1963,MA,Coordinator,Male,30018,Black,Widowed,Fully Meets,3,1665,23-08-2022,4,2,3,15-11-2022,Project Management,Internal,Passed,3,999.83,TaniaJennings,59,Active,55+,,,1,3,2.67,1-3 yr
Kara,Ferrell,14-08-2021,,Area Sales Manager,TNS,Full-Time,Zone A,Part-Time,Unk,IT/IS,General - Con,22-07-1978,OR,Locator,Male,38619,Black,Divorced,Fully Meets,3,1666,12-08-2022,3,3,4,21-02-2023,Technical Skills,Internal,Failed,5,597.62,KaraFerrell,44,Active,35-44,,,0,3.33,0.99,0-1 yr
George,Sheppard,28-08-2018,,Senior BI Developer,BPC,Full-Time,Zone A,Full-Time,Unk,Admin Offices,Splicing,19-03-1972,MA,Splicer,Male,62112,Black,Widowed,Fully Meets,3,1667,24-10-2022,1,3,5,11-09-2022,Leadership Development,External,Completed,1,697.89,GeorgeSheppard,50,Active,45-54,,,1,3,4.16,3-5 yr
Taniyah,Mcmillan,10-07-2023,,Senior BI Developer,CCDR,Part-Time,Zone C,Part-Time,Unk,Admin Offices,Aerial,07-09-1947,MA,Laborer,Male,35842,Black,Single,Fully Meets,3,1668,01-10-2022,2,1,3,23-06-2023,Customer Service,External,Failed,5,673.27,TaniyahMcmillan,75,Active,55+,,,0,2,-0.77,
Kole,Avila,18-09-2020,,Sales Manager,SVG,Part-Time,Zone A,Temporary,Unk,IT/IS,Field Operations,14-09-1961,MA,Executive Assistant,Male,78813,Asian,Divorced,Fully Meets,3,1669,13-09-2022,3,1,2,10-01-2023,Project Management,External,Passed,5,753.01,KoleAvila,61,Active,55+,,,1,2,1.98,1-3 yr
Ernest,Munoz,18-07-2019,,Sales Manager,EW,Contract,Zone A,Full-Time,Unk,IT/IS,Splicing,06-11-1960,MA,Laborer,Female,4772,Other,Widowed,Fully Meets,3,1670,11-08-2022,2,2,2,01-02-2023,Leadership Development,Internal,Failed,5,939.02,ErnestMunoz,61,Active,55+,,,0,2,3.07,3-5 yr
Rose,Jordan,21-11-2021,12-12-2021,Sales Manager,MSC,Contract,Zone A,Full-Time,Involuntary,Sales,Project Management - Con,10-10-1964,MA,Coordinator,Female,83162,White,Married,Fully Meets,3,1671,08-07-2023,5,3,5,15-11-2022,Customer Service,External,Passed,2,680.45,RoseJordan,58,Terminated,55+,2021,December,1,4.33,0.06,0-1 yr
Amaris,Torres,08-03-2021,,CIO,CCDR,Full-Time,Zone B,Part-Time,Unk,IT/IS,Field Operations,26-05-1947,MA,Tester,Male,21426,Asian,Married,Fully Meets,3,1672,08-10-2022,1,3,4,14-09-2022,Technical Skills,External,Completed,3,263.8,AmarisTorres,75,Active,55+,,,1,2.67,1.59,1-3 yr
Titus,Lowe,21-08-2019,,BI Director,EW,Part-Time,Zone C,Full-Time,Unk,IT/IS,General - Con,07-11-1950,MA,Laborer,Female,74874,Other,Widowed,Fully Meets,3,1673,19-08-2022,3,5,5,04-01-2023,Project Management,External,Incomplete,2,981.06,TitusLowe,71,Active,55+,,,0,4.33,3,1-3 yr
Savanah,Prince,30-04-2022,09-06-2023,BI Developer,MSC,Part-Time,Zone B,Full-Time,Involuntary,IT/IS,Wireline Construction,17-06-1946,MA,Laborer,Female,56043,Other,Married,Fully Meets,3,1674,04-10-2022,1,5,5,22-11-2022,Customer Service,Internal,Passed,1,293.55,SavanahPrince,76,Terminated,55+,2023,June,1,3.67,1.11,1-3 yr
Dawson,Pollard,03-02-2023,16-04-2023,Area Sales Manager,SVG,Full-Time,Zone A,Part-Time,Resignation,IT/IS,Field Operations,02-11-1959,MA,Technician,Male,59192,Hispanic,Widowed,Fully Meets,3,1675,25-01-2023,4,1,4,07-03-2023,Technical Skills,Internal,Failed,4,904.68,DawsonPollard,63,Terminated,55+,2023,April,0,3,0.2,0-1 yr
Moises,Day,08-05-2023,,Area Sales Manager,TNS,Part-Time,Zone B,Full-Time,Unk,IT/IS,Catv,12-08-1963,MA,Foreman,Male,82767,Other,Widowed,Fully Meets,3,1676,27-03-2023,2,5,1,07-12-2022,Project Management,Internal,Failed,5,104.66,MoisesDay,59,Active,55+,,,0,2.67,-0.11,
Sadie,Sheppard,29-07-2022,,Area Sales Manager,WBL,Part-Time,Zone B,Part-Time,Unk,IT/IS,General - Con,22-11-1965,OR,Foreman,Female,44156,Other,Widowed,Fully Meets,3,1677,10-03-2023,5,4,5,02-12-2022,Technical Skills,External,Incomplete,2,836.37,SadieSheppard,57,Active,55+,,,0,4.67,0.61,0-1 yr
Soren,Coleman,18-11-2020,22-05-2021,Senior BI Developer,PL,Part-Time,Zone A,Part-Time,Resignation,Admin Offices,Field Operations,28-03-1946,MA,Technician,Female,59433,Black,Widowed,Fully Meets,3,1678,21-06-2023,2,1,1,14-04-2023,Leadership Development,Internal,Completed,1,749.64,SorenColeman,77,Terminated,55+,2021,May,1,1.33,0.51,0-1 yr
Sage,Morris,16-05-2021,14-04-2022,Senior BI Developer,BPC,Part-Time,Zone C,Part-Time,Voluntary,Admin Offices,Engineers,14-12-1944,MA,Project Manager,Male,42691,Black,Widowed,Fully Meets,3,1679,01-08-2023,5,4,3,25-03-2023,Leadership Development,External,Failed,5,213.06,SageMorris,78,Terminated,55+,2022,April,0,4,0.91,0-1 yr
Lillian,Steele,25-10-2019,16-10-2020,Senior BI Developer,CCDR,Full-Time,Zone C,Temporary,Involuntary,IT/IS,General - Con,01-09-1976,MA,Laborer,Male,33673,Other,Divorced,Fully Meets,3,1680,01-03-2023,5,4,5,04-10-2022,Customer Service,Internal,Completed,3,882.76,LillianSteele,46,Terminated,45-54,2020,October,1,4.67,0.98,0-1 yr
Deanna,Meza,05-03-2023,04-05-2023,Sales Manager,SVG,Contract,Zone B,Temporary,Retirement,IT/IS,Engineers,10-10-1974,MA,Engineer,Female,34659,White,Divorced,Fully Meets,3,1681,30-05-2023,2,3,4,20-12-2022,Customer Service,External,Failed,1,113.42,DeannaMeza,48,Terminated,45-54,2023,May,0,3,0.16,0-1 yr
Troy,Todd,01-06-2021,,Sales Manager,EW,Part-Time,Zone B,Part-Time,Unk,IT/IS,Aerial,29-12-1970,MA,Foreman,Female,65125,Black,Married,Fully Meets,3,1682,15-04-2023,5,3,4,19-09-2022,Project Management,External,Failed,3,284.61,TroyTodd,52,Active,45-54,,,0,4,1.87,1-3 yr
Beckett,Shea,22-01-2022,25-07-2022,Sales Manager,MSC,Full-Time,Zone B,Part-Time,Voluntary,Sales,Aerial,14-02-1988,MA,Lineman,Female,97969,Other,Married,Fully Meets,3,1683,29-12-2022,2,4,4,28-06-2023,Project Management,Internal,Failed,1,599.74,BeckettShea,34,Terminated,25-34,2022,July,0,3.33,0.5,0-1 yr
Eve,Barker,09-07-2023,31-07-2023,CIO,WBL,Contract,Zone A,Part-Time,Involuntary,IT/IS,Engineers,07-03-1963,MA,Engineer,Male,18894,Hispanic,Widowed,Fully Meets,3,1684,30-12-2022,2,4,3,05-06-2023,Leadership Development,Internal,Failed,5,700.99,EveBarker,59,Terminated,55+,2023,July,0,3,0.06,0-1 yr
Lillie,Wilkerson,11-11-2018,27-05-2019,BI Director,NEL,Full-Time,Zone A,Full-Time,Retirement,IT/IS,Aerial,26-06-1968,MA,Foreman,Female,16287,Black,Divorced,Fully Meets,3,1685,18-01-2023,1,4,2,01-01-2023,Customer Service,Internal,Passed,1,650.07,LillieWilkerson,54,Terminated,45-54,2019,May,1,2.33,0.54,0-1 yr
Alexis,Harrell,05-01-2021,18-06-2021,BI Developer,SVG,Contract,Zone C,Full-Time,Retirement,IT/IS,Finance & Accounting,06-03-1954,MA,Intern,Male,63472,Black,Widowed,Fully Meets,3,1686,06-02-2023,2,4,2,11-11-2022,Communication Skills,External,Completed,2,851.38,AlexisHarrell,68,Terminated,55+,2021,June,1,2.67,0.45,0-1 yr
Mylee,Snow,25-11-2022,,Area Sales Manager,EW,Part-Time,Zone C,Full-Time,Unk,IT/IS,Engineers,25-04-1967,MA,Drafter,Male,19801,White,Widowed,Fully Meets,3,1687,03-08-2023,3,4,5,24-02-2023,Customer Service,Internal,Failed,4,455.1,MyleeSnow,56,Active,55+,,,0,4,0.69,0-1 yr
Elsa,Mckenzie,30-03-2020,21-07-2023,Area Sales Manager,MSC,Full-Time,Zone A,Full-Time,Voluntary,IT/IS,Shop (Fleet),23-07-1956,OR,Mechanic,Male,34107,Other,Divorced,Fully Meets,3,1688,12-11-2022,1,4,5,21-12-2022,Project Management,Internal,Completed,3,880.67,ElsaMckenzie,66,Terminated,55+,2023,July,1,3.33,3.31,3-5 yr
Kolby,Reed,02-01-2021,22-09-2022,Senior BI Developer,MSC,Part-Time,Zone C,Temporary,Retirement,Admin Offices,Field Operations,04-12-1985,MA,Technician,Male,35372,Other,Married,Fully Meets,3,1689,26-04-2023,5,3,5,15-09-2022,Customer Service,External,Passed,2,712.64,KolbyReed,37,Terminated,35-44,2022,September,1,4.33,1.72,1-3 yr
Kyler,Morales,26-02-2019,26-07-2019,Senior BI Developer,NEL,Contract,Zone A,Temporary,Voluntary,Admin Offices,Yard (Material Handling),20-01-1942,MA,Administrative,Male,56249,Black,Widowed,Fully Meets,3,1690,12-11-2022,3,1,5,21-01-2023,Communication Skills,Internal,Failed,3,504.34,KylerMorales,80,Terminated,55+,2019,July,0,3,0.41,0-1 yr
Jasiah,Walton,06-10-2019,,Senior BI Developer,PL,Contract,Zone A,Part-Time,Unk,IT/IS,Project Management - Con,21-01-1946,MA,Technician,Male,77562,Black,Widowed,Fully Meets,3,1691,30-11-2022,3,1,2,21-09-2022,Customer Service,External,Failed,3,120.37,JasiahWalton,76,Active,55+,,,0,2,3.15,3-5 yr
Urijah,Brandt,19-04-2020,30-07-2022,Sales Manager,PYZ,Part-Time,Zone C,Part-Time,Voluntary,IT/IS,Engineers,23-09-1943,MA,Engineer,Female,23764,Other,Widowed,Fully Meets,3,1692,25-06-2023,2,2,1,08-03-2023,Project Management,External,Failed,1,705.24,UrijahBrandt,79,Terminated,55+,2022,July,0,1.67,2.28,1-3 yr
Gianna,Pope,24-12-2022,,Sales Manager,SVG,Contract,Zone C,Part-Time,Unk,IT/IS,Field Operations,13-08-1985,MA,Tower Hand,Female,2558,Other,Single,Fully Meets,3,1693,18-12-2022,3,5,1,10-03-2023,Project Management,External,Passed,5,928.81,GiannaPope,37,Active,35-44,,,1,3,-0.02,
Malia,Reynolds,09-04-2021,29-05-2021,CIO,TNS,Part-Time,Zone A,Temporary,Resignation,IT/IS,Aerial,04-10-1961,MA,Foreman,Male,82773,Asian,Married,Fully Meets,3,1694,31-08-2022,3,5,3,30-08-2022,Communication Skills,Internal,Completed,5,638.07,MaliaReynolds,60,Terminated,55+,2021,May,1,3.67,0.14,0-1 yr
Claire,Gordon,04-09-2018,16-12-2022,BI Director,SVG,Contract,Zone C,Full-Time,Voluntary,IT/IS,Isp,13-11-1981,MA,Specialist,Female,20654,Other,Widowed,Fully Meets,3,1695,25-05-2023,3,3,3,03-01-2023,Leadership Development,Internal,Passed,2,913.34,ClaireGordon,41,Terminated,35-44,2022,December,1,3,4.28,3-5 yr
Joshua,Hall,07-11-2021,,BI Developer,NEL,Full-Time,Zone C,Temporary,Unk,IT/IS,General - Eng,16-09-1962,MA,Coordinator,Male,74846,Hispanic,Married,Fully Meets,3,1696,27-05-2023,4,4,1,29-05-2023,Project Management,Internal,Completed,1,754.78,JoshuaHall,60,Active,55+,,,1,3,1.55,1-3 yr
Mattie,Peters,24-05-2023,21-07-2023,BI Developer,MSC,Full-Time,Zone B,Part-Time,Retirement,IT/IS,General - Con,15-06-1987,MA,Foreman,Male,3758,Asian,Widowed,Fully Meets,3,1697,15-10-2022,1,5,2,14-10-2022,Leadership Development,External,Passed,4,503.3,MattiePeters,35,Terminated,35-44,2023,July,1,2.67,0.16,0-1 yr
Makai,Nolan,15-02-2021,05-06-2021,Area Sales Manager,EW,Full-Time,Zone A,Part-Time,Resignation,IT/IS,Billable Consultants,14-11-1994,MA,Engineer,Male,5156,White,Married,Fully Meets,3,1698,21-03-2023,3,5,4,23-11-2022,Technical Skills,External,Passed,5,218.31,MakaiNolan,28,Terminated,25-34,2021,June,1,4,0.3,0-1 yr
Trevon,Briggs,03-11-2021,19-08-2022,Senior BI Developer,PL,Contract,Zone C,Part-Time,Voluntary,Admin Offices,Executive,17-06-1993,MA,Manager,Male,64233,Hispanic,Married,Fully Meets,3,1699,25-04-2023,2,4,3,24-07-2023,Customer Service,External,Incomplete,3,730.86,TrevonBriggs,29,Terminated,25-34,2022,August,0,3,0.79,0-1 yr
Gretchen,Weeks,20-09-2018,,Senior BI Developer,BPC,Contract,Zone C,Temporary,Unk,IT/IS,Engineers,08-04-1958,MA,Engineer,Male,61270,Asian,Widowed,Fully Meets,3,1700,04-05-2023,5,2,4,19-09-2022,Customer Service,External,Completed,4,203.34,GretchenWeeks,65,Active,55+,,,1,3.67,4.62,3-5 yr
Corey,Hurst,23-07-2019,07-01-2023,Senior BI Developer,CCDR,Contract,Zone A,Full-Time,Involuntary,IT/IS,Project Management - Con,06-11-1954,MA,Flagger,Male,36731,Other,Single,Fully Meets,3,1701,29-04-2023,5,3,2,18-06-2023,Technical Skills,Internal,Passed,1,460.53,CoreyHurst,68,Terminated,55+,2023,January,1,3.33,3.46,3-5 yr
Alison,Pugh,12-05-2022,,Sales Manager,SVG,Contract,Zone A,Part-Time,Unk,IT/IS,Project Management - Con,08-09-1989,MA,Contracts,Female,49479,Other,Single,Fully Meets,3,1702,20-01-2023,4,1,2,19-03-2023,Communication Skills,Internal,Completed,5,733.92,AlisonPugh,33,Active,25-34,,,1,2.33,0.69,0-1 yr
Kadence,Sandoval,03-10-2018,,Sales Manager,EW,Full-Time,Zone B,Part-Time,Unk,Sales,Aerial,23-02-1978,MA,Lineman,Female,26140,Other,Single,Fully Meets,3,1703,16-02-2023,1,1,4,06-10-2022,Customer Service,Internal,Completed,2,987.43,KadenceSandoval,45,Active,45-54,,,1,2,4.37,3-5 yr
Mckenzie,Kim,26-11-2020,,CIO,CCDR,Part-Time,Zone C,Part-Time,Unk,IT/IS,Project Management - Con,21-06-1994,MA,Project Manager,Female,59091,Hispanic,Widowed,Fully Meets,3,1704,06-04-2023,4,4,3,13-05-2023,Customer Service,External,Completed,1,691.32,MckenzieKim,28,Active,25-34,,,1,3.67,2.36,1-3 yr
Randall,Miller,04-10-2018,,BI Director,EW,Part-Time,Zone B,Full-Time,Unk,IT/IS,Project Management - Con,16-05-1958,MA,Intern,Female,50425,Hispanic,Single,Fully Meets,3,1705,02-04-2023,4,4,1,22-10-2022,Communication Skills,External,Passed,1,663.08,RandallMiller,64,Active,55+,,,1,3,4.49,3-5 yr
Lailah,Hughes,02-12-2020,25-02-2023,BI Developer,NEL,Contract,Zone A,Full-Time,Involuntary,IT/IS,Aerial,03-04-1990,MA,Supervisor,Female,81407,Hispanic,Married,Fully Meets,3,1706,19-06-2023,3,2,5,21-09-2022,Customer Service,External,Incomplete,1,970.01,LailahHughes,33,Terminated,25-34,2023,February,0,3.33,2.23,1-3 yr
Quentin,Calderon,24-09-2021,20-07-2023,BI Developer,PL,Part-Time,Zone C,Full-Time,Voluntary,IT/IS,Wireline Construction,20-03-1994,MA,Clerk,Male,93935,Asian,Married,Fully Meets,3,1707,21-10-2022,5,4,3,26-05-2023,Customer Service,Internal,Passed,3,496.31,QuentinCalderon,28,Terminated,25-34,2023,July,1,4,1.82,1-3 yr
Molly,Fischer,10-09-2020,22-05-2021,BI Developer,PYZ,Full-Time,Zone A,Temporary,Involuntary,IT/IS,Splicing,12-05-1990,MA,Associate,Male,65055,Asian,Widowed,Fully Meets,3,1708,29-01-2023,4,5,4,20-06-2023,Customer Service,Internal,Incomplete,5,640.01,MollyFischer,32,Terminated,25-34,2021,May,0,4.33,0.7,0-1 yr
Anaya,Stanton,25-05-2022,17-11-2022,Area Sales Manager,SVG,Full-Time,Zone C,Temporary,Involuntary,IT/IS,General - Sga,22-03-1962,OR,Manager,Male,55354,Black,Married,Fully Meets,3,1709,10-05-2023,5,4,2,03-06-2023,Technical Skills,External,Failed,4,858.8,AnayaStanton,61,Terminated,55+,2022,November,0,3.67,0.48,0-1 yr
Jaden,Houston,15-02-2019,09-12-2019,Senior BI Developer,PL,Part-Time,Zone A,Part-Time,Resignation,Admin Offices,Field Operations,24-05-1971,MA,Technician,Male,46239,Black,Divorced,Fully Meets,3,1710,03-07-2023,1,2,3,11-12-2022,Communication Skills,External,Passed,2,300.52,JadenHouston,52,Terminated,45-54,2019,December,1,2,0.81,0-1 yr
Lance,Bailey,28-09-2018,01-02-2023,Senior BI Developer,BPC,Full-Time,Zone A,Temporary,Voluntary,IT/IS,General - Con,21-04-1985,MA,Laborer,Male,43594,Other,Widowed,Fully Meets,3,1711,05-05-2023,5,1,4,30-09-2022,Technical Skills,External,Failed,3,102.19,LanceBailey,38,Terminated,35-44,2023,February,0,3.33,4.34,3-5 yr
Quintin,Hicks,12-12-2018,,Senior BI Developer,CCDR,Full-Time,Zone A,Temporary,Unk,IT/IS,Engineers,29-02-1972,MA,Engineer,Female,72035,Black,Single,Fully Meets,3,1712,12-05-2023,3,2,3,06-06-2023,Communication Skills,Internal,Completed,2,581.16,QuintinHicks,51,Active,45-54,,,1,2.67,4.41,3-5 yr
Mauricio,Meyers,01-12-2021,,Sales Manager,SVG,Contract,Zone B,Full-Time,Unk,IT/IS,General - Con,29-08-1990,MA,Flagger,Female,1218,Asian,Married,Fully Meets,3,1713,11-10-2022,4,4,5,11-03-2023,Leadership Development,Internal,Incomplete,3,752.91,MauricioMeyers,32,Active,25-34,,,0,4.33,0.86,0-1 yr
Tess,Reilly,12-01-2022,,Sales Manager,EW,Full-Time,Zone B,Temporary,Unk,Sales,Field Operations,20-04-2000,MA,Laborer,Female,5062,White,Married,Fully Meets,3,1714,27-02-2023,1,2,3,24-07-2023,Project Management,External,Passed,3,374.58,TessReilly,22,Active,<25,,,1,2,1.13,1-3 yr
Reece,Callahan,27-10-2020,28-09-2022,CIO,WBL,Full-Time,Zone B,Part-Time,Involuntary,IT/IS,Aerial,10-01-1966,MA,Foreman,Female,86362,White,Divorced,Fully Meets,3,1715,16-04-2023,2,2,5,17-02-2023,Leadership Development,Internal,Incomplete,3,788.64,ReeceCallahan,57,Terminated,55+,2022,September,0,3,1.92,1-3 yr
Tyrell,Fuentes,02-11-2020,21-06-2022,BI Director,NEL,Contract,Zone C,Part-Time,Involuntary,IT/IS,General - Con,19-03-1961,MA,Flagger,Female,21457,Asian,Widowed,Fully Meets,3,1716,15-01-2023,2,1,1,13-02-2023,Communication Skills,External,Incomplete,2,234.05,TyrellFuentes,61,Terminated,55+,2022,June,0,1.33,1.63,1-3 yr
Benjamin,Kaufman,24-04-2021,28-02-2023,BI Developer,BPC,Part-Time,Zone B,Part-Time,Retirement,IT/IS,General - Con,26-11-1959,MA,Model Assistant,Male,49370,Asian,Widowed,Fully Meets,3,1717,06-03-2023,4,2,5,05-11-2022,Customer Service,External,Incomplete,1,381.33,BenjaminKaufman,63,Terminated,55+,2023,February,0,3.67,1.85,1-3 yr
Ayla,Mcgrath,29-06-2020,03-08-2023,BI Developer,CCDR,Full-Time,Zone B,Temporary,Involuntary,IT/IS,Field Operations,04-01-2001,MA,Driller,Male,17318,Other,Divorced,Fully Meets,3,1718,19-07-2023,5,4,5,24-12-2022,Leadership Development,Internal,Passed,3,527.62,AylaMcgrath,22,Terminated,<25,2023,August,1,4.67,3.09,3-5 yr
Katelyn,Stevens,15-07-2021,,BI Developer,SVG,Contract,Zone B,Temporary,Unk,IT/IS,Field Operations,10-05-1993,MA,Laborer,Male,93155,Hispanic,Widowed,Fully Meets,3,1719,29-03-2023,2,3,1,12-09-2022,Leadership Development,External,Passed,3,442.1,KatelynStevens,29,Active,25-34,,,1,2,1.7,1-3 yr
Jaiden,Christian,20-06-2023,,Senior BI Developer,MSC,Part-Time,Zone C,Part-Time,Unk,IT/IS,Field Operations,08-03-1965,MA,Laborer,Male,32840,Other,Single,Fully Meets,3,1720,10-07-2023,4,3,2,19-01-2023,Project Management,Internal,Passed,2,396.81,JaidenChristian,58,Active,55+,,,1,3,0.05,0-1 yr
Elliott,Odonnell,22-09-2019,10-11-2022,Senior BI Developer,NEL,Full-Time,Zone B,Full-Time,Retirement,IT/IS,Finance & Accounting,25-11-1998,MA,Assistant,Male,46552,White,Divorced,Fully Meets,3,1721,30-06-2023,5,4,4,16-02-2023,Project Management,External,Failed,2,730.31,ElliottOdonnell,24,Terminated,<25,2022,November,0,4.33,3.13,3-5 yr
Ronnie,Dillon,22-02-2022,,Senior BI Developer,PL,Full-Time,Zone B,Full-Time,Unk,IT/IS,Wireless,30-01-1968,MA,Groundman,Female,26893,Hispanic,Divorced,Fully Meets,3,1722,16-03-2023,2,2,4,14-05-2023,Technical Skills,External,Incomplete,2,128.06,RonnieDillon,55,Active,55+,,,0,2.67,1.06,1-3 yr
Gideon,Saunders,01-07-2020,26-06-2022,Sales Manager,PYZ,Full-Time,Zone B,Full-Time,Retirement,Sales,General - Eng,07-04-1969,MA,Coordinator,Female,34649,Black,Widowed,Fully Meets,3,1723,16-09-2022,5,1,5,25-09-2022,Technical Skills,External,Passed,5,942.63,GideonSaunders,53,Terminated,45-54,2022,June,1,3.67,1.98,1-3 yr
Valerie,Davis,13-05-2021,11-12-2021,CIO,TNS,Part-Time,Zone C,Part-Time,Retirement,IT/IS,Yard (Material Handling),20-10-1957,MA,Coordinator,Female,46050,Other,Divorced,Fully Meets,3,1724,22-09-2022,4,2,2,11-04-2023,Customer Service,Internal,Failed,5,733.63,ValerieDavis,64,Terminated,55+,2021,December,0,2.67,0.58,0-1 yr
Jamarcus,Thomas,30-05-2021,,BI Developer,PL,Contract,Zone A,Part-Time,Unk,IT/IS,Field Operations,29-09-1947,MA,Technician,Male,55738,Black,Divorced,Fully Meets,3,1725,09-04-2023,2,4,5,16-01-2023,Customer Service,External,Completed,1,743.28,JamarcusThomas,75,Active,55+,,,1,3.67,1.86,1-3 yr
Alden,Powers,04-07-2019,,BI Developer,NEL,Contract,Zone B,Full-Time,Unk,IT/IS,Wireline Construction,21-01-1981,MA,Clerk,Male,71994,Asian,Single,Fully Meets,3,1726,14-06-2023,3,5,3,19-10-2022,Technical Skills,Internal,Completed,4,435.18,AldenPowers,42,Active,35-44,,,1,3.67,3.95,3-5 yr
Haylie,Arnold,31-05-2019,31-05-2022,BI Developer,MSC,Full-Time,Zone B,Full-Time,Involuntary,IT/IS,General - Con,16-02-1996,MA,Foreman,Male,50024,Hispanic,Widowed,Fully Meets,3,1727,22-12-2022,4,2,4,16-02-2023,Technical Skills,Internal,Failed,5,252.22,HaylieArnold,26,Terminated,25-34,2022,May,0,3.33,3,1-3 yr
James,Cockel,13-03-2020,,Production Technician I,WBL,Full-Time,Zone C,Temporary,Unk,Production,General - Con,11-01-1972,MA,Foreman,Male,2452,White,Divorced,Fully Meets,3,1728,01-08-2023,1,4,2,31-12-2022,Customer Service,External,Completed,2,103.07,JamesCockel,51,Active,45-54,,,1,2.33,3.38,3-5 yr
Donna,Brill,06-01-2020,24-12-2020,Production Technician I,EW,Contract,Zone A,Part-Time,Voluntary,Production,General - Con,30-12-1946,MA,Foreman,Female,1701,Other,Divorced,Fully Meets,3,1729,15-02-2023,1,1,2,22-03-2023,Technical Skills,Internal,Incomplete,2,386.87,DonnaBrill,76,Terminated,55+,2020,December,0,1.33,0.97,0-1 yr
Kristen,Squatrito,30-04-2023,,Production Technician I,EW,Full-Time,Zone B,Part-Time,Unk,Production,General - Eng,10-06-1976,MA,Technician,Female,2359,White,Divorced,Fully Meets,3,1730,03-07-2023,2,4,4,20-03-2023,Customer Service,External,Incomplete,3,718.21,KristenSquatrito,47,Active,45-54,,,0,3.33,0.18,0-1 yr
Erasumus,Monkfish,11-07-2021,08-02-2022,Production Technician II,WBL,Contract,Zone B,Temporary,Retirement,Production,Engineers,22-03-1947,MA,Engineer,Male,1450,Black,Divorced,Fully Meets,3,1731,23-06-2023,1,4,1,27-02-2023,Customer Service,Internal,Failed,1,578.81,ErasumusMonkfish,76,Terminated,55+,2022,February,0,2,0.58,0-1 yr
May,Roberson,02-07-2021,13-12-2021,Production Technician II,WBL,Contract,Zone B,Temporary,Voluntary,Production,Fielders,13-04-1961,MA,Engineer,Female,1902,Hispanic,Widowed,Fully Meets,3,1732,24-10-2022,1,5,4,06-07-2023,Project Management,Internal,Completed,1,562.06,MayRoberson,61,Terminated,55+,2021,December,1,3.33,0.45,0-1 yr
Shana,Maurice,23-10-2019,03-12-2020,Production Technician I,EW,Full-Time,Zone A,Temporary,Resignation,Production,Field Operations,15-02-1950,MA,Laborer,Female,2330,Black,Married,Fully Meets,3,1733,26-10-2022,4,5,3,08-01-2023,Leadership Development,External,Incomplete,5,845.86,ShanaMaurice,72,Terminated,55+,2020,December,0,4,1.11,1-3 yr
Raul,Garcia,19-01-2019,,Production Technician I,NEL,Contract,Zone C,Full-Time,Unk,Production,Field Operations,22-06-1942,MA,Driver,Male,1905,White,Widowed,Fully Meets,3,1734,04-04-2023,4,1,4,16-01-2023,Project Management,External,Completed,2,391.39,RaulGarcia,80,Active,55+,,,1,3,4.21,3-5 yr
Rachael,Baczenski,08-01-2021,14-01-2023,Production Technician I,NEL,Full-Time,Zone A,Full-Time,Resignation,Production,Shop (Fleet),08-04-1942,MA,Mechanic,Female,1902,White,Divorced,Fully Meets,3,1735,10-05-2023,4,4,5,22-07-2023,Project Management,Internal,Passed,1,203.04,RachaelBaczenski,81,Terminated,55+,2023,January,1,4.33,2.02,1-3 yr
Enrico,Langton,29-01-2019,08-07-2022,Production Technician I,TNS,Contract,Zone A,Part-Time,Involuntary,Production,Field Operations,25-08-1955,MA,Technician,Male,2048,Other,Married,Fully Meets,3,1736,21-04-2023,3,1,3,09-03-2023,Leadership Development,Internal,Incomplete,4,717.29,EnricoLangton,67,Terminated,55+,2022,July,0,2.33,3.44,3-5 yr
Colleen,Zima,27-10-2018,,Production Technician I,TNS,Contract,Zone C,Full-Time,Unk,Production,General - Eng,26-02-1983,MA,Engineer,Female,1730,Hispanic,Widowed,Fully Meets,3,1737,30-03-2023,4,5,2,17-10-2022,Leadership Development,External,Incomplete,5,719,ColleenZima,40,Active,35-44,,,0,3.67,4.42,3-5 yr
Phil,Close,30-05-2023,05-07-2023,Production Technician II,CCDR,Contract,Zone A,Part-Time,Involuntary,Production,General - Eng,17-11-1983,MA,Coordinator,Male,2169,White,Single,Fully Meets,3,1738,13-11-2022,4,1,2,09-01-2023,Customer Service,External,Incomplete,5,802.66,PhilClose,39,Terminated,35-44,2023,July,0,2.33,0.1,0-1 yr
Hang T,Wolk,15-07-2019,01-05-2023,Production Technician II,CCDR,Contract,Zone B,Full-Time,Involuntary,Production,Aerial,11-01-1982,MA,Laborer,Female,2302,Hispanic,Married,Fully Meets,3,1739,10-10-2022,2,5,1,04-07-2023,Communication Skills,Internal,Incomplete,1,388.07,Hang TWolk,40,Terminated,35-44,2023,May,0,2.67,3.79,3-5 yr
Lei-Ming,Nguyen,17-03-2020,02-08-2021,Production Technician I,NEL,Contract,Zone B,Part-Time,Voluntary,Production,General - Con,03-04-1963,MA,Laborer,Female,2132,Other,Married,Fully Meets,3,1740,20-09-2022,5,4,4,18-02-2023,Project Management,Internal,Completed,2,350.26,Lei-MingNguyen,59,Terminated,55+,2021,August,1,4.33,1.38,1-3 yr
Denisa S,Dobrin,16-09-2022,,Production Technician I,MSC,Contract,Zone A,Temporary,Unk,Production,General - Eng,11-01-1981,MA,Drafter,Female,2125,Asian,Single,Fully Meets,3,1741,22-08-2022,3,4,2,08-11-2022,Leadership Development,External,Completed,5,625.76,Denisa SDobrin,41,Active,35-44,,,1,3,-0.07,
Maryellen,Jackson,04-01-2021,,Production Technician I,TNS,Part-Time,Zone B,Part-Time,Unk,Production,Wireline Construction,02-03-1971,MA,Laborer,Female,2081,Asian,Divorced,Fully Meets,3,1742,20-05-2023,5,5,3,19-04-2023,Communication Skills,External,Incomplete,1,206.72,MaryellenJackson,52,Active,45-54,,,0,4.33,2.37,1-3 yr
David,Gordon,30-11-2018,,Production Technician I,SVG,Full-Time,Zone C,Temporary,Unk,Production,Splicing,03-06-2001,MA,Supervisor,Male,2169,Black,Single,Fully Meets,3,1743,20-04-2023,4,1,5,13-07-2023,Project Management,External,Passed,4,954.37,DavidGordon,21,Active,<25,,,1,3.33,4.39,3-5 yr
Mei,Trang,24-07-2022,,Production Technician I,PL,Full-Time,Zone C,Full-Time,Unk,Production,Field Operations,05-05-1947,MA,Driller,Female,2021,Hispanic,Married,Fully Meets,3,1744,02-05-2023,2,1,4,24-12-2022,Communication Skills,Internal,Failed,4,728.77,MeiTrang,76,Active,55+,,,0,2.33,0.77,0-1 yr
Lindsey,Langford,05-02-2022,,Production Technician II,EW,Contract,Zone C,Part-Time,Unk,Production,Aerial,26-09-1989,MA,Foreman,Female,2090,Other,Widowed,Fully Meets,3,1745,14-11-2022,4,4,3,05-09-2022,Leadership Development,External,Completed,1,996.01,LindseyLangford,33,Active,25-34,,,1,3.67,0.77,0-1 yr
Brad,Pitt,23-04-2020,07-01-2022,Production Technician I,WBL,Full-Time,Zone A,Full-Time,Voluntary,Production,General - Sga,06-04-1962,MA,Vp,Male,2451,Hispanic,Widowed,Fully Meets,3,1746,20-06-2023,4,3,4,18-11-2022,Communication Skills,Internal,Incomplete,2,787.19,BradPitt,61,Terminated,55+,2022,January,0,3.67,1.71,1-3 yr
Susan,Good,23-06-2023,10-07-2023,Production Technician II,PL,Full-Time,Zone A,Temporary,Resignation,Production,Field Operations,02-08-1992,MA,Splicer,Female,1886,White,Divorced,Fully Meets,3,1747,28-03-2023,1,4,4,02-03-2023,Project Management,External,Passed,3,853.43,SusanGood,30,Terminated,25-34,2023,July,1,3,0.05,0-1 yr
Ashley,Rose,13-01-2022,05-07-2022,Production Technician I,PYZ,Part-Time,Zone A,Temporary,Retirement,Production,Underground,09-01-1973,MA,Laborer,Female,1886,White,Widowed,Fully Meets,3,1748,12-02-2023,3,2,4,26-03-2023,Leadership Development,External,Failed,5,433.03,AshleyRose,50,Terminated,45-54,2022,July,0,3,0.47,0-1 yr
Kaeden,Gonzales,26-11-2020,,Production Technician I,PYZ,Contract,Zone B,Temporary,Unk,Production,Field Operations,03-02-1964,MA,Project Manager,Female,70227,Hispanic,Divorced,Fully Meets,3,1749,05-08-2022,1,4,5,21-07-2023,Leadership Development,Internal,Incomplete,3,148.69,KaedenGonzales,58,Active,55+,,,0,3.33,1.69,1-3 yr
Alissa,Frey,07-12-2018,,Production Technician I,WBL,Full-Time,Zone C,Full-Time,Unk,Production,Field Operations,11-04-1977,MA,Tower Hand,Female,3204,Other,Widowed,Fully Meets,3,1750,13-11-2022,1,2,5,20-08-2022,Project Management,Internal,Incomplete,1,523.44,AlissaFrey,45,Active,45-54,,,0,2.67,3.93,3-5 yr
Presley,Steele,19-04-2023,,Production Technician I,NEL,Contract,Zone C,Temporary,Unk,Production,General - Con,29-05-2001,MA,Lineman,Female,81228,Hispanic,Widowed,Fully Meets,3,1751,24-08-2022,4,4,1,10-12-2022,Project Management,External,Incomplete,5,719.54,PresleySteele,21,Active,<25,,,0,3,-0.65,
Boston,Avila,05-03-2022,08-04-2022,Production Technician I,PL,Part-Time,Zone B,Temporary,Resignation,Production,General - Con,04-11-1982,MA,Mechanic,Male,56894,White,Single,Fully Meets,3,1752,11-12-2022,2,1,2,09-10-2022,Leadership Development,External,Incomplete,3,560.55,BostonAvila,40,Terminated,35-44,2022,April,0,1.67,0.09,0-1 yr
Rodolfo,Michael,20-06-2019,14-10-2019,Production Technician I,BPC,Contract,Zone C,Full-Time,Resignation,Production,Field Operations,07-03-1943,MA,Assistant,Male,42759,Black,Divorced,Fully Meets,3,1753,30-05-2023,5,3,3,18-03-2023,Customer Service,Internal,Completed,1,711.71,RodolfoMichael,80,Terminated,55+,2019,October,1,3.67,0.32,0-1 yr
Felix,Fritz,13-09-2022,,Production Technician I,CCDR,Part-Time,Zone C,Temporary,Unk,Production,Project Management - Con,18-11-1991,MA,Manager,Male,61961,Asian,Single,Fully Meets,3,1754,29-12-2022,5,5,1,30-01-2023,Project Management,External,Failed,1,980.65,FelixFritz,31,Active,25-34,,,0,3.67,0.29,0-1 yr
Amira,Mcmillan,02-01-2019,,Production Technician I,SVG,Part-Time,Zone B,Full-Time,Unk,Production,General - Con,05-10-1994,MA,Foreman,Male,45449,Other,Widowed,Fully Meets,3,1755,17-10-2022,4,1,1,22-11-2022,Communication Skills,External,Incomplete,2,367.76,AmiraMcmillan,28,Active,25-34,,,0,2,3.79,3-5 yr
Annabelle,Graham,06-06-2022,,Production Technician I,EW,Part-Time,Zone A,Part-Time,Unk,Production,Splicing,25-03-1961,MA,Operator,Male,32636,Black,Widowed,Fully Meets,3,1756,27-06-2023,2,4,4,22-04-2023,Communication Skills,Internal,Failed,1,849.36,AnnabelleGraham,62,Active,55+,,,0,3.33,1.06,1-3 yr
Leia,Mccann,09-01-2020,,Production Technician I,MSC,Full-Time,Zone A,Temporary,Unk,Production,Finance & Accounting,01-02-1985,MA,Director,Female,74346,White,Widowed,Fully Meets,3,1757,18-08-2022,5,4,5,31-12-2022,Technical Skills,Internal,Incomplete,5,305.05,LeiaMccann,37,Active,35-44,,,0,4.67,2.61,1-3 yr
Henry,Gray,03-01-2019,,Production Technician I,TNS,Part-Time,Zone B,Part-Time,Unk,Production,Splicing,22-05-1958,MA,Administrator,Male,61791,White,Single,Fully Meets,3,1758,18-08-2022,5,3,5,14-05-2023,Customer Service,Internal,Completed,5,296.24,HenryGray,64,Active,55+,,,1,4.33,3.62,3-5 yr
Jose,Houston,23-01-2021,23-10-2022,Production Technician I,PYZ,Contract,Zone B,Part-Time,Retirement,Production,General - Con,11-12-1947,MA,Coordinator,Male,40003,White,Married,Fully Meets,3,1759,16-09-2022,5,2,4,21-10-2022,Project Management,Internal,Completed,4,220.06,JoseHouston,74,Terminated,55+,2022,October,1,3.67,1.75,1-3 yr
Janessa,Mcconnell,08-02-2020,04-05-2020,Production Technician I,WBL,Part-Time,Zone C,Part-Time,Voluntary,Production,General - Con,20-08-1993,MA,Foreman,Male,93320,Hispanic,Single,Fully Meets,3,1760,16-03-2023,5,3,2,20-01-2023,Technical Skills,External,Passed,3,378.51,JanessaMcconnell,29,Terminated,25-34,2020,May,1,3.33,0.24,0-1 yr
Samson,Ellis,29-10-2021,02-08-2022,Production Technician I,NEL,Contract,Zone C,Temporary,Voluntary,Production,Field Operations,16-05-1961,MA,Technician,Female,97689,Other,Married,Fully Meets,3,1761,20-02-2023,3,2,1,07-11-2022,Technical Skills,External,Completed,4,905.6,SamsonEllis,61,Terminated,55+,2022,August,1,2,0.76,0-1 yr
Lauren,Kent,04-07-2023,12-07-2023,Production Technician I,PL,Contract,Zone B,Part-Time,Voluntary,Production,Wireless,19-02-2001,MA,Foreman,Female,37569,White,Divorced,Fully Meets,3,1762,19-03-2023,3,3,5,02-09-2022,Customer Service,External,Incomplete,3,669.57,LaurenKent,22,Terminated,<25,2023,July,0,3.67,0.02,0-1 yr
Mckenzie,Mack,06-04-2023,,Production Technician I,BPC,Part-Time,Zone B,Full-Time,Unk,Production,Engineers,13-01-1950,MA,Model Assistant,Female,11574,Asian,Widowed,Fully Meets,3,1763,18-08-2022,4,2,4,02-03-2023,Leadership Development,External,Completed,2,723.9,MckenzieMack,72,Active,55+,,,1,3.33,-0.63,
Donavan,Chavez,17-01-2023,,Production Technician I,CCDR,Full-Time,Zone A,Temporary,Unk,Production,Engineers,02-01-1949,MA,Engineer,Female,18917,Black,Married,Fully Meets,3,1764,13-03-2023,2,3,5,07-05-2023,Communication Skills,Internal,Passed,1,834.44,DonavanChavez,74,Active,55+,,,1,3.33,0.15,0-1 yr
Haiden,Coffey,17-10-2019,,Production Technician II,BPC,Contract,Zone C,Part-Time,Unk,Production,Project Management - Con,07-09-1991,MA,Field Project Manager,Female,5819,Asian,Divorced,Fully Meets,3,1765,24-12-2022,5,5,2,04-08-2023,Leadership Development,External,Incomplete,1,393.88,HaidenCoffey,31,Active,25-34,,,0,4,3.19,3-5 yr
Kasey,Alexander,22-06-2019,01-05-2021,Production Technician I,PYZ,Contract,Zone B,Temporary,Resignation,Production,Field Operations,15-07-1957,MA,Laborer,Female,75004,Asian,Married,Fully Meets,3,1766,23-05-2023,1,5,2,07-07-2023,Customer Service,External,Incomplete,3,637.61,KaseyAlexander,65,Terminated,55+,2021,May,0,2.67,1.86,1-3 yr
Kenneth,Peters,10-02-2023,01-05-2023,Production Technician I,WBL,Contract,Zone A,Full-Time,Retirement,Production,General - Con,31-12-1995,MA,Supervisor,Female,39000,White,Divorced,Fully Meets,3,1767,09-08-2022,4,1,1,25-10-2022,Project Management,External,Passed,3,902.11,KennethPeters,26,Terminated,25-34,2023,May,1,2,0.22,0-1 yr
Lucia,Hudson,13-10-2022,02-05-2023,Production Technician I,NEL,Contract,Zone C,Temporary,Voluntary,Production,Aerial,26-02-1977,MA,Lineman,Female,73245,Black,Married,Fully Meets,3,1768,11-02-2023,3,3,3,30-09-2022,Leadership Development,External,Passed,1,999.79,LuciaHudson,45,Terminated,45-54,2023,May,1,3,0.55,0-1 yr
Rashad,Randall,07-03-2023,27-04-2023,Production Technician I,PL,Contract,Zone B,Temporary,Resignation,Production,Engineers,29-04-1974,MA,Technician,Male,83360,Hispanic,Widowed,Fully Meets,3,1769,10-02-2023,4,3,5,27-03-2023,Leadership Development,Internal,Passed,1,976.58,RashadRandall,48,Terminated,45-54,2023,April,1,4,0.14,0-1 yr
Hayley,York,12-09-2018,,Production Technician I,BPC,Part-Time,Zone A,Full-Time,Unk,Production,General - Sga,05-03-1971,MA,Director,Male,2072,Hispanic,Single,Fully Meets,3,1770,24-02-2023,1,3,5,04-09-2022,Customer Service,External,Incomplete,2,257.2,HayleyYork,52,Active,45-54,,,0,3,4.45,3-5 yr
Salma,Shepard,27-06-2020,,Production Technician I,CCDR,Part-Time,Zone C,Part-Time,Unk,Production,Shop (Fleet),27-08-1950,MA,Mechanic,Male,16902,Hispanic,Widowed,Fully Meets,3,1771,03-06-2023,3,2,1,27-02-2023,Technical Skills,External,Incomplete,2,991.1,SalmaShepard,72,Active,55+,,,0,2,2.93,1-3 yr
Hallie,Thornton,28-12-2018,28-01-2022,Production Technician I,SVG,Contract,Zone A,Part-Time,Resignation,Production,General - Con,28-06-1954,MA,Laborer,Male,70792,Asian,Widowed,Fully Meets,3,1772,01-01-2023,3,4,5,20-08-2022,Technical Skills,External,Passed,2,205.64,HallieThornton,68,Terminated,55+,2022,January,1,4,3.09,3-5 yr
Tiana,Bishop,20-01-2021,08-03-2023,Production Technician I,EW,Part-Time,Zone B,Temporary,Retirement,Production,General - Eng,22-03-1942,MA,Administrative,Male,25699,Black,Married,Fully Meets,3,1773,20-11-2022,5,5,2,30-12-2022,Leadership Development,Internal,Passed,2,817.45,TianaBishop,80,Terminated,55+,2023,March,1,4,2.13,1-3 yr
Regina,Garcia,14-09-2019,06-02-2023,Production Technician I,MSC,Full-Time,Zone B,Part-Time,Involuntary,Production,Field Operations,24-09-1989,MA,Technician,Female,96290,Asian,Widowed,Fully Meets,3,1774,09-12-2022,1,1,2,08-06-2023,Customer Service,External,Failed,5,643.22,ReginaGarcia,33,Terminated,25-34,2023,February,0,1.33,3.4,3-5 yr
Julie,Cochran,06-10-2018,12-12-2019,Production Technician I,TNS,Contract,Zone A,Full-Time,Involuntary,Production,Engineers,11-05-1997,MA,Engineer,Male,23434,Black,Single,Fully Meets,3,1775,10-05-2023,4,2,3,08-05-2023,Project Management,Internal,Failed,4,795.28,JulieCochran,26,Terminated,25-34,2019,December,0,3,1.18,1-3 yr
Yamilet,Pierce,03-08-2021,01-11-2022,Production Technician I,PYZ,Full-Time,Zone C,Temporary,Retirement,Production,Project Management - Con,11-03-1955,MA,Engineer,Male,49243,Asian,Divorced,Fully Meets,3,1776,16-01-2023,3,2,3,07-09-2022,Project Management,Internal,Failed,2,521.69,YamiletPierce,67,Terminated,55+,2022,November,0,2.67,1.25,1-3 yr
Amare,Hartman,05-07-2019,26-05-2021,Production Technician I,WBL,Full-Time,Zone B,Temporary,Involuntary,Production,Splicing,25-04-1962,MA,Splicer,Female,64893,Hispanic,Single,Fully Meets,3,1777,02-02-2023,1,3,1,24-04-2023,Customer Service,External,Incomplete,3,157.78,AmareHartman,60,Terminated,55+,2021,May,0,1.67,1.89,1-3 yr
Cannon,Lee,25-04-2019,,Production Technician I,NEL,Full-Time,Zone B,Full-Time,Unk,Production,General - Con,18-05-1949,MA,Foreman,Female,91836,Other,Widowed,Fully Meets,3,1778,19-11-2022,3,5,4,01-09-2022,Project Management,External,Passed,3,803.94,CannonLee,73,Active,55+,,,1,4,3.57,3-5 yr
Yael,Hodge,15-07-2023,,Production Technician I,PL,Full-Time,Zone A,Temporary,Unk,Production,Project Management - Con,04-05-1961,MA,Director,Female,85791,Other,Married,Fully Meets,3,1779,22-08-2022,5,3,4,27-11-2022,Project Management,Internal,Passed,3,188.56,YaelHodge,61,Active,55+,,,1,4,-0.9,
Colton,Booker,10-12-2022,11-02-2023,Production Technician I,BPC,Contract,Zone C,Temporary,Retirement,Production,Field Operations,11-07-1993,MA,Engineer,Female,17208,Hispanic,Widowed,Fully Meets,3,1780,03-06-2023,2,3,2,25-03-2023,Technical Skills,External,Passed,2,663.72,ColtonBooker,29,Terminated,25-34,2023,February,1,2.33,0.17,0-1 yr
Abril,Cunningham,02-05-2019,,Production Technician I,CCDR,Contract,Zone A,Part-Time,Unk,Production,General - Sga,11-12-1983,MA,Supervisor,Female,88454,White,Divorced,Fully Meets,3,1781,27-09-2022,2,2,4,04-07-2023,Technical Skills,External,Failed,4,892.3,AbrilCunningham,38,Active,35-44,,,0,2.67,3.41,3-5 yr
Braxton,House,13-01-2019,02-07-2023,Production Technician II,NEL,Contract,Zone A,Temporary,Retirement,Production,Field Operations,08-10-1950,MA,Groundman,Female,69805,Other,Married,Fully Meets,3,1782,07-07-2023,3,4,1,21-12-2022,Communication Skills,Internal,Passed,3,560.35,BraxtonHouse,72,Terminated,55+,2023,July,1,2.67,4.47,3-5 yr
Destiney,Pearson,09-06-2021,,Production Technician I,PYZ,Part-Time,Zone C,Part-Time,Unk,Production,General - Con,07-12-1981,MA,Laborer,Female,27170,White,Widowed,Fully Meets,3,1783,21-04-2023,5,2,4,24-12-2022,Technical Skills,External,Passed,2,595.5,DestineyPearson,41,Active,35-44,,,1,3.67,1.86,1-3 yr
Trystan,Ramos,02-08-2023,02-08-2023,Production Technician I,WBL,Part-Time,Zone A,Temporary,Retirement,Production,General - Con,30-03-1971,MA,Technician,Female,14325,Other,Divorced,Fully Meets,3,1784,23-02-2023,2,3,1,17-11-2022,Communication Skills,External,Passed,2,242.18,TrystanRamos,51,Terminated,45-54,2023,August,1,2,0,0-1 yr
Miley,Gutierrez,17-06-2023,,Production Technician I,NEL,Full-Time,Zone C,Full-Time,Unk,Production,Technology / It,17-01-1950,MA,Director,Female,39152,White,Widowed,Fully Meets,3,1785,08-08-2022,4,4,5,07-01-2023,Project Management,Internal,Failed,5,104.95,MileyGutierrez,72,Active,55+,,,0,4.33,-0.86,
Tara,Hoover,31-03-2022,14-06-2022,Production Technician I,PL,Full-Time,Zone A,Temporary,Resignation,Production,Field Operations,10-11-1979,MA,Laborer,Male,67173,Hispanic,Widowed,Fully Meets,3,1786,03-06-2023,4,2,1,23-04-2023,Communication Skills,External,Completed,2,942.28,TaraHoover,43,Terminated,35-44,2022,June,1,2.33,0.21,0-1 yr
Layla,Gutierrez,06-04-2019,15-08-2020,Production Technician I,BPC,Contract,Zone B,Temporary,Voluntary,Production,Engineers,10-07-1956,MA,Engineer,Male,76007,Hispanic,Divorced,Fully Meets,3,1787,23-02-2023,2,5,3,31-08-2022,Project Management,Internal,Passed,2,756.7,LaylaGutierrez,66,Terminated,55+,2020,August,1,3.33,1.36,1-3 yr
Jakayla,Hall,11-07-2020,,Production Technician I,CCDR,Contract,Zone C,Full-Time,Unk,Production,Field Operations,08-02-1976,MA,Engineer,Male,50833,Other,Divorced,Fully Meets,3,1788,04-08-2023,2,5,1,23-12-2022,Leadership Development,Internal,Completed,4,290.99,JakaylaHall,47,Active,45-54,,,1,2.67,3.06,3-5 yr
Jayson,Ferguson,22-04-2023,,Production Technician I,SVG,Contract,Zone C,Part-Time,Unk,Production,Engineers,17-02-1963,MA,Engineer,Male,54218,Other,Widowed,Fully Meets,3,1789,07-10-2022,4,3,1,08-01-2023,Leadership Development,External,Incomplete,2,700.97,JaysonFerguson,59,Active,55+,,,0,2.67,-0.54,
Nick,Daniels,02-12-2022,08-04-2023,Production Technician I,EW,Part-Time,Zone B,Part-Time,Resignation,Production,Aerial,09-03-1956,MA,Lineman,Female,54589,Asian,Divorced,Fully Meets,3,1790,11-10-2022,4,5,4,19-08-2022,Communication Skills,Internal,Incomplete,4,631.98,NickDaniels,66,Terminated,55+,2023,April,0,4.33,0.35,0-1 yr
Marvin,Abbott,06-03-2021,26-04-2023,Production Technician I,MSC,Contract,Zone A,Temporary,Resignation,Production,Wireline Construction,02-08-1981,MA,Clerk,Female,9310,Hispanic,Divorced,Fully Meets,3,1791,18-09-2022,4,5,3,26-11-2022,Project Management,Internal,Failed,5,282.85,MarvinAbbott,41,Terminated,35-44,2023,April,0,4,2.14,1-3 yr
Sawyer,Oliver,21-05-2019,,Production Technician I,TNS,Full-Time,Zone C,Temporary,Unk,Production,Project Management - Eng,02-04-1950,MA,Planner,Male,6449,Black,Divorced,Fully Meets,3,1792,12-09-2022,2,3,5,29-11-2022,Technical Skills,Internal,Completed,1,412.58,SawyerOliver,72,Active,55+,,,1,3.33,3.31,3-5 yr
Linda,Barajas,23-10-2018,02-12-2022,Production Technician I,BPC,Full-Time,Zone B,Temporary,Resignation,Production,Executive,22-05-1945,MA,Director,Female,77756,Hispanic,Single,Fully Meets,3,1793,04-09-2022,1,1,2,28-02-2023,Communication Skills,External,Passed,1,943.91,LindaBarajas,77,Terminated,55+,2022,December,1,1.33,4.11,3-5 yr
Chance,Blackwell,26-05-2021,,Production Technician I,CCDR,Contract,Zone A,Temporary,Unk,Production,General - Sga,13-08-1963,MA,Administrator,Female,95802,White,Widowed,Fully Meets,3,1794,17-05-2023,4,4,2,31-10-2022,Leadership Development,Internal,Completed,3,208.13,ChanceBlackwell,59,Active,55+,,,1,3.33,1.97,1-3 yr
Antonio,Mccoy,01-12-2019,08-06-2020,Production Technician I,EW,Full-Time,Zone B,Part-Time,Involuntary,Production,Yard (Material Handling),04-04-1960,MA,Manager,Female,71561,Asian,Widowed,Fully Meets,3,1795,10-06-2023,5,1,4,24-02-2023,Leadership Development,External,Passed,2,145.47,AntonioMccoy,63,Terminated,55+,2020,June,1,3.33,0.52,0-1 yr
Emmett,Mercado,07-06-2021,13-12-2022,Production Technician I,MSC,Contract,Zone A,Full-Time,Involuntary,Production,Wireless,26-06-1976,MA,Driver,Female,9967,Hispanic,Divorced,Fully Meets,3,1796,23-11-2022,3,5,2,27-10-2022,Customer Service,External,Failed,1,727.51,EmmettMercado,46,Terminated,45-54,2022,December,0,3.33,1.52,1-3 yr
Clara,Wheeler,13-10-2020,09-11-2022,Production Technician I,NEL,Full-Time,Zone A,Full-Time,Voluntary,Production,General - Con,18-09-1987,MA,Laborer,Female,63255,Hispanic,Widowed,Fully Meets,3,1797,03-05-2023,3,3,5,24-12-2022,Project Management,External,Failed,5,581.43,ClaraWheeler,35,Terminated,35-44,2022,November,0,3.67,2.07,1-3 yr
Kieran,Morse,30-10-2022,,Production Technician II,PL,Part-Time,Zone A,Full-Time,Unk,Production,Splicing,07-12-1985,MA,Splicer,Female,34441,Black,Widowed,Fully Meets,3,1798,27-01-2023,3,2,4,11-12-2022,Communication Skills,Internal,Incomplete,1,725.94,KieranMorse,37,Active,35-44,,,0,3,0.24,0-1 yr
Aliyah,Schmitt,04-09-2022,30-05-2023,Production Technician II,BPC,Part-Time,Zone C,Temporary,Involuntary,Production,Field Operations,19-02-1989,MA,Technician,Male,12152,Black,Married,Fully Meets,3,1799,28-04-2023,2,5,3,27-10-2022,Technical Skills,Internal,Passed,1,338.36,AliyahSchmitt,34,Terminated,25-34,2023,May,1,3.33,0.73,0-1 yr
Kyan,Morrison,18-10-2019,19-04-2021,Production Technician I,TNS,Part-Time,Zone C,Full-Time,Resignation,Production,Wireline Construction,05-04-1976,MA,Lineman,Female,57065,Black,Divorced,Fully Meets,3,1800,03-02-2023,4,3,5,17-04-2023,Technical Skills,External,Failed,1,732.84,KyanMorrison,46,Terminated,45-54,2021,April,0,4,1.5,1-3 yr
Rayan,Stephenson,25-07-2021,23-01-2023,Production Technician I,PYZ,Full-Time,Zone C,Temporary,Involuntary,Production,General - Con,06-08-1989,MA,Technician,Female,17441,Hispanic,Married,Fully Meets,3,1801,02-06-2023,3,4,3,22-06-2023,Technical Skills,External,Incomplete,1,753.69,RayanStephenson,33,Terminated,25-34,2023,January,0,3.33,1.5,1-3 yr
Gael,Jacobs,31-03-2020,,Production Technician I,WBL,Part-Time,Zone B,Temporary,Unk,Production,Field Operations,13-08-1982,MA,Driller,Female,1741,Other,Divorced,Fully Meets,3,1802,21-05-2023,4,2,5,16-07-2023,Customer Service,Internal,Failed,5,131.92,GaelJacobs,40,Active,35-44,,,0,3.67,3.14,3-5 yr
Stephany,Neal,11-11-2019,02-08-2023,Production Technician I,NEL,Full-Time,Zone C,Full-Time,Resignation,Production,General - Eng,11-05-1982,MA,Billing,Female,69859,Other,Divorced,Fully Meets,3,1803,19-01-2023,1,3,1,20-09-2022,Leadership Development,External,Passed,4,550.55,StephanyNeal,40,Terminated,35-44,2023,August,1,1.67,3.72,3-5 yr
Trevon,Deleon,05-12-2021,02-03-2022,Production Technician I,PL,Part-Time,Zone A,Temporary,Voluntary,Production,Field Operations,20-07-1957,MA,Laborer,Male,94462,Hispanic,Widowed,Fully Meets,3,1804,14-04-2023,3,3,5,22-08-2022,Customer Service,Internal,Failed,1,767.49,TrevonDeleon,65,Terminated,55+,2022,March,0,3.67,0.24,0-1 yr
Phoenix,Pitts,17-12-2018,03-09-2022,Production Technician I,BPC,Contract,Zone A,Temporary,Voluntary,Production,Aerial,03-02-1969,MA,Laborer,Male,50864,Black,Divorced,Fully Meets,3,1805,09-07-2023,3,3,1,11-02-2023,Communication Skills,Internal,Incomplete,5,222.88,PhoenixPitts,54,Terminated,45-54,2022,September,0,2.33,3.71,3-5 yr
Nola,Gillespie,06-03-2022,,Production Technician I,CCDR,Part-Time,Zone A,Full-Time,Unk,Production,General - Con,25-06-1951,MA,Laborer,Male,8972,Asian,Single,Fully Meets,3,1806,05-08-2022,1,2,5,27-07-2023,Communication Skills,Internal,Passed,3,176.2,NolaGillespie,71,Active,55+,,,1,2.67,0.42,0-1 yr
Jeramiah,Schwartz,04-09-2019,,Production Technician I,SVG,Contract,Zone C,Full-Time,Unk,Production,Yard (Material Handling),13-11-1979,MA,Lineman,Female,94163,White,Widowed,Fully Meets,3,1807,03-02-2023,1,4,4,07-03-2023,Technical Skills,External,Incomplete,5,794.61,JeramiahSchwartz,43,Active,35-44,,,0,3,3.42,3-5 yr
Aaden,Mercer,26-07-2023,,Production Technician I,EW,Part-Time,Zone A,Part-Time,Unk,Production,Splicing,25-09-1983,MA,Coordinator,Female,37289,Black,Married,Fully Meets,3,1808,25-04-2023,5,2,4,12-10-2022,Customer Service,External,Passed,1,147.08,AadenMercer,39,Active,35-44,,,1,3.67,-0.25,
Nathalia,Good,19-12-2022,19-05-2023,Production Technician I,MSC,Contract,Zone C,Part-Time,Involuntary,Production,Yard (Material Handling),24-11-1966,MA,Supervisor,Female,21417,Other,Divorced,Fully Meets,3,1809,07-04-2023,5,2,1,15-08-2022,Communication Skills,Internal,Incomplete,5,488.94,NathaliaGood,56,Terminated,55+,2023,May,0,2.67,0.41,0-1 yr
Zaria,Benton,17-08-2021,,Production Technician I,TNS,Full-Time,Zone A,Part-Time,Unk,Production,General - Con,30-11-1994,MA,Engineer,Male,22860,Black,Divorced,Fully Meets,3,1810,06-07-2023,5,1,4,22-02-2023,Project Management,External,Failed,1,603.57,ZariaBenton,28,Active,25-34,,,0,3.33,1.88,1-3 yr
Miley,Ortega,11-06-2022,,Production Technician I,PYZ,Contract,Zone A,Full-Time,Unk,Production,Technology / It,11-12-1977,MA,Project Manager,Female,50910,Black,Divorced,Fully Meets,3,1811,11-09-2022,2,5,1,25-07-2023,Customer Service,External,Incomplete,3,819.87,MileyOrtega,44,Active,35-44,,,0,2.67,0.25,0-1 yr
Julia,Farmer,01-10-2021,18-06-2023,Production Technician I,WBL,Contract,Zone A,Full-Time,Involuntary,Production,General - Con,29-04-1978,MA,Manager,Female,78363,Black,Widowed,Fully Meets,3,1812,05-12-2022,4,2,5,04-03-2023,Leadership Development,Internal,Incomplete,2,836.19,JuliaFarmer,44,Terminated,35-44,2023,June,0,3.67,1.71,1-3 yr
Valentin,Lam,04-08-2020,,Production Technician I,NEL,Contract,Zone C,Temporary,Unk,Production,Aerial,12-01-1980,MA,Lineman,Female,61521,Other,Divorced,Fully Meets,3,1813,03-06-2023,3,5,3,05-11-2022,Project Management,External,Passed,5,879.94,ValentinLam,43,Active,35-44,,,1,3.67,2.83,1-3 yr
Darnell,Ritter,11-02-2022,,Production Technician I,PL,Full-Time,Zone A,Part-Time,Unk,Production,Wireline Construction,08-03-1980,MA,Laborer,Female,43420,Black,Widowed,Fully Meets,3,1814,15-04-2023,3,3,1,04-06-2023,Customer Service,Internal,Failed,3,532.3,DarnellRitter,43,Active,35-44,,,0,2.33,1.17,1-3 yr
Kierra,Lozano,22-06-2020,,Production Technician I,BPC,Contract,Zone A,Part-Time,Unk,Production,Project Management - Con,13-05-1961,MA,Manager,Female,44224,Asian,Married,Fully Meets,3,1815,23-10-2022,1,4,5,03-10-2022,Leadership Development,External,Incomplete,5,758.21,KierraLozano,61,Active,55+,,,0,3.33,2.34,1-3 yr
Jamari,Dunn,28-08-2020,,Production Technician II,NEL,Contract,Zone A,Temporary,Unk,Production,General - Con,10-05-1951,MA,Supervisor,Female,83618,Other,Single,Fully Meets,3,1816,03-04-2023,4,3,1,05-06-2023,Communication Skills,Internal,Incomplete,2,253.51,JamariDunn,71,Active,55+,,,0,2.67,2.6,1-3 yr
Zoey,Page,06-05-2019,09-04-2022,Production Technician II,PL,Contract,Zone A,Temporary,Resignation,Production,Aerial,07-01-1987,MA,Lineman,Female,41874,Other,Divorced,Fully Meets,3,1817,28-02-2023,3,1,5,20-08-2022,Leadership Development,Internal,Completed,3,375.86,ZoeyPage,36,Terminated,35-44,2022,April,1,3,2.93,1-3 yr
Kendra,Velez,08-07-2021,,Production Technician II,BPC,Contract,Zone C,Part-Time,Unk,Production,Yard (Material Handling),07-01-1956,MA,Laborer,Male,32718,Hispanic,Widowed,Fully Meets,3,1818,25-06-2023,3,1,3,20-03-2023,Leadership Development,External,Incomplete,5,909.47,KendraVelez,67,Active,55+,,,0,2.33,1.96,1-3 yr
Alison,Fuller,02-07-2022,,Production Technician I,WBL,Full-Time,Zone B,Temporary,Unk,Production,General - Con,24-10-1948,MA,Technician,Female,24932,Black,Single,Fully Meets,3,1819,11-12-2022,3,1,1,19-10-2022,Customer Service,Internal,Passed,3,649.51,AlisonFuller,74,Active,55+,,,1,1.67,0.44,0-1 yr
Toby,Cooley,04-05-2023,,Production Technician I,PYZ,Full-Time,Zone C,Part-Time,Unk,Production,Shop (Fleet),01-02-1980,MA,Shop,Female,74525,Black,Divorced,Fully Meets,3,1820,23-03-2023,5,4,3,30-06-2023,Customer Service,Internal,Failed,1,742.26,TobyCooley,43,Active,35-44,,,0,4,-0.11,
Emilie,Hood,19-12-2022,,Production Technician I,WBL,Full-Time,Zone B,Full-Time,Unk,Production,General - Sga,19-07-1980,MA,Accountant,Female,43930,Hispanic,Widowed,Fully Meets,3,1821,03-11-2022,1,2,1,12-10-2022,Communication Skills,Internal,Passed,4,713.84,EmilieHood,42,Active,35-44,,,1,1.33,-0.13,
Cortez,Pena,26-03-2022,,Production Technician I,NEL,Contract,Zone C,Part-Time,Unk,Production,Wireline Construction,24-12-1950,MA,Groundman,Female,5184,Black,Widowed,Fully Meets,3,1822,27-08-2022,5,2,2,29-07-2023,Project Management,External,Incomplete,1,999.06,CortezPena,71,Active,55+,,,0,3,0.42,0-1 yr
Abbigail,Blanchard,09-05-2021,12-11-2022,Production Technician I,PL,Contract,Zone A,Full-Time,Voluntary,Production,Finance & Accounting,25-11-1960,MA,Assistant,Male,68971,Black,Widowed,Fully Meets,3,1823,12-05-2023,4,4,3,10-07-2023,Leadership Development,Internal,Completed,4,977.99,AbbigailBlanchard,62,Terminated,55+,2022,November,1,3.67,1.51,1-3 yr
Abby,Curtis,09-01-2020,10-03-2022,Production Technician I,BPC,Contract,Zone B,Temporary,Voluntary,Production,Yard (Material Handling),02-03-1960,MA,Vp,Male,69340,Other,Married,Fully Meets,3,1824,15-03-2023,3,1,1,16-09-2022,Leadership Development,External,Completed,5,136.33,AbbyCurtis,63,Terminated,55+,2022,March,1,1.67,2.17,1-3 yr
Giana,Moore,16-05-2021,14-05-2023,Production Technician I,CCDR,Contract,Zone A,Part-Time,Voluntary,Production,Splicing,05-12-1996,MA,Laborer,Male,45326,White,Married,Fully Meets,3,1825,27-10-2022,1,3,3,05-08-2022,Technical Skills,External,Completed,4,946.67,GianaMoore,25,Terminated,25-34,2023,May,1,2.33,1.99,1-3 yr
Giada,Santos,31-01-2021,03-06-2022,Production Technician I,SVG,Part-Time,Zone B,Temporary,Resignation,Production,Aerial,17-11-1941,MA,Foreman,Female,57901,Other,Widowed,Exceeds,3,1826,28-09-2022,3,2,5,24-07-2023,Technical Skills,External,Passed,4,485.39,GiadaSantos,80,Terminated,55+,2022,June,1,3.33,1.34,1-3 yr
Jessie,Church,19-09-2021,14-09-2022,Production Technician I,EW,Contract,Zone C,Full-Time,Involuntary,Production,Field Operations,21-05-1982,MA,Operator,Female,18674,Other,Widowed,Needs Improvement,3,1827,25-09-2022,1,3,5,28-04-2023,Communication Skills,External,Incomplete,5,962.02,JessieChurch,40,Terminated,35-44,2022,September,0,3,0.99,0-1 yr
Kaylah,Ramos,01-03-2020,26-03-2022,Production Technician I,MSC,Part-Time,Zone B,Temporary,Resignation,Production,Wireline Construction,09-04-1983,MA,Foreman,Male,64947,Black,Divorced,Exceeds,3,1828,27-11-2022,3,3,2,29-05-2023,Technical Skills,External,Failed,1,620.24,KaylahRamos,39,Terminated,35-44,2022,March,0,2.67,2.07,1-3 yr
Camille,Fritz,29-02-2020,,Production Technician I,TNS,Part-Time,Zone B,Temporary,Unk,Production,Engineers,13-08-1987,MA,Project Manager,Male,37531,White,Married,Exceeds,3,1829,19-08-2022,2,1,2,21-04-2023,Customer Service,External,Completed,4,333.8,CamilleFritz,35,Active,35-44,,,1,1.67,2.47,1-3 yr
Deangelo,Murillo,08-12-2018,,Production Technician I,PYZ,Full-Time,Zone A,Temporary,Unk,Production,Finance & Accounting,26-11-1960,MA,Administrative,Female,78846,Black,Married,Needs Improvement,3,1830,12-07-2023,1,4,1,29-03-2023,Leadership Development,External,Passed,3,764.21,DeangeloMurillo,62,Active,55+,,,1,2,4.59,3-5 yr
Emerson,Gallagher,26-06-2022,15-06-2023,Production Technician I,WBL,Part-Time,Zone B,Temporary,Retirement,Production,Isp,14-10-1970,MA,Technician,Female,40762,Asian,Widowed,Needs Improvement,3,1831,25-03-2023,2,2,2,11-12-2022,Project Management,Internal,Failed,3,756.42,EmersonGallagher,52,Terminated,45-54,2023,June,0,2,0.97,0-1 yr
April,Bentley,03-11-2019,,Production Technician I,NEL,Contract,Zone A,Part-Time,Unk,Production,Engineers,01-06-1956,MA,Engineer,Female,70743,White,Married,Needs Improvement,3,1832,06-08-2022,1,2,4,30-07-2023,Customer Service,Internal,Failed,2,716.62,AprilBentley,66,Active,55+,,,0,2.33,2.76,1-3 yr
Ainsley,Booth,01-01-2023,,Production Technician I,PL,Part-Time,Zone B,Full-Time,Unk,Production,Field Operations,31-12-1983,MA,Technician,Female,3284,White,Married,Needs Improvement,3,1833,23-01-2023,4,3,2,26-03-2023,Technical Skills,Internal,Failed,2,712.9,AinsleyBooth,39,Active,35-44,,,0,3,0.06,0-1 yr
Dereon,Huffman,31-07-2020,05-04-2021,Production Technician II,CCDR,Contract,Zone C,Full-Time,Resignation,Production,Project Management - Con,13-09-1978,MA,Coordinator,Female,80929,White,Divorced,Needs Improvement,3,1834,08-12-2022,4,5,1,11-03-2023,Technical Skills,Internal,Incomplete,1,845.82,DereonHuffman,44,Terminated,35-44,2021,April,0,3.33,0.68,0-1 yr
Colin,Cherry,10-09-2021,19-07-2022,Production Technician II,EW,Part-Time,Zone B,Temporary,Resignation,Production,Field Operations,25-11-1982,MA,Laborer,Female,5480,Asian,Single,Needs Improvement,3,1835,11-04-2023,5,2,2,01-03-2023,Communication Skills,Internal,Passed,4,727.9,ColinCherry,40,Terminated,35-44,2022,July,1,3,0.85,0-1 yr
Karla,Hines,19-06-2019,,Production Technician II,MSC,Part-Time,Zone B,Temporary,Unk,Production,Field Operations,14-01-1971,MA,Laborer,Male,35394,Hispanic,Divorced,Needs Improvement,3,1836,06-10-2022,1,4,3,21-07-2023,Project Management,Internal,Incomplete,1,760.41,KarlaHines,51,Active,45-54,,,0,2.67,3.3,3-5 yr
Colton,Decker,16-08-2021,,Production Technician II,NEL,Part-Time,Zone B,Full-Time,Unk,Production,Project Management - Con,17-06-1975,MA,Technician,Female,5981,Asian,Divorced,Needs Improvement,3,1837,01-01-2023,1,3,3,25-07-2023,Project Management,Internal,Incomplete,5,567.74,ColtonDecker,47,Active,45-54,,,0,2.33,1.38,1-3 yr
Jayleen,Tran,08-07-2019,,Production Technician I,TNS,Part-Time,Zone A,Temporary,Unk,Production,Aerial,16-09-1958,MA,Laborer,Female,4188,White,Widowed,Exceeds,3,1838,01-07-2023,2,1,1,14-01-2023,Communication Skills,External,Incomplete,5,582.7,JayleenTran,64,Active,55+,,,0,1.33,3.98,3-5 yr
Aydin,Perry,17-08-2021,31-08-2022,Production Technician I,PYZ,Full-Time,Zone A,Part-Time,Voluntary,Production,People Services,29-03-1968,MA,Assistant,Female,74361,Other,Single,Exceeds,3,1839,28-04-2023,3,3,3,16-08-2022,Leadership Development,External,Incomplete,2,645.16,AydinPerry,55,Terminated,55+,2022,August,0,3,1.04,1-3 yr
Jenna,Casey,08-01-2021,,Production Technician I,WBL,Full-Time,Zone B,Part-Time,Unk,Production,General - Eng,07-08-1969,MA,Drafter,Female,56925,Hispanic,Single,Exceeds,3,1840,24-08-2022,5,1,4,07-03-2023,Project Management,External,Passed,5,310.44,JennaCasey,53,Active,45-54,,,1,3.33,1.62,1-3 yr
Remington,Bullock,14-08-2018,,Production Technician I,NEL,Contract,Zone B,Part-Time,Unk,Production,Field Operations,19-10-1958,MA,Operator,Female,62148,Hispanic,Widowed,Exceeds,3,1841,30-03-2023,3,5,3,13-08-2022,Communication Skills,External,Failed,4,683.42,RemingtonBullock,64,Active,55+,,,0,3.67,4.62,3-5 yr
Delaney,Stewart,30-07-2021,,Production Technician I,PL,Part-Time,Zone B,Temporary,Unk,Production,General - Con,10-05-1998,MA,Coordinator,Male,20467,Asian,Divorced,Exceeds,3,1842,07-12-2022,1,4,4,19-07-2023,Communication Skills,Internal,Completed,3,129.49,DelaneyStewart,24,Active,<25,,,1,3,1.36,1-3 yr
Saige,Jones,08-04-2023,,Production Technician I,BPC,Full-Time,Zone C,Temporary,Unk,Production,Engineers,12-01-1963,MA,Engineer,Male,43130,Hispanic,Married,Needs Improvement,3,1843,31-07-2023,1,5,4,11-11-2022,Project Management,External,Incomplete,5,349.46,SaigeJones,60,Active,55+,,,0,3.33,0.31,0-1 yr
Camryn,Fritz,11-09-2019,,Production Technician I,CCDR,Part-Time,Zone A,Part-Time,Unk,Production,General - Con,23-11-1964,MA,Model Assistant,Female,52114,Other,Single,Exceeds,3,1844,20-12-2022,2,1,4,19-08-2022,Project Management,Internal,Failed,5,668.2,CamrynFritz,58,Active,55+,,,0,2.33,3.27,3-5 yr
Amanda,Lambert,05-03-2020,22-08-2021,Production Technician I,SVG,Part-Time,Zone A,Temporary,Voluntary,Production,Aerial,23-12-1941,MA,Laborer,Female,78947,Black,Single,Needs Improvement,3,1845,18-06-2023,1,2,5,31-12-2022,Customer Service,External,Passed,5,409.99,AmandaLambert,81,Terminated,55+,2021,August,1,2.67,1.46,1-3 yr
Winston,Callahan,02-12-2019,,Production Technician I,EW,Full-Time,Zone C,Temporary,Unk,Production,Aerial,24-11-1946,MA,Foreman,Male,85558,Black,Single,Needs Improvement,3,1846,21-06-2023,5,4,1,25-04-2023,Communication Skills,Internal,Passed,4,964.4,WinstonCallahan,76,Active,55+,,,1,3.33,3.55,3-5 yr
Maverick,Lang,03-12-2022,24-12-2022,Production Technician I,MSC,Full-Time,Zone C,Part-Time,Resignation,Production,Project Management - Con,16-10-2000,MA,Project Manager,Male,16653,Other,Divorced,Needs Improvement,3,1847,23-11-2022,5,2,3,14-02-2023,Leadership Development,External,Completed,1,777.95,MaverickLang,22,Terminated,<25,2022,December,1,3.33,0.06,0-1 yr
Harold,Reid,23-12-2021,,Production Technician I,TNS,Contract,Zone C,Part-Time,Unk,Production,Engineers,17-10-2000,MA,Engineer,Male,40621,Black,Divorced,PIP,3,1848,10-04-2023,2,4,5,15-02-2023,Communication Skills,Internal,Completed,5,816.07,HaroldReid,22,Active,<25,,,1,3.67,1.3,1-3 yr
Cindy,York,28-01-2022,,Production Technician I,PYZ,Part-Time,Zone B,Full-Time,Unk,Production,Project Management - Con,28-05-1960,MA,Project Manager,Female,31815,Hispanic,Divorced,PIP,3,1849,20-09-2022,2,4,4,04-06-2023,Leadership Development,External,Passed,4,332.12,CindyYork,62,Active,55+,,,1,3.33,0.64,0-1 yr
Breanna,Cardenas,15-12-2019,25-06-2021,Production Technician I,WBL,Contract,Zone A,Full-Time,Voluntary,Production,Aerial,23-10-1996,MA,Lineman,Female,78073,White,Married,PIP,3,1850,09-05-2023,3,1,2,02-05-2023,Communication Skills,Internal,Completed,1,950.45,BreannaCardenas,26,Terminated,25-34,2021,June,1,2,1.53,1-3 yr
Tripp,Blake,11-11-2021,01-08-2022,Production Technician I,NEL,Full-Time,Zone B,Temporary,Retirement,Production,General - Con,29-10-1967,MA,Laborer,Female,57276,Hispanic,Single,PIP,3,1851,01-03-2023,1,1,4,04-09-2022,Communication Skills,External,Passed,4,997.13,TrippBlake,55,Terminated,55+,2022,August,1,2,0.72,0-1 yr
Elaine,Moon,15-02-2019,28-07-2023,Production Technician I,PL,Full-Time,Zone A,Part-Time,Voluntary,Production,General - Con,18-10-1981,MA,Technician,Female,47682,Black,Single,PIP,3,1852,02-05-2023,3,4,1,16-10-2022,Customer Service,Internal,Completed,1,917.56,ElaineMoon,41,Terminated,35-44,2023,July,1,2.67,4.45,3-5 yr
Jaime,Morrow,31-03-2022,,Production Technician II,PYZ,Contract,Zone B,Temporary,Unk,Production,Wireline Construction,24-12-1957,MA,Lineman,Female,26452,Other,Divorced,PIP,3,1853,27-08-2022,4,3,5,10-08-2022,Project Management,External,Failed,4,220.2,JaimeMorrow,64,Active,55+,,,0,4,0.41,0-1 yr
Leslie,Potts,25-10-2020,18-04-2022,Production Technician II,WBL,Contract,Zone A,Full-Time,Involuntary,Production,Shop (Fleet),29-08-1962,MA,Mechanic,Female,68252,Asian,Married,PIP,3,1854,29-07-2023,1,2,5,18-05-2023,Technical Skills,External,Failed,1,837.64,LesliePotts,60,Terminated,55+,2022,April,0,2.67,1.48,1-3 yr
Keith,Haas,25-07-2022,26-04-2023,Production Technician II,NEL,Part-Time,Zone B,Part-Time,Retirement,Production,General - Con,19-05-1947,MA,Locator,Male,42024,Other,Married,Exceeds,3,1855,31-01-2023,3,3,3,30-08-2022,Technical Skills,External,Incomplete,2,648.72,KeithHaas,75,Terminated,55+,2023,April,0,3,0.75,0-1 yr
Matteo,Oneal,02-08-2021,,Production Technician II,PL,Full-Time,Zone A,Full-Time,Unk,Production,Field Operations,19-09-1972,MA,Technician,Female,45723,Black,Widowed,Exceeds,3,1856,14-03-2023,2,3,3,04-07-2023,Leadership Development,External,Failed,4,687.77,MatteoOneal,50,Active,45-54,,,0,2.67,1.61,1-3 yr
Erik,Graham,13-11-2021,17-03-2023,Production Technician II,BPC,Contract,Zone C,Temporary,Involuntary,Production,Billable Consultants,04-06-1956,MA,Engineer,Male,93336,Other,Divorced,Exceeds,3,1857,21-08-2022,1,4,1,14-06-2023,Project Management,External,Incomplete,5,278.62,ErikGraham,66,Terminated,55+,2023,March,0,2,1.34,1-3 yr
Lailah,Haney,07-05-2019,27-11-2019,Production Technician I,TNS,Contract,Zone A,Full-Time,Resignation,Production,Wireline Construction,20-02-1988,MA,Lineman,Female,16981,Asian,Widowed,Exceeds,3,1858,26-10-2022,2,4,1,16-12-2022,Technical Skills,External,Failed,5,568.57,LailahHaney,34,Terminated,25-34,2019,November,0,2.33,0.56,0-1 yr
Mohamed,Gay,31-12-2020,04-03-2021,Production Technician I,PYZ,Contract,Zone A,Part-Time,Voluntary,Production,Field Operations,14-12-1982,MA,Field Technician,Female,66623,Hispanic,Married,Exceeds,3,1859,17-02-2023,4,2,5,07-10-2022,Technical Skills,Internal,Completed,4,764.64,MohamedGay,40,Terminated,35-44,2021,March,1,3.67,0.17,0-1 yr
Frankie,Banks,10-12-2019,07-03-2020,Production Technician I,WBL,Part-Time,Zone B,Full-Time,Involuntary,Production,Project Management - Con,09-06-2000,MA,Coordinator,Female,34484,Asian,Divorced,Exceeds,3,1860,21-03-2023,1,4,3,20-08-2022,Project Management,External,Passed,3,551.45,FrankieBanks,22,Terminated,<25,2020,March,1,2.67,0.24,0-1 yr
Lorelei,Glass,11-06-2020,,Production Technician I,NEL,Contract,Zone A,Full-Time,Unk,Production,Wireline Construction,11-11-1951,MA,Apprentice,Male,97856,Black,Widowed,Exceeds,3,1861,22-09-2022,1,2,4,18-06-2023,Customer Service,Internal,Completed,2,849.52,LoreleiGlass,70,Active,55+,,,1,2.33,2.28,1-3 yr
Marie,Moyer,30-08-2021,,Production Technician I,PL,Full-Time,Zone C,Temporary,Unk,Production,Aerial,25-03-1985,MA,Laborer,Male,25103,Other,Single,Exceeds,3,1862,11-03-2023,5,4,4,21-12-2022,Communication Skills,Internal,Incomplete,1,180.61,MarieMoyer,37,Active,35-44,,,0,4.33,1.53,1-3 yr
Amari,Bowen,04-11-2019,29-12-2021,Production Technician I,BPC,Part-Time,Zone C,Full-Time,Involuntary,Production,Engineers,18-09-1987,MA,Engineer,Female,87036,Other,Single,Exceeds,3,1863,04-07-2023,5,2,2,21-06-2023,Communication Skills,Internal,Passed,3,559.52,AmariBowen,35,Terminated,35-44,2021,December,1,3,2.15,1-3 yr
Prince,Dickerson,03-06-2023,18-07-2023,Production Technician I,CCDR,Full-Time,Zone A,Temporary,Resignation,Production,Field Operations,26-05-1972,MA,Splicer,Female,51953,Hispanic,Married,Exceeds,3,1864,10-12-2022,3,2,1,06-08-2022,Project Management,Internal,Completed,4,850.57,PrinceDickerson,50,Terminated,45-54,2023,July,1,2,0.12,0-1 yr
Lane,Church,14-02-2021,,Production Technician I,SVG,Part-Time,Zone C,Part-Time,Unk,Production,Field Operations,24-05-1969,MA,Lineman,Female,67354,Asian,Single,Exceeds,3,1865,12-01-2023,1,3,4,13-11-2022,Project Management,Internal,Completed,3,802.75,LaneChurch,53,Active,45-54,,,1,2.67,1.91,1-3 yr
Cassie,Nolan,28-02-2023,,Production Technician I,EW,Contract,Zone A,Temporary,Unk,Production,Field Operations,22-05-1980,MA,Operator,Male,81653,Asian,Divorced,Exceeds,3,1866,12-10-2022,3,5,2,22-04-2023,Customer Service,External,Completed,3,587.63,CassieNolan,42,Active,35-44,,,1,3.33,-0.38,
Mauricio,Buchanan,09-01-2021,17-08-2021,Production Technician I,MSC,Full-Time,Zone B,Temporary,Involuntary,Production,Engineers,01-11-1942,MA,Technician,Male,25698,Asian,Divorced,Needs Improvement,3,1867,08-05-2023,1,5,2,04-05-2023,Project Management,External,Passed,3,114.45,MauricioBuchanan,80,Terminated,55+,2021,August,1,2.67,0.6,0-1 yr
Briana,Wang,22-03-2022,15-05-2023,Production Technician I,TNS,Part-Time,Zone A,Full-Time,Resignation,Production,Field Operations,28-11-2000,MA,Laborer,Male,6756,Black,Single,Needs Improvement,3,1868,26-02-2023,5,3,3,27-03-2023,Leadership Development,Internal,Completed,4,599.79,BrianaWang,22,Terminated,<25,2023,May,1,3.67,1.15,1-3 yr
Salma,Blackwell,11-11-2019,,Production Technician I,PYZ,Part-Time,Zone C,Temporary,Unk,Production,Catv,25-01-1982,MA,Foreman,Female,70511,Asian,Married,Exceeds,3,1869,31-08-2022,1,2,3,23-12-2022,Customer Service,Internal,Failed,3,280.46,SalmaBlackwell,40,Active,35-44,,,0,2,2.8,1-3 yr
Shelby,Frazier,04-10-2022,,Production Technician I,WBL,Contract,Zone B,Full-Time,Unk,Production,Engineers,31-03-1992,MA,Engineer,Female,73361,Hispanic,Married,Fully Meets,3,1870,13-09-2022,2,5,3,25-12-2022,Communication Skills,External,Incomplete,3,969.98,ShelbyFrazier,30,Active,25-34,,,0,3.33,-0.06,
Lindsay,Becker,23-08-2021,,Production Technician I,NEL,Contract,Zone C,Full-Time,Unk,Production,Wireline Construction,09-08-1996,MA,Laborer,Female,51310,White,Widowed,Fully Meets,3,1871,12-12-2022,1,4,3,03-07-2023,Customer Service,Internal,Failed,4,643.07,LindsayBecker,26,Active,25-34,,,0,2.67,1.3,1-3 yr
Reyna,Good,05-12-2022,18-06-2023,Production Technician I,PL,Full-Time,Zone B,Temporary,Retirement,Production,Field Operations,21-12-1972,MA,Laborer,Female,64371,Hispanic,Married,Fully Meets,3,1872,17-04-2023,1,2,5,04-07-2023,Leadership Development,Internal,Incomplete,4,299.55,ReynaGood,50,Terminated,45-54,2023,June,0,2.67,0.53,0-1 yr
Nathalie,Rivera,20-07-2019,28-08-2019,Production Technician II,BPC,Contract,Zone C,Temporary,Involuntary,Production,Engineers,23-01-1960,MA,Technician,Female,76588,Black,Married,Fully Meets,3,1873,14-08-2022,5,2,3,02-03-2023,Technical Skills,External,Incomplete,3,373.67,NathalieRivera,62,Terminated,55+,2019,August,0,3.33,0.11,0-1 yr
Saniyah,Schroeder,05-11-2021,,Production Technician II,CCDR,Full-Time,Zone B,Part-Time,Unk,Production,Technology / It,08-12-1960,MA,Technician,Male,35018,Asian,Widowed,Fully Meets,3,1874,04-05-2023,2,4,4,25-12-2022,Leadership Development,Internal,Passed,1,902.01,SaniyahSchroeder,62,Active,55+,,,1,3.33,1.49,1-3 yr
Taylor,Mann,04-01-2021,04-03-2023,Production Technician II,EW,Full-Time,Zone C,Full-Time,Involuntary,Production,General - Con,01-08-1953,MA,Foreman,Male,24806,Other,Single,Fully Meets,3,1875,05-08-2023,3,1,4,19-03-2023,Project Management,Internal,Failed,1,105.61,TaylorMann,70,Terminated,55+,2023,March,0,2.67,2.16,1-3 yr
Rylee,Stevenson,14-10-2022,02-03-2023,Production Technician II,MSC,Full-Time,Zone A,Part-Time,Resignation,Production,Field Operations,21-10-1943,MA,Operator,Female,40691,Hispanic,Single,Fully Meets,3,1876,09-01-2023,4,2,1,14-03-2023,Leadership Development,Internal,Completed,5,445.28,RyleeStevenson,79,Terminated,55+,2023,March,1,2.33,0.38,0-1 yr
Waylon,Pennington,30-10-2021,,Production Technician II,NEL,Part-Time,Zone A,Full-Time,Unk,Production,General - Con,17-05-1961,MA,Foreman,Male,5750,Asian,Married,Fully Meets,3,1877,08-09-2022,2,3,2,01-05-2023,Technical Skills,External,Passed,1,845.17,WaylonPennington,61,Active,55+,,,1,2.33,0.86,0-1 yr
Kobe,Crosby,02-10-2022,28-06-2023,Production Technician I,WBL,Part-Time,Zone B,Part-Time,Voluntary,Production,Splicing,17-06-2001,MA,Manager,Female,78562,White,Single,Fully Meets,3,1878,13-01-2023,5,3,3,25-05-2023,Technical Skills,External,Passed,5,932.44,KobeCrosby,21,Terminated,<25,2023,June,1,3.67,0.74,0-1 yr
Carmen,Davidson,25-11-2018,14-06-2020,Production Technician I,BPC,Part-Time,Zone B,Temporary,Involuntary,Production,Engineers,30-10-1965,MA,Engineer,Female,56517,Black,Single,Fully Meets,3,1879,05-08-2023,2,3,4,29-04-2023,Leadership Development,Internal,Passed,2,227.51,CarmenDavidson,57,Terminated,55+,2020,June,1,3,1.55,1-3 yr
Sidney,Moran,09-07-2021,28-01-2023,Production Technician I,CCDR,Full-Time,Zone A,Full-Time,Voluntary,Production,Project Management - Con,07-01-1966,MA,Foreman,Female,10781,Black,Widowed,Fully Meets,3,1880,13-04-2023,5,1,2,10-08-2022,Customer Service,Internal,Incomplete,5,785.05,SidneyMoran,57,Terminated,55+,2023,January,0,2.67,1.56,1-3 yr
Alena,Bonilla,01-05-2019,,Production Technician I,EW,Full-Time,Zone B,Part-Time,Unk,Production,Field Operations,14-10-2000,MA,Technician,Male,54917,Asian,Single,Fully Meets,3,1881,18-09-2022,3,5,3,30-06-2023,Communication Skills,External,Passed,4,584.92,AlenaBonilla,21,Active,<25,,,1,3.67,3.38,3-5 yr
Baron,Luna,09-11-2021,13-01-2023,Production Technician I,MSC,Full-Time,Zone A,Part-Time,Retirement,Production,Fielders,06-02-1945,MA,Engineer,Female,91039,Asian,Divorced,Fully Meets,3,1882,07-07-2023,1,4,2,11-04-2023,Leadership Development,Internal,Incomplete,5,206.16,BaronLuna,78,Terminated,55+,2023,January,0,2.33,1.18,1-3 yr
Giselle,Butler,27-08-2018,23-03-2019,Production Technician I,NEL,Full-Time,Zone B,Temporary,Voluntary,Production,Project Management - Con,03-07-1967,MA,Project Manager,Female,26876,Black,Single,Fully Meets,3,1883,09-10-2022,3,4,2,19-05-2023,Customer Service,Internal,Failed,1,483.43,GiselleButler,55,Terminated,55+,2019,March,0,3,0.57,0-1 yr
Sophie,Horne,16-03-2019,,Production Technician I,PL,Part-Time,Zone C,Part-Time,Unk,Production,General - Eng,24-07-2000,MA,Engineer,Female,57831,Other,Married,Fully Meets,3,1884,14-04-2023,1,3,3,09-09-2022,Project Management,External,Incomplete,2,889.87,SophieHorne,22,Active,<25,,,0,2.33,4.08,3-5 yr
Jabari,Guerrero,07-01-2022,,Production Technician I,PYZ,Contract,Zone B,Full-Time,Unk,Production,General - Con,23-05-1984,MA,Technician,Male,67723,Other,Married,Fully Meets,3,1885,14-09-2022,1,2,4,15-02-2023,Customer Service,Internal,Incomplete,3,503.04,JabariGuerrero,38,Active,35-44,,,0,2.33,0.68,0-1 yr
Ahmed,Montgomery,04-10-2022,05-03-2023,Production Technician I,SVG,Contract,Zone A,Temporary,Involuntary,Production,Executive,06-12-1984,MA,Administrator,Male,79888,White,Single,Fully Meets,3,1886,18-01-2023,3,2,5,10-06-2023,Customer Service,External,Completed,1,349.8,AhmedMontgomery,38,Terminated,35-44,2023,March,1,3.33,0.42,0-1 yr
Esther,Spears,23-03-2022,,Production Technician I,TNS,Full-Time,Zone C,Full-Time,Unk,Production,Field Operations,13-09-1997,MA,Tower Hand,Male,78957,White,Divorced,Fully Meets,3,1887,07-05-2023,2,3,3,23-12-2022,Customer Service,External,Passed,4,547.76,EstherSpears,25,Active,25-34,,,1,2.67,1.12,1-3 yr
Darian,Wall,05-05-2020,25-07-2023,Production Technician I,WBL,Full-Time,Zone B,Temporary,Voluntary,Production,Engineers,26-12-1947,MA,Engineer,Female,36015,White,Married,Fully Meets,3,1888,23-07-2023,1,5,1,23-12-2022,Technical Skills,External,Completed,2,961.68,DarianWall,75,Terminated,55+,2023,July,1,2.33,3.22,3-5 yr
Kaleb,Cole,23-11-2020,,Production Technician I,PYZ,Contract,Zone B,Temporary,Unk,Production,General - Con,14-02-1957,MA,Laborer,Female,19032,Other,Divorced,Fully Meets,3,1889,06-10-2022,5,4,4,09-02-2023,Leadership Development,Internal,Incomplete,1,993.76,KalebCole,65,Active,55+,,,0,4.33,1.87,1-3 yr
Anthony,Terrell,28-03-2022,,Production Technician I,WBL,Contract,Zone B,Full-Time,Unk,Production,Splicing,24-05-1968,MA,Laborer,Female,55466,White,Widowed,Fully Meets,3,1890,12-05-2023,1,3,2,25-10-2022,Communication Skills,Internal,Failed,2,998.32,AnthonyTerrell,55,Active,55+,,,0,2,1.12,1-3 yr
William,Douglas,25-03-2020,,Production Technician I,NEL,Full-Time,Zone C,Full-Time,Unk,Production,Aerial,24-06-1946,MA,Labor,Female,6790,Hispanic,Married,Fully Meets,3,1891,22-12-2022,2,5,2,13-07-2023,Leadership Development,External,Incomplete,1,961.55,WilliamDouglas,76,Active,55+,,,0,3,2.74,1-3 yr
Saniya,Buck,07-08-2018,,Production Technician II,TNS,Contract,Zone A,Temporary,Unk,Production,Aerial,30-05-1986,MA,Technician,Female,91219,Asian,Single,Fully Meets,3,1892,11-01-2023,3,3,3,09-02-2023,Technical Skills,External,Incomplete,3,192.73,SaniyaBuck,36,Active,35-44,,,0,3,4.43,3-5 yr
Kristopher,Owen,11-02-2020,,Production Technician II,BPC,Contract,Zone A,Full-Time,Unk,Production,General - Con,28-01-1976,MA,Clerk,Male,84422,White,Divorced,Fully Meets,3,1893,08-06-2023,2,3,4,28-09-2022,Leadership Development,Internal,Completed,1,604.53,KristopherOwen,47,Active,45-54,,,1,3,3.32,3-5 yr
Hadley,Tapia,01-01-2023,,Production Technician II,CCDR,Full-Time,Zone A,Full-Time,Unk,Production,Field Operations,23-05-1959,MA,Laborer,Male,12371,Other,Single,Fully Meets,3,1894,01-06-2023,3,1,5,29-05-2023,Technical Skills,External,Failed,2,144.39,HadleyTapia,64,Active,55+,,,0,3,0.41,0-1 yr
Lillie,Bush,07-12-2022,,Production Technician II,EW,Part-Time,Zone A,Part-Time,Unk,Production,Wireline Construction,25-01-1989,MA,Lineman,Female,23076,White,Married,Fully Meets,3,1895,18-10-2022,4,5,2,12-09-2022,Technical Skills,External,Completed,5,517.92,LillieBush,33,Active,25-34,,,1,3.67,-0.14,
Lamont,Cook,13-03-2023,,Production Technician II,MSC,Full-Time,Zone A,Part-Time,Unk,Production,Engineers,18-11-1951,MA,Engineer,Female,80925,Hispanic,Married,Fully Meets,3,1896,17-01-2023,1,1,3,22-02-2023,Customer Service,External,Completed,4,537.71,LamontCook,71,Active,55+,,,1,1.67,-0.15,
Danna,Rollins,14-11-2021,,Production Technician II,NEL,Full-Time,Zone C,Temporary,Unk,Production,Field Operations,20-07-1948,MA,Laborer,Male,38371,Asian,Divorced,Fully Meets,3,1897,05-09-2022,2,4,5,16-03-2023,Communication Skills,External,Completed,2,491.71,DannaRollins,74,Active,55+,,,1,3.67,0.81,0-1 yr
Shaun,Velazquez,05-06-2019,20-10-2020,Production Technician I,MSC,Full-Time,Zone C,Temporary,Voluntary,Production,Field Operations,14-01-1997,MA,Laborer,Female,5154,White,Single,Fully Meets,3,1898,18-07-2023,4,5,5,10-07-2023,Project Management,Internal,Completed,3,673.38,ShaunVelazquez,26,Terminated,25-34,2020,October,1,4.67,1.38,1-3 yr
Kolton,Duarte,12-12-2020,28-05-2023,Production Technician I,TNS,Contract,Zone C,Full-Time,Retirement,Production,Field Operations,06-09-1982,MA,Laborer,Female,57914,Asian,Married,Fully Meets,3,1899,28-06-2023,2,4,5,29-01-2023,Leadership Development,Internal,Incomplete,2,724.87,KoltonDuarte,40,Terminated,35-44,2023,May,0,3.67,2.46,1-3 yr
Jonas,Braun,06-04-2020,,Production Technician I,PYZ,Full-Time,Zone B,Full-Time,Unk,Production,General - Con,22-03-1960,MA,Clerk,Female,46828,Hispanic,Widowed,Fully Meets,3,1900,02-07-2023,2,2,5,27-04-2023,Communication Skills,Internal,Passed,4,140.83,JonasBraun,63,Active,55+,,,1,3,3.24,3-5 yr
Meadow,Howe,30-01-2023,,Production Technician I,WBL,Full-Time,Zone B,Full-Time,Unk,Production,Engineers,09-08-1959,MA,Engineer,Female,51699,White,Divorced,Fully Meets,3,1901,22-06-2023,4,1,5,22-09-2022,Project Management,External,Passed,1,113.47,MeadowHowe,63,Active,55+,,,1,3.33,0.39,0-1 yr
Sarahi,Raymond,08-09-2020,19-09-2022,Production Technician I,NEL,Full-Time,Zone A,Temporary,Retirement,Production,Engineers,11-02-1952,MA,Project Manager,Male,86441,Other,Divorced,Fully Meets,3,1902,27-07-2023,2,5,3,24-02-2023,Customer Service,External,Incomplete,1,604.93,SarahiRaymond,71,Terminated,55+,2022,September,0,3.33,2.03,1-3 yr
Taylor,Wiggins,14-12-2020,07-12-2021,Production Technician I,PL,Part-Time,Zone C,Part-Time,Resignation,Production,Field Operations,11-04-1960,MA,Foreman,Female,39875,Black,Divorced,Fully Meets,3,1903,17-12-2022,5,5,2,27-05-2023,Project Management,External,Completed,4,699.97,TaylorWiggins,62,Terminated,55+,2021,December,1,4,0.98,0-1 yr
Ezra,Zhang,07-11-2022,,Production Technician I,BPC,Contract,Zone C,Part-Time,Unk,Production,General - Con,11-10-1982,MA,Laborer,Female,73332,Asian,Widowed,Fully Meets,3,1904,09-12-2022,5,1,4,20-10-2022,Leadership Development,Internal,Failed,1,576.1,EzraZhang,40,Active,35-44,,,0,3.33,0.09,0-1 yr
Sonia,Chung,06-04-2022,,Production Technician I,CCDR,Part-Time,Zone B,Temporary,Unk,Production,Wireline Construction,10-03-1972,MA,Vp,Female,85085,Asian,Married,Fully Meets,3,1905,15-04-2023,5,2,1,24-11-2022,Leadership Development,Internal,Passed,2,958.46,SoniaChung,51,Active,45-54,,,1,2.67,1.02,1-3 yr
Bryce,Mills,22-02-2021,,Production Technician I,SVG,Part-Time,Zone B,Full-Time,Unk,Production,Field Operations,03-08-1947,MA,Laborer,Male,11009,Hispanic,Widowed,Fully Meets,3,1906,28-12-2022,1,4,5,05-03-2023,Project Management,External,Passed,5,228.41,BryceMills,75,Active,55+,,,1,3.33,1.85,1-3 yr
Wade,Wiggins,16-05-2022,,Production Technician I,EW,Full-Time,Zone C,Part-Time,Unk,Production,Field Operations,04-11-1988,MA,Operator,Male,89719,Asian,Widowed,Fully Meets,3,1907,18-01-2023,2,4,5,10-11-2022,Technical Skills,Internal,Completed,2,203.44,WadeWiggins,34,Active,25-34,,,1,3.67,0.68,0-1 yr
Selina,Gonzalez,18-01-2020,,Production Technician I,MSC,Contract,Zone B,Part-Time,Unk,Production,Field Operations,19-05-1942,MA,Technician,Female,71466,White,Widowed,Fully Meets,3,1908,26-01-2023,4,2,5,21-07-2023,Project Management,External,Incomplete,2,359.08,SelinaGonzalez,80,Active,55+,,,0,3.67,3.02,3-5 yr
Tyree,Parsons,21-10-2021,,Production Technician I,TNS,Full-Time,Zone A,Part-Time,Unk,Production,General - Con,15-10-1961,MA,Groundman,Female,68175,White,Widowed,Fully Meets,3,1909,23-11-2022,3,5,2,15-03-2023,Technical Skills,Internal,Passed,3,653.23,TyreeParsons,61,Active,55+,,,1,3.33,1.09,1-3 yr
Adrian,Murray,05-01-2019,,Production Technician I,PYZ,Full-Time,Zone C,Full-Time,Unk,Production,General - Eng,07-11-1942,MA,Drafter,Female,48973,Hispanic,Divorced,Fully Meets,3,1910,05-11-2022,1,4,1,12-10-2022,Customer Service,Internal,Passed,5,614.4,AdrianMurray,80,Active,55+,,,1,2,3.83,3-5 yr
Kael,Fisher,24-01-2021,27-01-2022,Production Technician I,WBL,Part-Time,Zone B,Temporary,Resignation,Production,Wireline Construction,12-06-1991,MA,Laborer,Female,36064,White,Divorced,Fully Meets,3,1911,08-04-2023,3,4,3,12-11-2022,Communication Skills,External,Passed,5,333.08,KaelFisher,31,Terminated,25-34,2022,January,1,3.33,1.01,1-3 yr
Erica,French,06-03-2020,06-03-2021,Production Technician II,TNS,Part-Time,Zone B,Temporary,Retirement,Production,Engineers,16-10-1987,MA,Engineer,Female,7544,Asian,Married,Fully Meets,3,1912,02-04-2023,2,5,1,26-03-2023,Leadership Development,External,Completed,1,718.38,EricaFrench,35,Terminated,35-44,2021,March,1,2.67,1,0-1 yr
Damaris,Oneal,19-11-2022,15-02-2023,Production Technician II,PYZ,Full-Time,Zone B,Full-Time,Involuntary,Production,General - Con,26-07-1972,MA,Lineman,Male,70057,White,Married,Fully Meets,3,1913,21-01-2023,5,4,2,02-02-2023,Project Management,External,Failed,3,195.29,DamarisOneal,50,Terminated,45-54,2023,February,0,3.67,0.24,0-1 yr
Rebecca,Craig,15-03-2019,02-10-2019,Production Technician II,WBL,Part-Time,Zone B,Full-Time,Resignation,Production,Engineers,04-04-1981,MA,Project Manager,Female,34085,Other,Married,Fully Meets,3,1914,23-02-2023,4,4,5,11-01-2023,Leadership Development,External,Passed,2,113.43,RebeccaCraig,41,Terminated,35-44,2019,October,1,4.33,0.55,0-1 yr
Carley,Waters,11-05-2023,05-07-2023,Production Technician II,NEL,Part-Time,Zone B,Temporary,Voluntary,Production,General - Con,23-07-1946,MA,Laborer,Female,25099,Asian,Divorced,Fully Meets,3,1915,11-07-2023,2,3,5,11-11-2022,Customer Service,External,Incomplete,4,651.23,CarleyWaters,77,Terminated,55+,2023,July,0,3.33,0.15,0-1 yr
Kadyn,Harrison,05-02-2022,07-02-2023,Production Technician II,PL,Full-Time,Zone A,Full-Time,Involuntary,Production,General - Con,25-09-1963,MA,Technician,Male,86671,Other,Divorced,Fully Meets,3,1916,25-12-2022,3,4,3,28-09-2022,Technical Skills,Internal,Incomplete,1,331.66,KadynHarrison,59,Terminated,55+,2023,February,0,3.33,1,0-1 yr
Megan,Huang,29-05-2019,,Production Technician I,EW,Contract,Zone B,Full-Time,Unk,Production,General - Eng,03-11-1960,MA,Engineer,Female,39874,Black,Single,Fully Meets,3,1917,31-10-2022,5,2,3,24-01-2023,Customer Service,Internal,Incomplete,3,419.83,MeganHuang,62,Active,55+,,,0,3.33,3.43,3-5 yr
Callum,Blair,09-01-2023,14-03-2023,Production Technician I,MSC,Contract,Zone B,Temporary,Involuntary,Production,Field Operations,12-09-1990,MA,Supervisor,Female,36065,Black,Single,Fully Meets,3,1918,01-10-2022,3,5,5,03-08-2023,Communication Skills,Internal,Incomplete,2,226.7,CallumBlair,32,Terminated,25-34,2023,March,0,4.33,0.18,0-1 yr
Emilie,Donaldson,01-05-2022,21-11-2022,Production Technician I,TNS,Contract,Zone A,Full-Time,Involuntary,Production,Shop (Fleet),15-08-1990,MA,Shop,Female,7972,Other,Widowed,Fully Meets,3,1919,22-05-2023,2,3,3,18-06-2023,Leadership Development,External,Failed,1,583.76,EmilieDonaldson,32,Terminated,25-34,2022,November,0,2.67,0.56,0-1 yr
Darius,Duke,26-01-2021,06-08-2021,Production Technician I,PYZ,Full-Time,Zone B,Full-Time,Retirement,Production,Field Operations,03-08-1948,MA,Tower Hand,Female,81226,Hispanic,Widowed,Fully Meets,3,1920,23-09-2022,2,5,3,04-04-2023,Customer Service,Internal,Failed,3,646.65,DariusDuke,74,Terminated,55+,2021,August,0,3.33,0.53,0-1 yr
Kenya,Decker,06-09-2021,02-07-2023,Production Technician I,WBL,Contract,Zone C,Full-Time,Voluntary,Production,Engineers,27-07-1994,MA,Engineer,Male,10345,Other,Married,Fully Meets,3,1921,01-02-2023,3,2,5,28-05-2023,Technical Skills,External,Incomplete,2,813.17,KenyaDecker,28,Terminated,25-34,2023,July,0,3.33,1.82,1-3 yr
Tyrese,Sloan,29-07-2020,,Production Technician I,NEL,Full-Time,Zone A,Part-Time,Unk,Production,General - Con,11-02-1958,MA,Technician,Male,89245,Asian,Divorced,Fully Meets,3,1922,29-04-2023,1,1,3,14-11-2022,Technical Skills,External,Passed,3,636.38,TyreseSloan,65,Active,55+,,,1,1.67,2.75,1-3 yr
Giana,Roach,31-03-2023,30-04-2023,Production Technician I,PL,Full-Time,Zone B,Full-Time,Involuntary,Production,People Services,05-11-1966,MA,Director,Female,46757,Other,Widowed,Fully Meets,3,1923,29-07-2023,3,4,4,17-11-2022,Project Management,External,Failed,3,868.74,GianaRoach,56,Terminated,55+,2023,April,0,3.67,0.08,0-1 yr
Teagan,Swanson,16-05-2023,29-05-2023,Production Technician I,BPC,Part-Time,Zone B,Full-Time,Voluntary,Production,Field Operations,29-11-1994,MA,Foreman,Female,53602,Hispanic,Married,Fully Meets,3,1924,05-09-2022,3,5,1,14-07-2023,Customer Service,External,Failed,4,250.41,TeaganSwanson,27,Terminated,25-34,2023,May,0,3,0.04,0-1 yr
Jerome,Fischer,29-04-2023,07-07-2023,Production Technician I,CCDR,Contract,Zone B,Full-Time,Voluntary,Production,Splicing,13-02-1980,MA,Laborer,Male,91520,Other,Divorced,Fully Meets,3,1925,21-04-2023,1,5,3,12-05-2023,Communication Skills,Internal,Completed,3,882.06,JeromeFischer,43,Terminated,35-44,2023,July,1,3,0.19,0-1 yr
Grayson,Preston,27-11-2019,,Production Technician I,SVG,Contract,Zone A,Temporary,Unk,Production,Field Operations,02-01-2000,MA,Director,Male,95240,Black,Single,Fully Meets,3,1926,20-08-2022,3,4,2,30-06-2023,Leadership Development,Internal,Passed,1,350.88,GraysonPreston,22,Active,<25,,,1,3,2.73,1-3 yr
Turner,Bradley,03-11-2022,02-04-2023,Production Technician I,EW,Full-Time,Zone C,Full-Time,Involuntary,Production,Field Operations,06-04-1976,MA,Technician,Male,4497,Hispanic,Married,Fully Meets,3,1927,13-12-2022,3,2,1,23-02-2023,Leadership Development,External,Completed,5,571.81,TurnerBradley,46,Terminated,45-54,2023,April,1,2,0.41,0-1 yr
Elvis,Daniels,08-08-2022,,Production Technician I,MSC,Full-Time,Zone A,Part-Time,Unk,Production,General - Con,17-03-1983,MA,Laborer,Female,89914,Hispanic,Widowed,Fully Meets,3,1928,24-08-2022,4,5,5,23-02-2023,Communication Skills,Internal,Failed,3,900.89,ElvisDaniels,39,Active,35-44,,,0,4.67,0.04,0-1 yr
Rose,Travis,27-07-2023,,Production Technician I,TNS,Contract,Zone A,Full-Time,Unk,Production,Field Operations,03-03-1988,MA,Coordinator,Female,97011,Asian,Widowed,Fully Meets,3,1929,09-12-2022,4,1,3,04-08-2023,Customer Service,Internal,Failed,3,312.56,RoseTravis,34,Active,25-34,,,0,2.67,-0.63,
Frank,Williams,15-07-2023,,Production Technician I,PYZ,Full-Time,Zone C,Temporary,Unk,Production,General - Con,26-08-1986,MA,Technician,Female,70906,Asian,Single,Fully Meets,3,1930,27-12-2022,3,3,4,30-06-2023,Project Management,External,Incomplete,5,533.56,FrankWilliams,36,Active,35-44,,,0,3.33,-0.55,
Yurem,Donovan,09-11-2022,,Production Technician I,WBL,Full-Time,Zone B,Temporary,Unk,Production,Fielders,22-12-1999,MA,Engineer,Female,17678,White,Single,Fully Meets,3,1931,16-04-2023,2,3,4,14-05-2023,Leadership Development,Internal,Failed,5,381.36,YuremDonovan,23,Active,<25,,,0,3,0.43,0-1 yr
John,Smith,24-12-2019,12-06-2022,Sales Manager,BPC,Full-Time,Zone A,Temporary,Voluntary,Sales,General - Sga,16-08-1977,MA,Project Manager,Male,1886,Other,Widowed,Fully Meets,3,1932,17-01-2023,5,5,2,19-03-2023,Customer Service,Internal,Failed,2,754.08,JohnSmith,45,Terminated,45-54,2022,June,0,4,2.47,1-3 yr
Lynn,Daneault,08-03-2019,,Sales Manager,NEL,Contract,Zone C,Part-Time,Unk,Sales,Aerial,01-11-1989,VT,Lineman,Female,5473,Black,Widowed,Fully Meets,3,1933,24-05-2023,2,4,5,17-10-2022,Customer Service,Internal,Incomplete,5,837.19,LynnDaneault,33,Active,25-34,,,0,3.67,4.21,3-5 yr
Donysha,Kampew,25-06-2019,04-10-2020,Sales Manager,WBL,Contract,Zone B,Full-Time,Voluntary,Sales,General - Eng,29-09-1991,PA,Supervisor,Female,19444,Other,Widowed,Fully Meets,3,1934,25-08-2022,2,5,2,08-05-2023,Leadership Development,External,Incomplete,2,993.7,DonyshaKampew,30,Terminated,25-34,2020,October,0,3,1.28,1-3 yr
Jordin,Lozano,03-01-2019,,Production Technician II,TNS,Part-Time,Zone A,Temporary,Unk,Sales,Yard (Material Handling),01-12-1974,MA,Coordinator,Male,60994,Hispanic,Divorced,Fully Meets,3,1935,20-04-2023,5,1,4,16-09-2022,Customer Service,Internal,Completed,2,505.4,JordinLozano,48,Active,45-54,,,1,3.33,4.29,3-5 yr
Ronald,Gross,02-02-2023,,Production Technician II,BPC,Full-Time,Zone B,Part-Time,Unk,Sales,Field Operations,26-05-1991,PA,Technician,Female,78866,Hispanic,Widowed,Fully Meets,3,1936,11-10-2022,3,3,5,21-08-2022,Leadership Development,External,Failed,5,567.55,RonaldGross,31,Active,25-34,,,0,3.67,-0.31,
Maryjane,Choi,30-03-2022,30-01-2023,Production Technician II,CCDR,Full-Time,Zone A,Temporary,Involuntary,Sales,Engineers,25-03-1957,PA,Technician,Female,34825,Asian,Single,Fully Meets,3,1937,11-08-2022,4,5,4,08-05-2023,Leadership Development,External,Completed,4,774.74,MaryjaneChoi,65,Terminated,55+,2023,January,1,4.33,0.84,0-1 yr
Madalynn,Yates,23-03-2020,,Production Technician II,TNS,Part-Time,Zone A,Full-Time,Unk,Sales,Splicing,18-03-1957,MA,Technician,Female,52524,Other,Single,Fully Meets,3,1938,15-09-2022,1,4,3,24-08-2022,Communication Skills,External,Passed,5,316.61,MadalynnYates,65,Active,55+,,,1,2.67,2.48,1-3 yr
Angelina,Peck,06-06-2019,,Production Technician II,PYZ,Contract,Zone C,Temporary,Unk,Sales,Field Operations,05-03-1942,PA,Engineer,Female,19068,Asian,Married,Fully Meets,3,1939,13-06-2023,4,5,3,27-10-2022,Communication Skills,External,Completed,3,531.73,AngelinaPeck,81,Active,55+,,,1,4,4.02,3-5 yr
Dario,Shaw,28-05-2023,,Production Technician II,TNS,Contract,Zone A,Temporary,Unk,Sales,Engineers,07-08-1942,MA,Project Manager,Female,18285,Asian,Widowed,Fully Meets,3,1940,20-08-2022,3,4,5,16-01-2023,Communication Skills,External,Failed,2,342.26,DarioShaw,80,Active,55+,,,0,4,-0.77,
Deven,Frazier,03-02-2021,,Production Technician II,PYZ,Contract,Zone A,Part-Time,Unk,Sales,Engineers,06-10-1941,PA,Engineer,Female,13977,Hispanic,Widowed,Fully Meets,3,1941,16-09-2022,3,5,4,04-02-2023,Leadership Development,External,Failed,3,158.79,DevenFrazier,81,Active,55+,,,0,4,1.62,1-3 yr
Jett,Kent,30-07-2019,09-11-2022,Production Technician II,TNS,Part-Time,Zone A,Part-Time,Retirement,Sales,Wireline Construction,11-02-1964,MA,Laborer,Female,37830,Other,Widowed,Fully Meets,3,1942,08-11-2022,2,4,2,15-04-2023,Customer Service,Internal,Completed,3,250.51,JettKent,58,Terminated,55+,2022,November,1,2.67,3.28,3-5 yr
Zander,Aguilar,08-05-2022,17-11-2022,Production Technician II,PYZ,Contract,Zone A,Part-Time,Retirement,Sales,Shop (Fleet),23-03-1956,PA,Mechanic,Female,34057,White,Widowed,Fully Meets,3,1943,22-09-2022,5,5,4,13-05-2023,Technical Skills,Internal,Passed,3,453.4,ZanderAguilar,66,Terminated,55+,2022,November,1,4.67,0.53,0-1 yr
Alessandro,Chavez,12-05-2020,,Production Technician II,TNS,Part-Time,Zone A,Full-Time,Unk,Sales,Field Operations,20-08-1963,PA,Technician,Female,80132,Asian,Married,Fully Meets,3,1944,12-12-2022,1,4,1,26-10-2022,Technical Skills,External,Completed,5,742.31,AlessandroChavez,59,Active,55+,,,1,2,2.58,1-3 yr
Jaxson,Brady,28-03-2019,10-12-2022,Sales Manager,TNS,Full-Time,Zone A,Temporary,Resignation,Sales,Engineers,17-02-1977,MA,Engineer,Female,36863,White,Married,Fully Meets,3,1945,10-02-2023,1,3,4,12-01-2023,Customer Service,External,Passed,5,341.94,JaxsonBrady,46,Terminated,45-54,2022,December,1,2.67,3.7,3-5 yr
Giovanni,Whitaker,22-07-2019,,Production Technician II,WBL,Full-Time,Zone A,Full-Time,Unk,Sales,Aerial,22-07-1956,PA,Lineman,Female,76522,Other,Widowed,Fully Meets,3,1946,05-01-2023,3,5,1,30-08-2022,Customer Service,Internal,Completed,1,967.18,GiovanniWhitaker,66,Active,55+,,,1,3,3.46,3-5 yr
Karen,Goodman,17-09-2020,,Sales Manager,MSC,Part-Time,Zone C,Temporary,Unk,Sales,General - Sga,21-07-1982,PA,Manager,Female,42775,White,Single,Fully Meets,3,1947,28-06-2023,1,3,3,14-11-2022,Communication Skills,External,Failed,3,147.4,KarenGoodman,40,Active,35-44,,,0,2.33,2.78,1-3 yr
Skyla,Lambert,02-07-2022,09-08-2022,Production Technician II,TNS,Part-Time,Zone B,Temporary,Retirement,Sales,Splicing,08-12-1963,PA,Splicer,Female,46619,Black,Married,Fully Meets,3,1948,16-03-2023,2,1,5,23-05-2023,Project Management,External,Failed,4,884.26,SkylaLambert,59,Terminated,55+,2022,August,0,2.67,0.1,0-1 yr
Ashlynn,Duffy,30-11-2019,,Sales Manager,MSC,Contract,Zone A,Part-Time,Unk,Sales,Field Operations,04-04-1950,PA,Technician,Female,63764,Hispanic,Divorced,Fully Meets,3,1949,07-09-2022,5,3,4,28-04-2023,Customer Service,Internal,Incomplete,5,592.96,AshlynnDuffy,72,Active,55+,,,0,4,2.77,1-3 yr
Lilliana,Walker,21-07-2023,21-07-2023,Production Technician II,TNS,Contract,Zone C,Temporary,Involuntary,Production,Splicing,24-03-1958,PA,Splicer,Female,30495,Asian,Married,Fully Meets,3,1950,17-09-2022,3,2,1,21-02-2023,Project Management,External,Passed,2,801.28,LillianaWalker,64,Terminated,55+,2023,July,1,2,0,0-1 yr
Lindsay,Copeland,26-08-2020,30-05-2021,Sales Manager,SVG,Full-Time,Zone A,Temporary,Voluntary,Sales,Aerial,09-10-1960,MA,Foreman,Female,32929,Asian,Married,Fully Meets,3,1951,20-04-2023,4,1,3,29-04-2023,Leadership Development,Internal,Incomplete,2,717.95,LindsayCopeland,62,Terminated,55+,2021,May,0,2.67,0.76,0-1 yr
Kristin,Mccarty,16-05-2020,,Sales Manager,TNS,Full-Time,Zone A,Full-Time,Unk,Sales,Underground,31-07-1989,PA,Laborer,Female,57392,Other,Divorced,Fully Meets,3,1952,09-06-2023,2,5,2,05-03-2023,Leadership Development,Internal,Passed,1,846.22,KristinMccarty,33,Active,25-34,,,1,3,3.06,3-5 yr
Barbara,Sutwell,06-04-2023,24-05-2023,Production Technician I,PL,Full-Time,Zone B,Full-Time,Retirement,Production,Finance & Accounting,20-02-1976,MA,Cfo,Female,2718,Asian,Divorced,Fully Meets,3,1953,07-04-2023,4,5,4,13-08-2022,Leadership Development,External,Passed,4,275.62,BarbaraSutwell,47,Terminated,45-54,2023,May,1,4.33,0.13,0-1 yr
Lenora,Tejeda,18-02-2019,31-10-2022,Production Technician II,SVG,Part-Time,Zone C,Temporary,Voluntary,Production,Finance & Accounting,22-07-1968,MA,Administration,Female,2129,Other,Divorced,Fully Meets,3,1954,16-03-2023,1,1,5,14-08-2022,Customer Service,External,Passed,5,837.05,LenoraTejeda,54,Terminated,45-54,2022,October,1,2.33,3.7,3-5 yr
Ludwick,Harrell,10-10-2020,,Production Technician I,MSC,Full-Time,Zone A,Temporary,Unk,Production,Field Operations,04-04-1998,MA,Engineer,Male,1776,White,Married,Fully Meets,3,1955,27-08-2022,2,3,4,22-07-2023,Leadership Development,Internal,Incomplete,3,202.35,LudwickHarrell,24,Active,<25,,,0,3,1.88,1-3 yr
Courtney,Beatrice,15-05-2021,,Production Technician I,PL,Part-Time,Zone A,Full-Time,Unk,Production,Billable Consultants,18-12-1958,MA,Engineer,Female,1915,Black,Married,Fully Meets,3,1956,23-01-2023,1,5,4,05-06-2023,Communication Skills,External,Passed,4,590.97,CourtneyBeatrice,64,Active,55+,,,1,3.33,1.69,1-3 yr
Melisa,Gerke,13-05-2019,30-05-2022,Production Technician I,TNS,Part-Time,Zone C,Full-Time,Retirement,Production,Field Operations,15-02-1975,MA,Manager,Female,2330,Asian,Widowed,Fully Meets,3,1957,17-03-2023,5,2,2,14-04-2023,Customer Service,External,Failed,5,744.55,MelisaGerke,48,Terminated,45-54,2022,May,0,3,3.05,3-5 yr
Lin,Chan,04-07-2019,,Production Technician I,PYZ,Contract,Zone B,Full-Time,Unk,Production,Sales & Marketing,18-10-1990,MA,Assistant,Female,2170,Other,Married,Fully Meets,3,1958,05-10-2022,4,2,5,23-05-2023,Communication Skills,Internal,Incomplete,2,141.91,LinChan,31,Active,25-34,,,0,3.67,3.26,3-5 yr
Kamrin,Sander,01-04-2022,28-04-2022,Production Technician I,CCDR,Part-Time,Zone B,Temporary,Voluntary,Production,Project Management - Con,02-08-1989,MA,Coordinator,Female,2154,Asian,Married,Fully Meets,3,1959,04-01-2023,5,3,4,13-09-2022,Project Management,External,Completed,2,883.34,KamrinSander,33,Terminated,25-34,2022,April,1,4,0.07,0-1 yr
Thomas,Rhoads,03-11-2018,,Production Technician I,PYZ,Full-Time,Zone A,Part-Time,Unk,Production,Aerial,26-05-1948,MA,Administrator,Male,2176,White,Divorced,Fully Meets,3,1960,06-01-2023,3,4,1,28-04-2023,Leadership Development,Internal,Passed,4,176.82,ThomasRhoads,74,Active,55+,,,1,2.67,4.18,3-5 yr
Nina,Panjwani,11-10-2018,04-05-2022,Production Technician I,TNS,Part-Time,Zone A,Full-Time,Voluntary,Production,General - Eng,17-07-1945,MA,Drafter,Female,2351,Black,Married,Fully Meets,3,1961,21-12-2022,2,3,1,25-04-2023,Customer Service,External,Failed,1,767.22,NinaPanjwani,77,Terminated,55+,2022,May,0,2,3.56,3-5 yr
Megan,Faller,25-06-2023,25-07-2023,Production Technician II,CCDR,Contract,Zone C,Part-Time,Involuntary,Production,General - Con,18-02-1951,MA,Clerk,Female,1824,Other,Divorced,Fully Meets,3,1962,05-09-2022,2,4,1,02-10-2022,Leadership Development,External,Completed,5,555.6,MeganFaller,71,Terminated,55+,2023,July,1,2.33,0.08,0-1 yr
Judy,Jung,14-09-2020,31-08-2021,Production Technician I,CCDR,Contract,Zone B,Full-Time,Resignation,Production,General - Con,08-05-1972,MA,Technician,Female,2446,Other,Married,Fully Meets,3,1963,23-08-2022,2,5,3,13-06-2023,Technical Skills,Internal,Incomplete,2,316.03,JudyJung,50,Terminated,45-54,2021,August,0,3.33,0.96,0-1 yr
April,Evensen,20-12-2022,11-03-2023,Production Technician I,EW,Part-Time,Zone B,Part-Time,Voluntary,Production,Executive,27-03-1969,MA,Manager,Female,2458,Other,Married,Fully Meets,3,1964,21-11-2022,5,5,5,22-05-2023,Customer Service,Internal,Failed,1,540.96,AprilEvensen,53,Terminated,45-54,2023,March,0,5,0.22,0-1 yr
Julissa,Hunts,23-02-2022,,Production Technician II,CCDR,Full-Time,Zone A,Temporary,Unk,Production,General - Con,31-07-1949,MA,Specialist,Female,2021,White,Widowed,Fully Meets,3,1965,15-02-2023,3,1,1,16-10-2022,Leadership Development,External,Failed,3,444.23,JulissaHunts,73,Active,55+,,,0,1.67,0.98,0-1 yr
Kristie,Nowlan,31-05-2019,,Production Technician II,TNS,Full-Time,Zone C,Part-Time,Unk,Production,General - Con,04-03-1971,MA,Technician,Female,1040,Other,Widowed,Fully Meets,3,1966,29-10-2022,4,3,2,19-05-2023,Communication Skills,Internal,Failed,5,497.54,KristieNowlan,51,Active,45-54,,,0,3,3.41,3-5 yr
Dawn,Motlagh,29-01-2019,,Production Technician I,PL,Part-Time,Zone A,Part-Time,Unk,Production,General - Con,11-12-1994,MA,Flagger,Female,2453,Other,Single,Fully Meets,3,1967,26-02-2023,4,2,4,23-07-2023,Customer Service,Internal,Incomplete,4,300.95,DawnMotlagh,28,Active,25-34,,,0,3.33,4.08,3-5 yr
Theresa,Wallace,01-09-2019,,Production Technician I,NEL,Full-Time,Zone B,Temporary,Unk,Production,General - Con,29-06-1955,MA,Laborer,Female,1887,Asian,Widowed,Fully Meets,3,1968,27-12-2022,1,4,2,25-11-2022,Customer Service,Internal,Incomplete,2,283.06,TheresaWallace,67,Active,55+,,,0,2.33,3.32,3-5 yr
Allison,Lydon,17-01-2021,08-06-2021,Production Technician I,MSC,Full-Time,Zone A,Part-Time,Retirement,Production,General - Con,10-02-1975,MA,Foreman,Female,2122,White,Single,Fully Meets,3,1969,20-04-2023,4,3,3,29-08-2022,Communication Skills,Internal,Incomplete,4,967.94,AllisonLydon,48,Terminated,45-54,2021,June,0,3.33,0.39,0-1 yr
Trina,Alagbe,21-04-2022,21-04-2022,Production Technician I,PYZ,Part-Time,Zone C,Temporary,Retirement,Production,Field Operations,17-04-1952,MA,Foreman,Female,1886,Other,Single,Fully Meets,3,1970,06-03-2023,5,4,4,27-03-2023,Leadership Development,External,Failed,1,398.23,TrinaAlagbe,70,Terminated,55+,2022,April,0,4.33,0,0-1 yr
Betsy,Bondwell,15-09-2018,14-07-2023,Production Technician II,MSC,Part-Time,Zone C,Full-Time,Voluntary,Production,General - Con,10-02-1994,MA,Lineman,Female,2210,Other,Divorced,Fully Meets,3,1971,27-05-2023,3,2,1,20-12-2022,Leadership Development,External,Incomplete,1,331.8,BetsyBondwell,29,Terminated,25-34,2023,July,0,2,4.83,3-5 yr
Joe,Smith,04-12-2021,07-01-2022,Production Technician II,EW,Contract,Zone A,Temporary,Involuntary,Production,Field Operations,23-01-1996,MA,Laborer,Male,2045,Asian,Single,Fully Meets,3,1972,15-03-2023,2,2,3,26-04-2023,Leadership Development,External,Incomplete,4,349.48,JoeSmith,27,Terminated,25-34,2022,January,0,2.33,0.09,0-1 yr
Lisa,Lunquist,14-11-2019,,Production Technician II,BPC,Full-Time,Zone B,Full-Time,Unk,Production,General - Con,10-10-1991,MA,Laborer,Female,2324,Black,Married,Fully Meets,3,1973,30-08-2022,4,2,3,01-04-2023,Communication Skills,External,Failed,1,596.48,LisaLunquist,30,Active,25-34,,,0,3,2.79,1-3 yr
Jene'ya,Darson,14-04-2021,,Production Technician I,NEL,Part-Time,Zone A,Temporary,Unk,Production,Aerial,29-12-1968,MA,Supervisor,Female,2110,White,Widowed,Fully Meets,3,1974,17-01-2023,4,1,3,08-10-2022,Project Management,Internal,Incomplete,2,677.45,Jene'yaDarson,54,Active,45-54,,,0,2.67,1.76,1-3 yr
Hunter,Cannon,14-04-2019,,Production Technician I,SVG,Contract,Zone A,Temporary,Unk,Production,Project Management - Con,31-10-1941,MA,Manager,Female,10062,Other,Divorced,Fully Meets,3,1975,24-03-2023,4,4,3,12-03-2023,Customer Service,Internal,Failed,5,664.61,HunterCannon,81,Active,55+,,,0,3.67,3.94,3-5 yr
Jon,Lynn,09-01-2021,,Production Technician I,EW,Full-Time,Zone C,Full-Time,Unk,Production,Finance & Accounting,16-02-1945,MA,Administration,Female,82592,White,Single,Fully Meets,3,1976,25-04-2023,1,5,1,16-11-2022,Communication Skills,External,Completed,5,405.13,JonLynn,78,Active,55+,,,1,2.33,2.29,1-3 yr
Paxton,Clarke,26-12-2022,04-07-2023,Production Technician I,MSC,Contract,Zone B,Full-Time,Voluntary,Production,Field Operations,22-09-1952,MA,Technician,Female,4549,White,Single,Fully Meets,3,1977,18-03-2023,2,5,4,26-05-2023,Leadership Development,Internal,Incomplete,5,781.27,PaxtonClarke,70,Terminated,55+,2023,July,0,3.67,0.52,0-1 yr
Lillian,Hines,05-10-2021,02-07-2023,Production Technician I,TNS,Full-Time,Zone B,Part-Time,Voluntary,Production,Finance & Accounting,22-12-1976,MA,Administration,Female,61287,Other,Divorced,Fully Meets,3,1978,08-06-2023,3,5,1,18-01-2023,Leadership Development,Internal,Failed,5,983.61,LillianHines,46,Terminated,45-54,2023,July,0,3,1.74,1-3 yr
Liam,Snow,25-09-2022,27-03-2023,Production Technician I,PYZ,Part-Time,Zone B,Temporary,Voluntary,Production,Engineers,25-03-1972,MA,Engineer,Female,61958,Asian,Single,Fully Meets,3,1979,17-07-2023,1,4,5,19-05-2023,Communication Skills,Internal,Failed,1,656.46,LiamSnow,51,Terminated,45-54,2023,March,0,3.33,0.5,0-1 yr
Arianna,Horton,10-11-2021,,Production Technician I,WBL,Part-Time,Zone C,Full-Time,Unk,Production,General - Con,16-06-1990,MA,Manager,Female,37701,Hispanic,Married,Fully Meets,3,1980,17-05-2023,5,4,5,25-03-2023,Project Management,External,Failed,1,446.07,AriannaHorton,32,Active,25-34,,,0,4.67,1.51,1-3 yr
Ayanna,Short,08-04-2021,16-07-2023,Production Technician I,NEL,Contract,Zone A,Temporary,Involuntary,Production,General - Con,14-11-1993,MA,Foreman,Male,19755,Black,Divorced,Fully Meets,3,1981,23-03-2023,5,4,3,10-08-2022,Leadership Development,Internal,Passed,1,676.42,AyannaShort,29,Terminated,25-34,2023,July,1,4,2.27,1-3 yr
Steve,Charles,14-11-2018,,Production Technician I,PL,Full-Time,Zone C,Temporary,Unk,Production,General - Sga,24-05-1980,MA,Manager,Female,48632,Hispanic,Married,Fully Meets,3,1982,24-06-2023,3,5,5,29-01-2023,Leadership Development,Internal,Passed,5,861.83,SteveCharles,43,Active,35-44,,,1,4.33,4.61,3-5 yr
Ricardo,Bruce,14-03-2020,22-10-2022,Production Technician I,BPC,Part-Time,Zone C,Full-Time,Resignation,Production,General - Con,26-11-1956,MA,Laborer,Female,31391,Asian,Widowed,Fully Meets,3,1983,16-08-2022,2,5,1,28-12-2022,Customer Service,Internal,Failed,5,769.23,RicardoBruce,65,Terminated,55+,2022,October,0,2.67,2.61,1-3 yr
Laura,Gutierrez,24-06-2020,,Production Technician I,CCDR,Full-Time,Zone B,Temporary,Unk,Production,Catv,11-02-1948,MA,Splicer,Female,8522,Black,Single,Fully Meets,3,1984,07-08-2022,5,2,2,18-08-2022,Leadership Development,Internal,Failed,4,983.02,LauraGutierrez,74,Active,55+,,,0,3,2.12,1-3 yr
Braxton,Rojas,19-03-2023,04-04-2023,Production Technician I,SVG,Contract,Zone B,Temporary,Resignation,Production,General - Con,09-11-1963,MA,Lineman,Female,88359,White,Widowed,Fully Meets,3,1985,04-03-2023,5,5,2,28-09-2022,Communication Skills,Internal,Incomplete,3,474.95,BraxtonRojas,59,Terminated,55+,2023,April,0,4,0.04,0-1 yr
Sage,Mercer,15-08-2022,,Production Technician I,EW,Contract,Zone C,Full-Time,Unk,Production,Executive,18-02-1949,MA,Director,Female,21326,Black,Divorced,Fully Meets,3,1986,17-09-2022,1,4,2,21-02-2023,Communication Skills,Internal,Failed,3,800.81,SageMercer,73,Active,55+,,,0,2.33,0.09,0-1 yr
Chase,Horn,09-11-2018,,Production Technician I,MSC,Full-Time,Zone C,Part-Time,Unk,Production,General - Sga,27-05-1967,MA,Administrator,Female,75570,White,Single,Fully Meets,3,1987,18-07-2023,5,1,3,27-06-2023,Communication Skills,Internal,Failed,2,844.93,ChaseHorn,56,Active,55+,,,0,3,4.69,3-5 yr
Juliana,Dyer,23-11-2018,19-08-2019,Production Technician I,TNS,Contract,Zone A,Temporary,Retirement,Production,Field Operations,26-10-1989,MA,Laborer,Female,97548,Black,Single,Fully Meets,3,1988,10-02-2023,1,3,5,18-05-2023,Project Management,External,Completed,4,903.8,JulianaDyer,33,Terminated,25-34,2019,August,1,3,0.74,0-1 yr
Alec,Stephens,25-02-2020,,Production Technician II,PL,Full-Time,Zone A,Temporary,Unk,Production,Field Operations,14-06-2000,MA,Groundman,Female,51952,Other,Married,Fully Meets,3,1989,04-05-2023,4,2,5,04-12-2022,Leadership Development,External,Incomplete,4,329.3,AlecStephens,22,Active,<25,,,0,3.67,3.19,3-5 yr
Adriana,Weber,16-05-2020,18-05-2022,Production Technician II,BPC,Full-Time,Zone C,Temporary,Resignation,Production,Field Operations,18-09-1947,MA,Laborer,Female,46806,Black,Divorced,Fully Meets,3,1990,31-08-2022,3,1,1,18-09-2022,Leadership Development,Internal,Incomplete,1,332.51,AdrianaWeber,75,Terminated,55+,2022,May,0,1.67,2,1-3 yr
Lola,Hensley,18-06-2019,05-07-2023,Production Technician II,CCDR,Contract,Zone B,Temporary,Involuntary,Production,General - Con,01-01-1949,MA,Technician,Female,67662,Other,Married,Fully Meets,3,1991,26-01-2023,2,1,3,24-01-2023,Technical Skills,External,Failed,2,643.63,LolaHensley,74,Terminated,55+,2023,July,0,2,4.05,3-5 yr
Shamar,Delgado,20-05-2019,30-03-2021,Production Technician II,SVG,Contract,Zone A,Part-Time,Involuntary,Production,General - Con,25-02-1950,MA,Laborer,Female,74114,White,Divorced,Fully Meets,3,1992,06-02-2023,4,3,3,11-09-2022,Communication Skills,Internal,Failed,2,827.05,ShamarDelgado,72,Terminated,55+,2021,March,0,3.33,1.86,1-3 yr
Emmanuel,Huang,16-10-2020,12-02-2021,Production Technician II,EW,Full-Time,Zone A,Full-Time,Voluntary,Production,Field Operations,21-07-1972,MA,Technician,Female,54589,Hispanic,Divorced,Fully Meets,3,1993,10-12-2022,5,2,4,02-05-2023,Customer Service,External,Failed,3,995.42,EmmanuelHuang,50,Terminated,45-54,2021,February,0,3.67,0.33,0-1 yr
Brenna,Decker,01-07-2022,03-11-2022,Production Technician II,MSC,Full-Time,Zone A,Full-Time,Voluntary,Production,General - Con,29-12-1988,MA,Lineman,Female,43526,Other,Single,Fully Meets,3,1994,04-10-2022,5,5,1,20-04-2023,Technical Skills,External,Passed,4,360.61,BrennaDecker,33,Terminated,25-34,2022,November,1,3.67,0.34,0-1 yr
Averie,Wolfe,17-12-2022,,Production Technician II,TNS,Contract,Zone A,Full-Time,Unk,Production,Field Operations,06-08-1978,MA,Driller,Female,22396,Other,Married,Fully Meets,3,1995,23-04-2023,4,3,1,23-08-2022,Communication Skills,External,Passed,3,658.54,AverieWolfe,44,Active,35-44,,,1,2.67,0.35,0-1 yr
Gaige,Marsh,24-10-2021,21-11-2021,Production Technician II,PYZ,Part-Time,Zone A,Temporary,Resignation,Production,Aerial,10-07-1992,MA,Lineman,Female,92216,White,Single,Fully Meets,3,1996,01-08-2023,3,5,2,16-12-2022,Communication Skills,Internal,Failed,5,250.11,GaigeMarsh,31,Terminated,25-34,2021,November,0,3.33,0.08,0-1 yr
Karli,Ross,28-02-2019,11-10-2019,Production Technician II,WBL,Part-Time,Zone B,Full-Time,Retirement,Production,Wireline Construction,09-06-1990,MA,Project Manager,Female,64180,Asian,Divorced,Fully Meets,3,1997,16-02-2023,3,3,2,29-04-2023,Project Management,Internal,Failed,4,819.65,KarliRoss,32,Terminated,25-34,2019,October,0,2.67,0.62,0-1 yr
Amiyah,Beasley,24-03-2022,,Production Technician II,NEL,Full-Time,Zone C,Part-Time,Unk,Production,General - Con,21-02-1999,MA,Laborer,Female,34377,Black,Widowed,Fully Meets,3,1998,07-09-2022,2,4,3,01-12-2022,Technical Skills,Internal,Completed,2,186.77,AmiyahBeasley,23,Active,<25,,,1,3,0.46,0-1 yr
Kayla,Gibbs,17-10-2021,12-11-2022,Production Technician II,PL,Contract,Zone A,Temporary,Involuntary,Production,Field Operations,22-06-1943,MA,Locator,Female,65306,Other,Widowed,Fully Meets,3,1999,12-07-2023,3,2,2,08-05-2023,Technical Skills,External,Passed,4,633.67,KaylaGibbs,80,Terminated,55+,2022,November,1,2.33,1.07,1-3 yr
Jocelyn,Jackson,13-05-2022,12-09-2022,Production Technician I,PYZ,Full-Time,Zone A,Part-Time,Involuntary,Production,General - Con,07-07-1963,MA,Flagger,Female,29557,Black,Widowed,Fully Meets,3,2000,25-10-2022,1,3,3,20-03-2023,Technical Skills,Internal,Incomplete,3,236.34,JocelynJackson,59,Terminated,55+,2022,September,0,2.33,0.33,0-1 yr
Gilbert,Newman,09-10-2019,06-01-2023,Production Technician I,SVG,Contract,Zone B,Full-Time,Resignation,Production,Yard (Material Handling),17-08-1977,MA,Coordinator,Female,18299,White,Widowed,Fully Meets,3,2001,09-02-2023,5,3,5,04-05-2023,Leadership Development,Internal,Incomplete,4,504.62,GilbertNewman,45,Terminated,45-54,2023,January,0,4.33,3.24,3-5 yr
Roberto,Rosales,12-10-2018,21-07-2023,Production Technician I,TNS,Contract,Zone B,Temporary,Involuntary,Production,General - Con,25-05-1990,MA,Laborer,Female,81634,White,Married,Fully Meets,3,2002,11-03-2023,1,4,2,26-10-2022,Project Management,External,Incomplete,1,217.86,RobertoRosales,32,Terminated,25-34,2023,July,0,2.33,4.77,3-5 yr
Justice,Rhodes,13-04-2020,28-11-2022,Production Technician I,WBL,Contract,Zone B,Part-Time,Voluntary,Production,Shop (Fleet),01-07-1985,MA,Welder,Female,48650,Other,Married,Fully Meets,3,2003,19-06-2023,5,5,1,12-12-2022,Technical Skills,External,Completed,4,148.97,JusticeRhodes,37,Terminated,35-44,2022,November,1,3.67,2.63,1-3 yr
Adyson,Esparza,25-04-2021,,Production Technician I,PYZ,Contract,Zone B,Full-Time,Unk,Production,Engineers,05-04-2001,MA,Engineer,Female,72181,Other,Divorced,Fully Meets,3,2004,05-05-2023,3,3,4,27-02-2023,Leadership Development,Internal,Completed,1,628.83,AdysonEsparza,22,Active,<25,,,1,3.33,2.03,1-3 yr
Laci,Baird,21-12-2018,16-11-2022,Production Technician I,WBL,Part-Time,Zone B,Part-Time,Retirement,Production,Splicing,09-03-1947,MA,Laborer,Female,53844,Asian,Widowed,Fully Meets,3,2005,04-11-2022,2,1,2,22-04-2023,Leadership Development,Internal,Completed,2,458.78,LaciBaird,75,Terminated,55+,2022,November,1,1.67,3.9,3-5 yr
Samson,Meza,19-09-2021,,Production Technician I,NEL,Contract,Zone C,Temporary,Unk,Production,Executive,23-10-1973,MA,Chief Operating Officer,Male,72825,Other,Married,Fully Meets,3,2006,21-10-2022,5,5,2,22-12-2022,Communication Skills,External,Completed,2,892.65,SamsonMeza,49,Active,45-54,,,1,4,1.09,1-3 yr
Deacon,Bass,15-12-2020,,Production Technician I,PL,Full-Time,Zone C,Temporary,Unk,Production,Splicing,05-05-1979,MA,Splicer,Female,10308,Black,Widowed,Fully Meets,3,2007,28-07-2023,4,1,5,28-02-2023,Communication Skills,External,Passed,1,211.17,DeaconBass,44,Active,35-44,,,1,3.33,2.61,1-3 yr
Kaila,Johnston,15-07-2019,13-01-2020,Production Technician I,BPC,Part-Time,Zone A,Temporary,Voluntary,Production,Field Operations,03-09-1941,MA,Lineman,Female,67443,Asian,Widowed,Fully Meets,3,2008,17-03-2023,1,2,2,24-10-2022,Project Management,External,Passed,2,478.95,KailaJohnston,81,Terminated,55+,2020,January,1,1.67,0.5,0-1 yr
Cayden,Maynard,17-11-2021,,Production Technician I,CCDR,Contract,Zone C,Temporary,Unk,Production,Project Management - Con,01-10-1997,MA,Engineer,Female,9141,White,Widowed,Fully Meets,3,2009,27-02-2023,5,2,2,20-01-2023,Customer Service,Internal,Incomplete,1,319.94,CaydenMaynard,25,Active,25-34,,,0,3,1.28,1-3 yr
Araceli,Mcguire,04-02-2023,24-06-2023,Production Technician I,SVG,Part-Time,Zone B,Part-Time,Resignation,Production,Catv,07-03-1949,MA,Laborer,Female,71663,Hispanic,Married,Fully Meets,3,2010,17-02-2023,4,4,4,22-08-2022,Communication Skills,Internal,Passed,2,601.66,AraceliMcguire,74,Terminated,55+,2023,June,1,4,0.38,0-1 yr
Naomi,Hardin,03-07-2022,12-07-2022,Production Technician I,EW,Contract,Zone B,Temporary,Retirement,Production,Finance & Accounting,06-08-1994,MA,Clerk,Female,91439,Asian,Married,Fully Meets,3,2011,27-01-2023,3,2,2,30-04-2023,Leadership Development,Internal,Completed,1,999.96,NaomiHardin,28,Terminated,25-34,2022,July,1,2.33,0.02,0-1 yr
Darnell,Eaton,24-01-2020,14-09-2022,Production Technician I,MSC,Contract,Zone B,Full-Time,Voluntary,Production,General - Sga,06-06-1984,MA,Vp,Female,44651,White,Single,Fully Meets,3,2012,26-07-2023,2,3,2,18-09-2022,Communication Skills,External,Incomplete,2,138.67,DarnellEaton,39,Terminated,35-44,2022,September,0,2.33,2.64,1-3 yr
Zariah,Ritter,07-07-2019,27-03-2021,Production Technician I,TNS,Contract,Zone A,Temporary,Voluntary,Production,General - Con,08-04-1952,MA,Foreman,Female,61363,Black,Widowed,Fully Meets,3,2013,07-03-2023,4,5,4,21-02-2023,Leadership Development,External,Failed,2,962.76,ZariahRitter,70,Terminated,55+,2021,March,0,4.33,1.72,1-3 yr
Malaki,Richards,13-03-2022,,Production Technician II,EW,Part-Time,Zone B,Temporary,Unk,Production,Splicing,11-11-1984,MA,Technician,Female,6175,Asian,Divorced,Fully Meets,3,2014,07-08-2022,2,5,4,02-03-2023,Technical Skills,External,Incomplete,4,106.88,MalakiRichards,37,Active,35-44,,,0,3.67,0.4,0-1 yr
Markus,Robles,02-06-2023,,Production Technician II,MSC,Part-Time,Zone B,Part-Time,Unk,Production,Engineers,05-03-1992,MA,Engineer,Female,23634,White,Widowed,Fully Meets,3,2015,13-08-2022,4,3,1,30-09-2022,Leadership Development,Internal,Passed,1,561.89,MarkusRobles,30,Active,25-34,,,1,2.67,-0.8,
Angela,Kaufman,08-04-2021,,Production Technician II,NEL,Contract,Zone C,Full-Time,Unk,Production,Field Operations,01-10-1958,MA,Lineman,Female,66919,White,Widowed,Fully Meets,3,2016,31-05-2023,1,3,5,13-09-2022,Technical Skills,Internal,Incomplete,5,775.52,AngelaKaufman,64,Active,55+,,,0,3,2.14,1-3 yr
Shaniya,Wolfe,02-12-2019,,Production Technician II,PL,Full-Time,Zone B,Part-Time,Unk,Production,Aerial,17-04-1971,MA,Laborer,Female,10719,Black,Single,Fully Meets,3,2017,11-07-2023,2,5,4,03-12-2022,Communication Skills,External,Incomplete,4,397.01,ShaniyaWolfe,52,Active,45-54,,,0,3.67,3.61,3-5 yr
Anya,Morton,09-03-2022,18-05-2023,Production Technician II,PYZ,Contract,Zone C,Temporary,Retirement,Production,Yard (Material Handling),27-01-1986,MA,Runner,Female,86107,Asian,Divorced,Fully Meets,3,2018,31-10-2022,5,2,1,21-08-2022,Customer Service,External,Incomplete,5,739.74,AnyaMorton,36,Terminated,35-44,2023,May,0,2.67,1.19,1-3 yr
Emery,Peck,26-03-2022,,Production Technician II,SVG,Full-Time,Zone C,Temporary,Unk,Production,Field Operations,08-01-1977,MA,Laborer,Female,65810,White,Widowed,Fully Meets,3,2019,21-03-2023,2,1,4,06-10-2022,Technical Skills,External,Completed,2,789.2,EmeryPeck,46,Active,45-54,,,1,2.33,0.99,0-1 yr
Angelique,Mathis,08-05-2021,05-08-2022,Production Technician II,TNS,Part-Time,Zone A,Full-Time,Involuntary,Production,Wireline Construction,14-02-1946,MA,Billing,Female,47869,Black,Widowed,Fully Meets,3,2020,28-11-2022,2,1,4,18-08-2022,Leadership Development,Internal,Failed,3,428.51,AngeliqueMathis,76,Terminated,55+,2022,August,0,2.33,1.24,1-3 yr
Marlee,Woods,29-11-2022,,Production Technician II,WBL,Part-Time,Zone A,Temporary,Unk,Production,Field Operations,11-12-1955,MA,Foreman,Female,54120,Asian,Widowed,Fully Meets,3,2021,28-08-2022,1,3,4,29-04-2023,Project Management,External,Incomplete,4,646.72,MarleeWoods,66,Active,55+,,,0,2.67,-0.25,
Jocelyn,Valentine,24-05-2019,,Production Technician II,BPC,Contract,Zone B,Part-Time,Unk,Production,Wireless,30-08-1941,MA,Operator,Female,21322,White,Divorced,Fully Meets,3,2022,11-11-2022,5,3,5,09-10-2022,Leadership Development,External,Incomplete,3,742.84,JocelynValentine,81,Active,55+,,,0,4.33,3.47,3-5 yr
Sophie,Moran,29-01-2022,23-04-2022,Production Technician II,CCDR,Part-Time,Zone C,Part-Time,Retirement,Production,General - Con,04-08-1962,MA,Foreman,Female,31287,Hispanic,Divorced,Fully Meets,3,2023,10-10-2022,3,4,4,25-11-2022,Communication Skills,External,Incomplete,2,894.92,SophieMoran,60,Terminated,55+,2022,April,0,3.67,0.23,0-1 yr
Yair,Snyder,06-07-2021,14-03-2022,Production Technician II,EW,Full-Time,Zone C,Full-Time,Retirement,Production,Field Operations,25-03-1991,MA,Coordinator,Female,5063,Asian,Single,Fully Meets,3,2024,25-10-2022,2,1,5,11-06-2023,Communication Skills,External,Failed,1,222.56,YairSnyder,31,Terminated,25-34,2022,March,0,2.67,0.69,0-1 yr
Shamar,Herman,29-01-2021,12-02-2023,Production Technician II,MSC,Part-Time,Zone C,Temporary,Resignation,Production,Field Operations,11-04-1975,MA,Laborer,Female,90678,Asian,Single,Fully Meets,3,2025,02-05-2023,1,2,4,17-01-2023,Technical Skills,Internal,Passed,2,699.76,ShamarHerman,48,Terminated,45-54,2023,February,1,2.33,2.04,1-3 yr
Ishaan,Schaefer,13-05-2023,10-06-2023,Production Technician I,SVG,Contract,Zone A,Full-Time,Resignation,Production,Field Operations,26-02-1970,MA,Locator,Female,5306,Hispanic,Married,Fully Meets,3,2026,22-03-2023,2,4,4,08-08-2022,Project Management,External,Incomplete,3,124.93,IshaanSchaefer,53,Terminated,45-54,2023,June,0,3.33,0.08,0-1 yr
Liam,Figueroa,22-05-2019,,Production Technician I,EW,Part-Time,Zone A,Full-Time,Unk,Production,Fielders,04-08-1974,MA,Engineer,Female,42458,Black,Single,Fully Meets,3,2027,15-06-2023,3,1,3,08-08-2022,Technical Skills,External,Incomplete,5,664.12,LiamFigueroa,48,Active,45-54,,,0,2.33,4.07,3-5 yr
Linda,Combs,30-09-2021,14-11-2021,Production Technician I,MSC,Full-Time,Zone C,Temporary,Retirement,Production,Field Operations,02-05-1981,MA,Tower Hand,Female,77958,Hispanic,Widowed,Fully Meets,3,2028,01-10-2022,4,4,4,18-02-2023,Project Management,External,Passed,2,862.82,LindaCombs,41,Terminated,35-44,2021,November,1,4,0.12,0-1 yr
Marilyn,Moss,09-09-2019,,Production Technician I,TNS,Contract,Zone C,Full-Time,Unk,Production,General - Eng,23-10-1943,MA,Billing,Female,84191,Black,Single,Fully Meets,3,2029,30-09-2022,2,5,1,14-11-2022,Project Management,External,Passed,1,813.01,MarilynMoss,78,Active,55+,,,1,2.67,3.06,3-5 yr
Yuliana,Nelson,26-04-2019,13-05-2019,Production Technician I,PYZ,Full-Time,Zone B,Full-Time,Resignation,Production,Wireline Construction,13-08-1982,MA,Operator,Female,34988,Asian,Married,Fully Meets,3,2030,07-04-2023,4,1,5,28-07-2023,Communication Skills,External,Incomplete,4,349.75,YulianaNelson,40,Terminated,35-44,2019,May,0,3.33,0.05,0-1 yr
August,Wiley,19-02-2022,05-04-2023,Production Technician I,WBL,Full-Time,Zone C,Full-Time,Involuntary,Production,Project Management - Con,16-06-1977,MA,Manager,Male,8786,Asian,Married,Fully Meets,3,2031,09-02-2023,1,3,1,25-07-2023,Technical Skills,External,Failed,1,244.5,AugustWiley,45,Terminated,45-54,2023,April,0,1.67,1.12,1-3 yr
Lindsay,Pennington,16-04-2022,25-12-2022,Production Technician I,NEL,Contract,Zone C,Part-Time,Retirement,Production,Field Operations,05-11-1996,MA,Technician,Male,19087,Asian,Divorced,Fully Meets,3,2032,02-07-2023,5,2,4,21-11-2022,Customer Service,Internal,Completed,3,873.52,LindsayPennington,26,Terminated,25-34,2022,December,1,3.67,0.69,0-1 yr
Nico,Villarreal,12-05-2022,,Production Technician I,PL,Full-Time,Zone A,Full-Time,Unk,Production,General - Con,28-01-1991,MA,Laborer,Female,47570,White,Divorced,Fully Meets,3,2033,10-10-2022,4,1,5,11-03-2023,Leadership Development,External,Passed,1,358.65,NicoVillarreal,31,Active,25-34,,,1,3.33,0.41,0-1 yr
Jaliyah,Conway,26-08-2021,03-08-2023,Production Technician I,BPC,Full-Time,Zone C,Part-Time,Voluntary,Production,Field Operations,19-01-1947,MA,Driver,Female,95951,Asian,Married,Fully Meets,3,2034,30-01-2023,2,4,1,20-01-2023,Technical Skills,Internal,Passed,1,632.33,JaliyahConway,76,Terminated,55+,2023,August,1,2.33,1.94,1-3 yr
Raymond,Gillespie,06-06-2020,23-11-2021,Production Technician I,CCDR,Full-Time,Zone C,Full-Time,Retirement,Production,Aerial,14-03-2001,MA,Lineman,Female,44292,Asian,Married,Fully Meets,3,2035,11-01-2023,4,2,3,17-02-2023,Customer Service,External,Failed,2,565.81,RaymondGillespie,21,Terminated,<25,2021,November,0,3,1.46,1-3 yr
Joey,Montes,26-06-2022,,Production Technician I,SVG,Contract,Zone A,Part-Time,Unk,Production,Aerial,18-02-1942,MA,Laborer,Female,1372,Asian,Single,Fully Meets,3,2036,18-03-2023,4,3,4,24-09-2022,Communication Skills,Internal,Completed,3,849.04,JoeyMontes,81,Active,55+,,,1,3.67,0.73,0-1 yr
Ian,Hester,09-01-2021,14-05-2022,Production Technician I,EW,Contract,Zone C,Full-Time,Involuntary,Production,General - Con,27-08-1945,MA,Clerk,Female,14973,White,Married,Fully Meets,3,2037,28-01-2023,2,5,4,16-07-2023,Leadership Development,Internal,Failed,1,519.43,IanHester,77,Terminated,55+,2022,May,0,3.67,1.34,1-3 yr
Weston,Rios,02-09-2018,,Production Technician I,MSC,Part-Time,Zone A,Temporary,Unk,Production,Splicing,04-05-2001,MA,Foreman,Female,81445,Black,Married,Fully Meets,3,2038,18-02-2023,5,3,2,13-08-2022,Technical Skills,Internal,Passed,2,694.03,WestonRios,21,Active,<25,,,1,3.33,4.46,3-5 yr
Carson,Pennington,22-04-2022,,Production Technician I,TNS,Full-Time,Zone B,Full-Time,Unk,Production,Field Operations,04-10-1957,MA,Operator,Female,29345,White,Single,Fully Meets,3,2039,06-10-2022,5,2,2,24-05-2023,Customer Service,External,Incomplete,1,738.69,CarsonPennington,65,Active,55+,,,0,3,0.46,0-1 yr
Brynlee,Crawford,05-12-2021,26-06-2023,Production Technician II,NEL,Contract,Zone B,Temporary,Involuntary,Production,General - Con,04-12-1949,MA,Lineman,Female,33621,Other,Divorced,Fully Meets,3,2040,23-04-2023,1,2,5,22-04-2023,Communication Skills,Internal,Passed,5,753.51,BrynleeCrawford,73,Terminated,55+,2023,June,1,2.67,1.56,1-3 yr
Sanai,Rose,13-09-2022,,Production Technician II,PL,Part-Time,Zone C,Part-Time,Unk,Production,General - Con,18-04-1997,MA,Laborer,Female,91981,Black,Single,Fully Meets,3,2041,19-06-2023,1,1,5,25-09-2022,Technical Skills,External,Completed,5,970.6,SanaiRose,26,Active,25-34,,,1,2.33,0.76,0-1 yr
Luna,Arroyo,24-11-2019,,Production Technician II,BPC,Part-Time,Zone C,Part-Time,Unk,Production,General - Con,29-02-1992,MA,Technician,Female,79529,White,Married,Fully Meets,3,2042,24-06-2023,5,2,1,14-02-2023,Customer Service,External,Passed,1,651.4,LunaArroyo,31,Active,25-34,,,1,2.67,3.58,3-5 yr
Lorelai,Hale,19-03-2020,,Production Technician II,CCDR,Contract,Zone C,Part-Time,Unk,Production,Isp,21-09-1967,MA,Technician,Female,7492,White,Married,Fully Meets,3,2043,07-06-2023,1,3,3,08-10-2022,Project Management,Internal,Passed,5,809.68,LorelaiHale,55,Active,55+,,,1,2.33,3.22,3-5 yr
Darrell,Horne,14-09-2022,,Production Technician II,SVG,Contract,Zone C,Full-Time,Unk,Production,Wireline Construction,20-02-1992,MA,Operator,Female,16589,Black,Married,Fully Meets,3,2044,14-11-2022,5,1,5,05-08-2023,Customer Service,External,Passed,5,570.91,DarrellHorne,30,Active,25-34,,,1,3.67,0.17,0-1 yr
Itzel,Nunez,21-09-2021,,Production Technician II,EW,Part-Time,Zone A,Part-Time,Unk,Production,Fielders,19-11-1976,MA,Engineer,Female,39813,Other,Divorced,Fully Meets,3,2045,05-06-2023,3,1,4,04-05-2023,Customer Service,Internal,Incomplete,1,852.72,ItzelNunez,46,Active,45-54,,,0,2.67,1.7,1-3 yr
Serena,Lutz,22-05-2020,,Production Technician II,MSC,Part-Time,Zone C,Part-Time,Unk,Production,Project Management - Con,26-10-1948,MA,Manager,Female,31663,Asian,Widowed,Fully Meets,3,2046,03-03-2023,2,2,4,25-12-2022,Technical Skills,Internal,Incomplete,1,787.98,SerenaLutz,74,Active,55+,,,0,2.67,2.78,1-3 yr
Gwendolyn,Gray,13-12-2022,,Production Technician II,TNS,Contract,Zone A,Part-Time,Unk,Production,Aerial,23-08-1966,MA,Laborer,Female,26502,White,Single,Fully Meets,3,2047,24-08-2022,3,5,3,15-08-2022,Technical Skills,Internal,Failed,1,942.72,GwendolynGray,56,Active,55+,,,0,3.67,-0.3,
Khalil,Lee,07-02-2022,,Production Technician II,PYZ,Contract,Zone B,Part-Time,Unk,Production,Aerial,06-04-1995,MA,Laborer,Female,4321,Asian,Married,Fully Meets,3,2048,25-11-2022,2,5,4,02-11-2022,Customer Service,External,Failed,2,626.4,KhalilLee,27,Active,25-34,,,0,3.67,0.8,0-1 yr
Corinne,Navarro,06-10-2020,,Production Technician II,WBL,Contract,Zone A,Full-Time,Unk,Production,Field Operations,07-05-1942,MA,Laborer,Female,93573,Asian,Widowed,Fully Meets,3,2049,06-06-2023,3,1,3,28-03-2023,Project Management,Internal,Failed,4,765.68,CorinneNavarro,81,Active,55+,,,0,2.33,2.66,1-3 yr
Meadow,Atkins,11-01-2022,16-12-2022,Production Technician II,NEL,Full-Time,Zone C,Full-Time,Retirement,Production,Wireless,03-02-1953,MA,Safety,Female,17084,White,Widowed,Fully Meets,3,2050,03-04-2023,5,4,5,13-12-2022,Communication Skills,Internal,Completed,3,904.54,MeadowAtkins,70,Terminated,55+,2022,December,1,4.67,0.93,0-1 yr
Jaden,Charles,26-02-2022,,Production Technician I,CCDR,Part-Time,Zone C,Temporary,Unk,Production,Field Operations,13-04-1999,MA,Laborer,Female,18433,Black,Single,Fully Meets,3,2051,12-08-2022,5,2,4,17-03-2023,Project Management,Internal,Incomplete,2,761.28,JadenCharles,23,Active,<25,,,0,3.67,0.46,0-1 yr
Blaine,Contreras,10-06-2020,13-11-2022,Production Technician I,SVG,Part-Time,Zone B,Part-Time,Involuntary,Production,Field Operations,12-05-1956,MA,Laborer,Female,61020,Hispanic,Married,Fully Meets,3,2052,06-07-2023,1,4,4,06-11-2022,Project Management,Internal,Completed,4,507.49,BlaineContreras,67,Terminated,55+,2022,November,1,3,2.43,1-3 yr
Kolten,Kim,27-09-2021,,Production Technician I,EW,Part-Time,Zone B,Temporary,Unk,Production,Engineers,09-02-1989,MA,Engineer,Female,34501,White,Divorced,Fully Meets,3,2053,23-06-2023,5,3,1,13-05-2023,Leadership Development,Internal,Incomplete,5,862.9,KoltenKim,34,Active,25-34,,,0,3,1.74,1-3 yr
Erika,Mata,25-10-2018,15-10-2021,Production Technician I,MSC,Contract,Zone C,Temporary,Voluntary,Production,Project Management - Con,30-12-1993,MA,Coordinator,Female,41617,Black,Married,Fully Meets,3,2054,04-02-2023,4,5,3,06-06-2023,Leadership Development,Internal,Incomplete,4,528.18,ErikaMata,29,Terminated,25-34,2021,October,0,4,2.97,1-3 yr
Beau,Olsen,25-11-2020,,Production Technician I,TNS,Contract,Zone A,Full-Time,Unk,Production,Engineers,19-07-1989,MA,Executive,Female,70318,White,Divorced,Fully Meets,3,2055,28-10-2022,5,4,2,08-11-2022,Technical Skills,External,Passed,2,805.7,BeauOlsen,33,Active,25-34,,,1,3.67,1.92,1-3 yr
Kelly,Ellis,17-04-2020,26-02-2022,Production Technician I,PYZ,Contract,Zone A,Full-Time,Voluntary,Production,Field Operations,25-07-1957,MA,Laborer,Female,69455,White,Divorced,Fully Meets,3,2056,12-07-2023,3,4,1,02-02-2023,Technical Skills,External,Failed,1,190.55,KellyEllis,66,Terminated,55+,2022,February,0,2.67,1.86,1-3 yr
Nikhil,Rivas,15-04-2021,,Production Technician I,WBL,Contract,Zone C,Part-Time,Unk,Production,Field Operations,14-12-1964,MA,Laborer,Male,28907,Hispanic,Married,Fully Meets,3,2057,06-05-2023,4,1,3,01-01-2023,Customer Service,Internal,Failed,3,605.36,NikhilRivas,58,Active,55+,,,0,2.67,2.06,1-3 yr
Brady,Boyd,17-04-2022,03-06-2022,Production Technician I,NEL,Full-Time,Zone A,Temporary,Resignation,Production,Field Operations,13-01-1984,MA,Laborer,Male,9125,White,Divorced,Fully Meets,3,2058,29-05-2023,5,5,4,31-12-2022,Customer Service,Internal,Passed,1,338.16,BradyBoyd,39,Terminated,35-44,2022,June,1,4.67,0.13,0-1 yr
Alfred,Manning,29-07-2023,06-08-2023,Production Technician I,PL,Full-Time,Zone C,Temporary,Retirement,Production,General - Con,27-07-1987,MA,Laborer,Female,7499,White,Married,Fully Meets,3,2059,09-05-2023,4,4,5,06-05-2023,Customer Service,External,Completed,3,969.03,AlfredManning,35,Terminated,35-44,2023,August,1,4.33,0.02,0-1 yr
Angelina,Russell,26-01-2023,,Production Technician I,BPC,Part-Time,Zone C,Part-Time,Unk,Production,Field Operations,18-09-1942,MA,Tower Hand,Female,96077,Asian,Divorced,Fully Meets,3,2060,26-06-2023,5,5,5,23-07-2023,Project Management,External,Failed,3,442.39,AngelinaRussell,80,Active,55+,,,0,5,0.41,0-1 yr
King,Garrison,12-12-2018,,Production Technician I,CCDR,Full-Time,Zone A,Full-Time,Unk,Production,Engineers,06-08-1946,MA,Field Project Manager,Female,55355,Other,Married,Fully Meets,3,2061,26-05-2023,2,4,3,15-03-2023,Technical Skills,External,Incomplete,1,952.69,KingGarrison,76,Active,55+,,,0,3,4.45,3-5 yr
Kale,Middleton,25-10-2018,,Production Technician I,SVG,Contract,Zone C,Temporary,Unk,Production,Project Management - Con,18-07-1950,MA,Laborer,Female,35346,Hispanic,Single,Fully Meets,3,2062,05-09-2022,4,1,2,20-05-2023,Project Management,External,Passed,1,842.36,KaleMiddleton,72,Active,55+,,,1,2.33,3.86,3-5 yr
Kailyn,Montgomery,20-05-2021,,Production Technician I,EW,Contract,Zone B,Full-Time,Unk,Production,Aerial,26-03-1944,MA,Groundman,Female,72585,Hispanic,Married,Fully Meets,3,2063,06-04-2023,4,5,3,01-01-2023,Technical Skills,External,Failed,5,333.78,KailynMontgomery,79,Active,55+,,,0,4,1.88,1-3 yr
Philip,Cobb,28-08-2020,26-12-2020,Production Technician I,MSC,Part-Time,Zone C,Full-Time,Resignation,Production,Finance & Accounting,10-05-1964,MA,Executive,Female,32823,White,Single,Fully Meets,3,2064,13-03-2023,1,3,5,10-09-2022,Technical Skills,Internal,Passed,2,343.22,PhilipCobb,58,Terminated,55+,2020,December,1,3,0.33,0-1 yr
Bria,Spence,10-05-2020,,Production Technician II,EW,Contract,Zone C,Full-Time,Unk,Production,Field Operations,29-02-1972,MA,Laborer,Female,18169,Other,Single,Fully Meets,3,2065,13-01-2023,5,4,4,15-05-2023,Leadership Development,Internal,Failed,1,283.86,BriaSpence,50,Active,45-54,,,0,4.33,2.68,1-3 yr
Ellie,Holder,04-08-2023,04-08-2023,Production Technician II,MSC,Contract,Zone A,Full-Time,Voluntary,Production,Project Management - Con,25-05-1989,MA,Manager,Female,71853,Asian,Single,Fully Meets,3,2066,08-10-2022,1,5,1,03-09-2022,Customer Service,Internal,Passed,5,107.29,EllieHolder,33,Terminated,25-34,2023,August,1,2.33,0,0-1 yr
Denzel,Clark,22-04-2022,,Production Technician II,NEL,Full-Time,Zone C,Part-Time,Unk,Production,Engineers,20-10-1949,MA,Project Manager,Female,97487,White,Divorced,Fully Meets,3,2067,14-03-2023,5,2,1,10-05-2023,Leadership Development,External,Failed,4,320.87,DenzelClark,73,Active,55+,,,0,2.67,0.89,0-1 yr
Sidney,Lewis,05-06-2021,,Production Technician II,PL,Contract,Zone C,Part-Time,Unk,Production,Field Operations,07-09-1962,MA,Laborer,Female,53645,White,Divorced,Fully Meets,3,2068,22-08-2022,4,3,5,03-02-2023,Leadership Development,Internal,Incomplete,3,670.68,SidneyLewis,59,Active,55+,,,0,4,1.21,1-3 yr
Simon,Rivers,29-06-2022,,Production Technician II,PYZ,Full-Time,Zone C,Temporary,Unk,Production,Wireline Construction,25-12-1991,MA,Manager,Female,43569,Other,Widowed,Fully Meets,3,2069,22-07-2023,3,1,5,10-05-2023,Communication Skills,External,Incomplete,3,685.62,SimonRivers,31,Active,25-34,,,0,3,1.06,1-3 yr
Branson,Schneider,02-07-2022,,Production Technician II,SVG,Contract,Zone A,Full-Time,Unk,Production,Field Operations,20-02-1969,MA,Operator,Female,38800,White,Divorced,Fully Meets,3,2070,23-02-2023,3,4,5,12-04-2023,Technical Skills,Internal,Completed,5,842.88,BransonSchneider,54,Active,45-54,,,1,4,0.65,0-1 yr
Maren,Whitehead,04-01-2023,,Production Technician II,TNS,Contract,Zone A,Full-Time,Unk,Production,Wireline Construction,14-05-1977,MA,Laborer,Female,72287,White,Widowed,Fully Meets,3,2071,15-09-2022,2,1,5,09-02-2023,Technical Skills,Internal,Incomplete,5,735.7,MarenWhitehead,45,Active,45-54,,,0,2.67,-0.3,
Gilbert,Hensley,08-07-2023,,Production Technician II,WBL,Contract,Zone A,Temporary,Unk,Production,Project Management - Con,07-09-1980,MA,Engineer,Female,37599,White,Single,Fully Meets,3,2072,21-09-2022,5,4,1,17-06-2023,Customer Service,Internal,Passed,5,974.31,GilbertHensley,42,Active,35-44,,,1,3.33,-0.79,
Armani,Barker,03-03-2023,06-08-2023,Production Technician II,PYZ,Part-Time,Zone B,Full-Time,Involuntary,Production,Field Operations,18-07-1956,MA,Manager,Female,52861,Hispanic,Single,Fully Meets,3,2073,12-02-2023,1,2,2,03-08-2023,Project Management,Internal,Incomplete,3,760.53,ArmaniBarker,66,Terminated,55+,2023,August,0,1.67,0.43,0-1 yr
Tamia,Byrd,19-08-2019,,Production Technician II,WBL,Part-Time,Zone B,Full-Time,Unk,Production,Field Operations,25-11-1967,MA,Supervisor,Female,11079,Hispanic,Widowed,Fully Meets,3,2074,05-07-2023,3,2,4,20-09-2022,Project Management,Internal,Passed,5,640.97,TamiaByrd,55,Active,55+,,,1,3,3.88,3-5 yr
Oliver,Richardson,30-10-2018,,Production Technician I,NEL,Contract,Zone A,Full-Time,Unk,Production,Project Management - Con,13-10-1976,MA,Manager,Female,88221,Other,Married,Fully Meets,3,2075,27-02-2023,4,5,2,27-10-2022,Customer Service,External,Incomplete,5,807.49,OliverRichardson,46,Active,45-54,,,0,3.67,4.33,3-5 yr
Nathalia,Larson,07-12-2021,02-01-2023,Production Technician I,PL,Full-Time,Zone A,Full-Time,Voluntary,Production,Field Operations,27-07-1943,MA,Project Manager,Female,83667,Black,Divorced,Fully Meets,3,2076,07-01-2023,5,5,1,08-11-2022,Communication Skills,Internal,Completed,3,350.22,NathaliaLarson,79,Terminated,55+,2023,January,1,3.67,1.07,1-3 yr
Laurel,Chan,18-11-2020,13-02-2021,Production Technician I,PYZ,Full-Time,Zone A,Temporary,Resignation,Production,General - Con,25-12-1943,MA,Foreman,Female,50403,Asian,Married,Fully Meets,3,2077,26-07-2023,4,1,1,07-04-2023,Communication Skills,Internal,Completed,4,447.67,LaurelChan,79,Terminated,55+,2021,February,1,2,0.24,0-1 yr
Alejandra,Barnes,26-09-2018,15-10-2019,Production Technician I,SVG,Full-Time,Zone B,Temporary,Voluntary,Production,Field Operations,26-10-1986,MA,Laborer,Female,50499,White,Single,Fully Meets,3,2078,21-10-2022,5,5,2,07-08-2022,Communication Skills,Internal,Incomplete,5,737.61,AlejandraBarnes,36,Terminated,35-44,2019,October,0,4,1.05,1-3 yr
Emilio,Daniel,19-06-2022,,Production Technician I,TNS,Part-Time,Zone B,Part-Time,Unk,Production,General - Con,12-06-1956,MA,Flagger,Female,60487,White,Married,Fully Meets,3,2079,03-03-2023,4,2,3,15-01-2023,Leadership Development,External,Completed,4,444.96,EmilioDaniel,66,Active,55+,,,1,3,0.7,0-1 yr
Ellie,Robbins,15-09-2022,14-02-2023,Production Technician I,WBL,Contract,Zone B,Temporary,Involuntary,Production,Catv,03-11-1960,MA,Supervisor,Female,34104,Other,Married,Fully Meets,3,2080,12-02-2023,4,1,4,09-06-2023,Project Management,External,Failed,1,605.05,EllieRobbins,62,Terminated,55+,2023,February,0,3,0.42,0-1 yr
Vicente,Hansen,09-05-2020,,Production Technician I,BPC,Part-Time,Zone A,Temporary,Unk,Production,Engineers,08-06-1988,MA,Supervisor,Female,84354,Asian,Married,Fully Meets,3,2081,21-02-2023,1,1,4,14-05-2023,Customer Service,External,Failed,4,744.4,VicenteHansen,34,Active,25-34,,,0,2,2.79,1-3 yr
Jordan,Kemp,17-02-2021,,Production Technician I,CCDR,Contract,Zone C,Temporary,Unk,Production,Field Operations,08-01-1961,MA,Laborer,Male,53786,Black,Single,Fully Meets,3,2082,01-01-2023,4,2,4,09-08-2022,Customer Service,External,Incomplete,1,230.77,JordanKemp,62,Active,55+,,,0,3.33,1.87,1-3 yr
Edith,Richard,12-04-2020,,Production Technician I,EW,Contract,Zone C,Temporary,Unk,Production,Engineers,16-05-1981,MA,Technician,Female,92893,Hispanic,Divorced,Fully Meets,3,2083,26-06-2023,2,2,4,21-12-2022,Project Management,External,Incomplete,5,569.44,EdithRichard,42,Active,35-44,,,0,2.67,3.2,3-5 yr
Dustin,Snow,30-03-2021,,Production Technician I,MSC,Contract,Zone B,Full-Time,Unk,Production,Sales & Marketing,06-02-1971,MA,Assistant,Female,77142,Hispanic,Divorced,Fully Meets,3,2084,26-05-2023,3,2,2,02-02-2023,Project Management,External,Passed,1,677.67,DustinSnow,52,Active,45-54,,,1,2.33,2.15,1-3 yr
Layton,Goodwin,05-05-2019,11-01-2022,Production Technician I,NEL,Contract,Zone C,Full-Time,Voluntary,Production,Engineers,12-07-1999,MA,Engineer,Female,8666,Asian,Married,Fully Meets,3,2085,13-10-2022,3,4,4,29-03-2023,Project Management,External,Incomplete,1,963.42,LaytonGoodwin,23,Terminated,<25,2022,January,0,3.67,2.69,1-3 yr
Eliza,Munoz,31-05-2021,12-11-2021,Production Technician I,PL,Contract,Zone A,Part-Time,Retirement,Production,General - Con,14-11-1978,MA,Laborer,Female,26272,Asian,Divorced,Fully Meets,3,2086,05-08-2022,5,4,3,03-04-2023,Communication Skills,External,Completed,3,488.66,ElizaMunoz,43,Terminated,35-44,2021,November,1,4,0.45,0-1 yr
Arianna,Durham,21-11-2019,24-06-2020,Production Technician I,PYZ,Part-Time,Zone A,Full-Time,Involuntary,Production,Field Operations,19-12-1959,MA,Laborer,Female,11105,Black,Widowed,Fully Meets,3,2087,14-11-2022,4,4,1,02-04-2023,Leadership Development,Internal,Completed,3,450.94,AriannaDurham,62,Terminated,55+,2020,June,1,3,0.59,0-1 yr
Lia,Orr,19-07-2019,,Production Technician I,SVG,Contract,Zone B,Full-Time,Unk,Production,Yard (Material Handling),27-05-1960,MA,Coordinator,Female,37040,White,Divorced,Fully Meets,3,2088,21-12-2022,2,1,2,09-02-2023,Communication Skills,External,Completed,3,407.99,LiaOrr,62,Active,55+,,,1,1.67,3.43,3-5 yr
Ethan,Rhodes,29-12-2018,04-07-2020,Production Technician I,TNS,Contract,Zone C,Part-Time,Voluntary,Production,Technology / It,04-06-1966,MA,Director,Female,93414,White,Married,Fully Meets,3,2089,16-06-2023,5,3,3,04-01-2023,Communication Skills,Internal,Completed,2,423.31,EthanRhodes,57,Terminated,55+,2020,July,1,3.67,1.51,1-3 yr
Alexis,Nielsen,12-01-2023,,Production Technician II,EW,Part-Time,Zone B,Full-Time,Unk,Production,General - Sga,30-10-1942,MA,Assistant,Female,33206,Asian,Divorced,Fully Meets,3,2090,23-07-2023,3,4,3,23-10-2022,Leadership Development,Internal,Incomplete,1,189.64,AlexisNielsen,80,Active,55+,,,0,3.33,0.53,0-1 yr
Adalyn,Bass,25-11-2022,,Production Technician II,MSC,Contract,Zone C,Part-Time,Unk,Production,Field Operations,14-03-1999,MA,Locator,Female,72118,Black,Single,Fully Meets,3,2091,21-02-2023,3,1,1,20-07-2023,Leadership Development,Internal,Incomplete,3,102.77,AdalynBass,23,Active,<25,,,0,1.67,0.24,0-1 yr
Hadley,Benson,13-11-2019,,Production Technician II,NEL,Part-Time,Zone C,Full-Time,Unk,Production,Field Operations,09-09-1987,MA,Laborer,Female,36134,Asian,Widowed,Fully Meets,3,2092,24-07-2023,1,2,3,13-03-2023,Communication Skills,External,Completed,5,246.13,HadleyBenson,35,Active,35-44,,,1,2,3.69,3-5 yr
Carlee,Lang,08-09-2020,24-08-2022,Production Technician II,PL,Contract,Zone A,Temporary,Resignation,Production,General - Con,06-05-1948,MA,Technician,Female,18116,Hispanic,Married,Fully Meets,3,2093,01-02-2023,2,3,1,23-04-2023,Leadership Development,External,Failed,5,628.62,CarleeLang,74,Terminated,55+,2022,August,0,2,1.96,1-3 yr
Eli,Flores,16-06-2019,07-09-2021,Production Technician II,PYZ,Part-Time,Zone C,Part-Time,Involuntary,Production,Field Operations,12-01-1964,MA,Groundman,Female,67210,Black,Married,Fully Meets,3,2094,25-08-2022,2,5,5,11-03-2023,Leadership Development,Internal,Passed,4,739.32,EliFlores,58,Terminated,55+,2021,September,1,4,2.23,1-3 yr
Lyric,Solomon,14-07-2023,16-07-2023,Production Technician II,SVG,Full-Time,Zone A,Full-Time,Retirement,Production,Project Management - Con,19-10-1997,MA,Manager,Female,60616,Other,Divorced,Fully Meets,3,2095,21-07-2023,5,3,1,14-11-2022,Leadership Development,Internal,Passed,3,773.16,LyricSolomon,25,Terminated,25-34,2023,July,1,3,0.01,0-1 yr
Jerome,Howard,18-07-2023,,Production Technician II,TNS,Contract,Zone C,Full-Time,Unk,Production,Field Operations,17-07-1985,MA,Construction Manager,Female,17358,Black,Single,Fully Meets,3,2096,28-05-2023,3,4,4,25-04-2023,Communication Skills,External,Completed,3,838.65,JeromeHoward,37,Active,35-44,,,1,3.67,-0.14,
Parker,Fritz,06-12-2018,09-04-2019,Production Technician II,WBL,Part-Time,Zone C,Full-Time,Retirement,Production,Aerial,25-02-1964,MA,Lineman,Female,29605,Black,Widowed,PIP,2,2097,30-08-2022,2,1,4,26-11-2022,Technical Skills,External,Incomplete,3,426.55,ParkerFritz,58,Terminated,55+,2019,April,0,2.33,0.34,0-1 yr
Phillip,Fuentes,15-07-2020,,Production Technician II,BPC,Part-Time,Zone B,Temporary,Unk,Production,Catv,19-05-1950,MA,Laborer,Female,51886,Other,Divorced,PIP,5,2098,01-02-2023,2,4,1,25-09-2022,Project Management,External,Incomplete,2,254.35,PhillipFuentes,72,Active,55+,,,0,2.33,2.55,1-3 yr
Drake,Wiggins,30-10-2018,,Production Technician I,BPC,Full-Time,Zone B,Part-Time,Unk,Production,General - Sga,29-03-1969,MA,Vp,Female,66261,Hispanic,Widowed,PIP,4,2099,26-03-2023,1,4,5,28-02-2023,Customer Service,External,Completed,2,829.08,DrakeWiggins,54,Active,45-54,,,1,3.33,4.4,3-5 yr
Lucy,Santos,13-09-2022,,Production Technician I,CCDR,Contract,Zone A,Temporary,Unk,Production,Aerial,24-11-1944,MA,Coordinator,Female,26880,Other,Divorced,Exceeds,4,2100,09-01-2023,1,1,1,29-04-2023,Communication Skills,External,Incomplete,2,710.31,LucySantos,78,Active,55+,,,0,1,0.32,0-1 yr
Justice,Curry,28-12-2022,13-05-2023,Production Technician I,SVG,Full-Time,Zone B,Temporary,Involuntary,Production,Fielders,13-12-1964,MA,Engineer,Female,35098,Hispanic,Married,PIP,5,2101,10-01-2023,4,4,2,29-06-2023,Leadership Development,External,Completed,1,751.81,JusticeCurry,58,Terminated,55+,2023,May,1,3.33,0.37,0-1 yr
Valeria,Zavala,24-03-2023,,Production Technician I,EW,Part-Time,Zone B,Part-Time,Unk,Production,Field Operations,23-01-1966,MA,Driller,Female,90728,Asian,Single,Exceeds,2,2102,16-07-2023,1,1,3,04-05-2023,Communication Skills,Internal,Passed,1,598.51,ValeriaZavala,57,Active,55+,,,1,1.67,0.31,0-1 yr
Nola,Sellers,02-10-2020,,Production Technician I,MSC,Contract,Zone A,Full-Time,Unk,Production,Field Operations,25-12-1986,MA,Construction Manager,Female,49149,Asian,Widowed,Exceeds,5,2103,16-02-2023,1,4,5,06-09-2022,Technical Skills,Internal,Incomplete,3,958.29,NolaSellers,36,Active,35-44,,,0,3.33,2.37,1-3 yr
Andre,Fields,14-09-2020,,Production Technician I,TNS,Contract,Zone A,Temporary,Unk,Production,Field Operations,19-08-1949,MA,Laborer,Female,73771,Hispanic,Widowed,Exceeds,2,2104,10-06-2023,1,4,3,14-10-2022,Technical Skills,External,Completed,5,200.34,AndreFields,73,Active,55+,,,1,2.67,2.74,1-3 yr
Joel,Hanson,19-01-2020,,Production Technician I,PYZ,Part-Time,Zone C,Part-Time,Unk,Production,General - Sga,27-01-1960,MA,Supervisor,Female,92541,Hispanic,Single,Needs Improvement,4,2105,24-07-2023,3,4,2,10-11-2022,Technical Skills,External,Completed,3,365.03,JoelHanson,63,Active,55+,,,1,3,3.51,3-5 yr
Tony,Mendoza,14-04-2019,20-01-2023,Production Technician I,WBL,Contract,Zone C,Temporary,Resignation,Production,Wireline Construction,14-11-1962,MA,Foreman,Male,47601,White,Widowed,Exceeds,2,2106,28-10-2022,5,5,1,15-07-2023,Customer Service,Internal,Passed,4,782.43,TonyMendoza,59,Terminated,55+,2023,January,1,3.67,3.77,3-5 yr
Jacqueline,Black,02-06-2023,24-07-2023,Production Technician I,NEL,Contract,Zone B,Temporary,Retirement,Production,Field Operations,27-12-1943,MA,Project Manager,Female,68361,Hispanic,Widowed,Exceeds,1,2107,25-11-2022,4,1,1,05-03-2023,Communication Skills,External,Passed,1,668.91,JacquelineBlack,78,Terminated,55+,2023,July,1,2,0.14,0-1 yr
Denise,Mccullough,09-05-2022,03-01-2023,Production Technician I,PL,Part-Time,Zone A,Temporary,Retirement,Production,Field Operations,19-09-1978,MA,Driller,Female,71922,White,Widowed,Needs Improvement,2,2108,10-04-2023,1,2,4,05-09-2022,Customer Service,Internal,Completed,5,804.37,DeniseMccullough,44,Terminated,35-44,2023,January,1,2.33,0.65,0-1 yr
Zain,Tanner,23-02-2021,,Production Technician I,BPC,Part-Time,Zone C,Part-Time,Unk,Production,Field Operations,22-11-1988,MA,Tower Hand,Female,51689,Other,Divorced,Exceeds,5,2109,04-04-2023,3,3,5,18-04-2023,Project Management,External,Failed,3,869.94,ZainTanner,34,Active,25-34,,,0,3.67,2.11,1-3 yr
Richard,Deleon,04-06-2021,,Production Technician I,CCDR,Contract,Zone C,Temporary,Unk,Production,General - Sga,13-05-1948,MA,Vp,Female,97553,Black,Single,Exceeds,4,2110,13-11-2022,1,4,2,30-12-2022,Communication Skills,Internal,Passed,4,399.55,RichardDeleon,74,Active,55+,,,1,2.33,1.44,1-3 yr
Carmelo,Hayden,29-03-2022,30-07-2022,Production Technician I,SVG,Full-Time,Zone A,Temporary,Involuntary,Production,General - Con,17-05-1957,MA,Lineman,Female,92067,Asian,Single,Needs Improvement,5,2111,26-04-2023,2,3,1,17-11-2022,Customer Service,Internal,Passed,4,470.24,CarmeloHayden,65,Terminated,55+,2022,July,1,2,0.34,0-1 yr
Emilio,Pierce,30-07-2019,21-01-2020,Production Technician I,EW,Part-Time,Zone B,Temporary,Voluntary,Production,Engineers,24-09-1943,MA,Technician,Female,65114,Other,Widowed,Exceeds,4,2112,01-02-2023,4,3,1,17-09-2022,Customer Service,External,Failed,2,157.04,EmilioPierce,79,Terminated,55+,2020,January,0,2.67,0.48,0-1 yr
Emerson,Wood,09-07-2020,10-12-2022,Production Technician I,MSC,Part-Time,Zone B,Full-Time,Involuntary,Production,General - Con,20-10-1944,MA,Clerk,Female,9677,White,Widowed,Exceeds,2,2113,31-08-2022,5,1,5,18-08-2022,Project Management,Internal,Passed,2,394.54,EmersonWood,77,Terminated,55+,2022,December,1,3.67,2.42,1-3 yr
Abagail,Moran,24-08-2019,,Production Technician II,NEL,Contract,Zone C,Part-Time,Unk,Production,Engineers,24-04-1992,MA,Project Manager,Female,38475,White,Single,Exceeds,4,2114,08-02-2023,5,4,1,26-02-2023,Communication Skills,External,Completed,2,326.98,AbagailMoran,30,Active,25-34,,,1,3.33,3.46,3-5 yr
Nikhil,Cummings,15-04-2019,10-05-2023,Production Technician II,PL,Contract,Zone A,Part-Time,Voluntary,Production,Billable Consultants,30-03-1978,MA,Engineer,Female,25166,Asian,Married,Exceeds,2,2115,25-01-2023,5,2,1,24-09-2022,Leadership Development,Internal,Incomplete,5,752.82,NikhilCummings,44,Terminated,35-44,2023,May,0,2.67,4.07,3-5 yr
Stanley,Bowen,21-08-2021,,Production Technician II,BPC,Part-Time,Zone C,Full-Time,Unk,Production,Engineers,03-09-1946,MA,Engineer,Female,81288,Black,Divorced,Needs Improvement,4,2116,11-05-2023,1,4,2,26-08-2022,Leadership Development,Internal,Completed,2,990.89,StanleyBowen,76,Active,55+,,,1,2.33,1.72,1-3 yr
Terrell,Hanna,22-06-2020,,Production Technician II,CCDR,Full-Time,Zone B,Full-Time,Unk,Production,Field Operations,17-05-1993,MA,Laborer,Female,45637,Hispanic,Divorced,Exceeds,2,2117,16-11-2022,2,3,2,27-05-2023,Customer Service,External,Incomplete,4,531.69,TerrellHanna,29,Active,25-34,,,0,2.33,2.4,1-3 yr
Dale,Mendoza,28-01-2020,,Production Technician II,SVG,Part-Time,Zone C,Temporary,Unk,Production,Project Management - Eng,06-11-2000,MA,Coordinator,Female,41529,White,Widowed,Exceeds,5,2118,20-03-2023,3,2,4,21-04-2023,Leadership Development,Internal,Completed,3,384.28,DaleMendoza,22,Active,<25,,,1,3,3.14,3-5 yr
Marcos,Carey,29-03-2019,,Production Technician II,EW,Part-Time,Zone A,Temporary,Unk,Production,General - Con,10-09-1941,MA,Foreman,Female,72491,White,Married,Exceeds,5,2119,27-05-2023,1,2,3,15-07-2023,Technical Skills,External,Passed,5,803.08,MarcosCarey,81,Active,55+,,,1,2,4.16,3-5 yr
Simeon,Pittman,05-10-2018,,Production Technician II,MSC,Contract,Zone C,Full-Time,Unk,Production,Wireline Construction,17-01-1967,MA,Lineman,Female,66867,Asian,Divorced,Needs Improvement,2,2120,05-09-2022,4,4,1,22-05-2023,Project Management,External,Incomplete,1,131.78,SimeonPittman,55,Active,55+,,,0,3,3.92,3-5 yr
Jenna,Cochran,20-08-2020,,Production Technician II,TNS,Part-Time,Zone A,Full-Time,Unk,Production,Splicing,11-09-1998,MA,Splicer,Female,12265,Asian,Married,Exceeds,5,2121,29-01-2023,4,1,3,31-12-2022,Project Management,Internal,Passed,2,459.39,JennaCochran,24,Active,<25,,,1,2.67,2.44,1-3 yr
Tia,Kent,11-06-2021,14-11-2022,Production Technician I,BPC,Full-Time,Zone C,Temporary,Resignation,Production,General - Con,21-10-1975,MA,Locator,Female,65636,Asian,Married,Needs Improvement,5,2122,25-01-2023,3,3,2,02-01-2023,Technical Skills,External,Passed,1,949.46,TiaKent,47,Terminated,45-54,2022,November,1,2.67,1.43,1-3 yr
Chace,Farley,10-09-2021,,Production Technician I,CCDR,Contract,Zone B,Temporary,Unk,Production,Catv,12-02-1979,MA,Project Manager,Female,96364,White,Widowed,Exceeds,2,2123,29-10-2022,3,5,3,23-09-2022,Project Management,External,Failed,4,169.71,ChaceFarley,43,Active,35-44,,,0,3.67,1.13,1-3 yr
Spencer,Hicks,21-02-2023,09-07-2023,Production Technician I,SVG,Contract,Zone B,Temporary,Voluntary,Production,Wireline Construction,09-08-1950,MA,Laborer,Female,42707,White,Single,Exceeds,2,2124,21-04-2023,4,1,5,26-04-2023,Leadership Development,Internal,Completed,2,238.23,SpencerHicks,72,Terminated,55+,2023,July,1,3.33,0.38,0-1 yr
Leslie,Zamora,09-08-2019,,Production Technician I,EW,Full-Time,Zone B,Part-Time,Unk,Production,Engineers,30-05-2001,MA,Project Manager,Female,1514,White,Divorced,Exceeds,4,2125,23-09-2022,4,5,3,19-08-2022,Communication Skills,External,Incomplete,2,486.63,LeslieZamora,21,Active,<25,,,0,4,3.12,3-5 yr
Chasity,Kennedy,08-03-2021,07-10-2022,Production Technician I,MSC,Part-Time,Zone C,Temporary,Involuntary,Production,Technology / It,20-06-1969,MA,Helpdesk,Female,35121,Black,Married,PIP,1,2126,14-04-2023,3,4,4,24-01-2023,Communication Skills,External,Failed,2,692.5,ChasityKennedy,53,Terminated,45-54,2022,October,0,3.67,1.58,1-3 yr
Makena,Benitez,20-07-2019,,Production Technician I,TNS,Contract,Zone A,Part-Time,Unk,Production,Field Operations,26-11-1953,MA,Foreman,Female,36490,Black,Single,Needs Improvement,4,2127,01-08-2023,2,2,3,03-04-2023,Leadership Development,Internal,Passed,5,119.71,MakenaBenitez,69,Active,55+,,,1,2.33,4.03,3-5 yr
Remington,Walton,27-03-2023,,Production Technician I,PYZ,Full-Time,Zone A,Temporary,Unk,Production,Field Operations,02-10-1955,MA,Foreman,Female,85293,Black,Widowed,Needs Improvement,2,2128,01-04-2023,1,3,1,22-12-2022,Project Management,External,Passed,2,168.47,RemingtonWalton,67,Active,55+,,,1,1.67,0.01,0-1 yr
Raina,Best,07-10-2019,,Production Technician I,WBL,Part-Time,Zone B,Temporary,Unk,Production,Field Operations,02-02-1988,MA,Technician,Male,40632,Other,Divorced,Needs Improvement,2,2129,30-09-2022,5,5,2,03-03-2023,Communication Skills,External,Incomplete,4,951.82,RainaBest,34,Active,25-34,,,0,4,2.98,1-3 yr
Paulina,Henderson,13-12-2022,,Production Technician I,NEL,Contract,Zone C,Part-Time,Unk,Production,Field Operations,24-02-1973,MA,Tower Hand,Female,54337,Other,Married,Needs Improvement,1,2130,30-03-2023,3,5,2,21-11-2022,Project Management,Internal,Completed,4,444.22,PaulinaHenderson,50,Active,45-54,,,1,3.33,0.29,0-1 yr
Kaiya,Marsh,06-06-2020,12-03-2022,Production Technician I,PL,Part-Time,Zone C,Part-Time,Resignation,Production,Field Operations,12-03-1951,MA,Laborer,Female,88590,Black,Widowed,Needs Improvement,4,2131,28-12-2022,1,2,1,21-01-2023,Project Management,Internal,Passed,5,591.83,KaiyaMarsh,71,Terminated,55+,2022,March,1,1.33,1.76,1-3 yr
Scarlett,Brooks,25-04-2022,,Production Technician I,BPC,Full-Time,Zone A,Full-Time,Unk,Production,Fielders,18-06-1964,MA,Technician,Female,70052,Other,Widowed,Needs Improvement,2,2132,15-12-2022,2,3,3,15-09-2022,Communication Skills,Internal,Passed,5,936.77,ScarlettBrooks,58,Active,55+,,,1,2.67,0.64,0-1 yr
Makhi,Kramer,28-07-2020,,Production Technician I,CCDR,Contract,Zone A,Full-Time,Unk,Production,Field Operations,20-08-1974,MA,Tower Hand,Female,88134,Black,Single,PIP,1,2133,02-03-2023,2,3,2,16-03-2023,Technical Skills,External,Passed,4,797.13,MakhiKramer,48,Active,45-54,,,1,2.33,2.59,1-3 yr
Beatrice,Faulkner,28-02-2022,31-05-2023,Production Technician I,SVG,Part-Time,Zone B,Temporary,Resignation,Production,Aerial,09-07-2001,MA,Foreman,Female,36904,Hispanic,Widowed,Exceeds,2,2134,27-02-2023,4,2,5,20-10-2022,Technical Skills,Internal,Completed,1,420.72,BeatriceFaulkner,21,Terminated,<25,2023,May,1,3.67,1.25,1-3 yr
Valeria,Mayo,25-10-2021,18-02-2023,Production Technician I,EW,Contract,Zone A,Part-Time,Voluntary,Production,Engineers,25-04-1955,MA,Technician,Female,65653,Asian,Married,Exceeds,2,2135,02-08-2023,2,2,4,21-11-2022,Technical Skills,Internal,Completed,5,218.13,ValeriaMayo,68,Terminated,55+,2023,February,1,2.67,1.32,1-3 yr
Darrell,Vaughan,12-09-2018,11-07-2020,Production Technician I,MSC,Part-Time,Zone A,Part-Time,Involuntary,Production,Underground,08-10-1991,MA,Labor,Female,19006,Other,Divorced,Exceeds,1,2136,18-02-2023,2,2,2,28-11-2022,Communication Skills,Internal,Incomplete,1,659.25,DarrellVaughan,31,Terminated,25-34,2020,July,0,2,1.83,1-3 yr
Carlos,Murphy,31-12-2022,15-01-2023,Production Technician II,CCDR,Contract,Zone B,Full-Time,Involuntary,Production,General - Con,21-02-1962,MA,Laborer,Female,53948,Black,Married,Exceeds,5,2137,14-10-2022,1,3,3,01-04-2023,Technical Skills,External,Completed,1,187.31,CarlosMurphy,60,Terminated,55+,2023,January,1,2.33,0.04,0-1 yr
Wilson,Sloan,04-11-2021,10-06-2023,Production Technician II,EW,Contract,Zone C,Temporary,Involuntary,Production,Project Management - Con,11-08-1966,MA,Evp,Female,69346,Hispanic,Divorced,Exceeds,2,2138,22-08-2022,1,5,2,17-08-2022,Project Management,Internal,Completed,3,282.21,WilsonSloan,56,Terminated,55+,2023,June,1,2.67,1.6,1-3 yr
Kaleb,Elliott,05-05-2020,,Production Technician II,MSC,Part-Time,Zone B,Full-Time,Unk,Production,Aerial,30-03-1968,MA,Laborer,Female,3763,White,Widowed,Exceeds,2,2139,05-05-2023,1,4,4,21-05-2023,Technical Skills,Internal,Passed,2,935.49,KalebElliott,55,Active,55+,,,1,3,3,1-3 yr
Harley,Jones,08-12-2020,,Production Technician II,NEL,Contract,Zone A,Part-Time,Unk,Production,Engineers,22-08-1969,MA,Supervisor,Female,74489,Black,Widowed,Exceeds,2,2140,11-05-2023,4,5,4,27-04-2023,Project Management,External,Completed,3,264.84,HarleyJones,53,Active,45-54,,,1,4.33,2.42,1-3 yr
Casey,Dixon,29-09-2018,20-05-2023,Production Technician II,PL,Contract,Zone C,Full-Time,Resignation,Production,Aerial,25-07-1946,MA,Foreman,Female,73814,Hispanic,Married,Exceeds,2,2141,14-11-2022,2,3,3,07-06-2023,Customer Service,Internal,Completed,1,619.72,CaseyDixon,76,Terminated,55+,2023,May,1,2.67,4.64,3-5 yr
Josue,Gentry,09-01-2020,02-11-2020,Production Technician II,PYZ,Contract,Zone A,Temporary,Involuntary,Production,Engineers,25-01-1965,MA,Engineer,Female,40697,Other,Widowed,Exceeds,2,2142,06-05-2023,2,5,1,11-01-2023,Leadership Development,Internal,Failed,3,248.83,JosueGentry,58,Terminated,55+,2020,November,0,2.67,0.82,0-1 yr
Adelaide,Meyer,01-07-2020,31-10-2022,Production Technician II,SVG,Contract,Zone A,Temporary,Involuntary,Production,Yard (Material Handling),25-01-1994,MA,Coordinator,Female,46121,Asian,Divorced,Exceeds,1,2143,14-12-2022,2,1,1,11-08-2022,Communication Skills,Internal,Incomplete,2,322.33,AdelaideMeyer,28,Terminated,25-34,2022,October,0,1.33,2.33,1-3 yr
Pierre,Craig,25-08-2022,,Production Technician II,TNS,Full-Time,Zone B,Temporary,Unk,Production,Field Operations,28-01-1998,MA,Laborer,Female,80572,Hispanic,Divorced,Exceeds,2,2144,09-06-2023,2,5,4,26-01-2023,Communication Skills,Internal,Completed,4,474.09,PierreCraig,25,Active,25-34,,,1,3.67,0.79,0-1 yr
Leo,Hickman,27-02-2019,,Production Technician II,WBL,Full-Time,Zone A,Full-Time,Unk,Production,General - Sga,04-10-1989,MA,Coordinator,Female,58886,Other,Divorced,Exceeds,1,2145,19-05-2023,3,3,5,05-12-2022,Project Management,External,Failed,4,251.83,LeoHickman,33,Active,25-34,,,0,3.67,4.22,3-5 yr
Frankie,Franklin,25-12-2019,04-06-2023,Production Technician I,MSC,Full-Time,Zone A,Temporary,Resignation,Production,Splicing,03-11-1943,MA,Model Assistant,Female,73772,Other,Divorced,Exceeds,2,2146,24-02-2023,3,1,1,09-03-2023,Leadership Development,External,Completed,1,386.89,FrankieFranklin,79,Terminated,55+,2023,June,1,1.67,3.44,3-5 yr
Vance,Cain,14-08-2020,27-10-2021,Production Technician I,NEL,Contract,Zone B,Temporary,Involuntary,Production,Aerial,06-11-1981,MA,Lineman,Female,80599,Hispanic,Divorced,Exceeds,4,2147,03-11-2022,2,1,2,25-01-2023,Technical Skills,External,Passed,3,535.19,VanceCain,41,Terminated,35-44,2021,October,1,1.67,1.2,1-3 yr
Joel,Koch,30-07-2021,,Production Technician I,PL,Full-Time,Zone A,Full-Time,Unk,Production,Splicing,21-04-1949,MA,Splicer,Female,75427,Black,Widowed,Exceeds,5,2148,12-06-2023,1,1,2,16-04-2023,Communication Skills,Internal,Passed,1,409.66,JoelKoch,74,Active,55+,,,1,1.33,1.87,1-3 yr
Cheyanne,Hess,02-05-2021,27-06-2023,Production Technician I,PYZ,Full-Time,Zone A,Temporary,Involuntary,Production,Project Management - Con,26-03-1997,MA,Coordinator,Female,90636,White,Single,Exceeds,5,2149,21-05-2023,5,3,5,08-05-2023,Technical Skills,Internal,Failed,2,747.63,CheyanneHess,26,Terminated,25-34,2023,June,0,4.33,2.15,1-3 yr
Ishaan,Sheppard,21-01-2023,29-03-2023,Production Technician I,SVG,Full-Time,Zone B,Full-Time,Voluntary,Production,Splicing,06-10-1971,MA,Splicer,Female,73850,Asian,Widowed,Exceeds,5,2150,26-11-2022,2,1,1,03-08-2023,Project Management,External,Incomplete,3,794.12,IshaanSheppard,51,Terminated,45-54,2023,March,0,1.33,0.18,0-1 yr
Areli,Mitchell,20-01-2021,27-06-2023,Production Technician I,TNS,Contract,Zone B,Temporary,Involuntary,Production,Fielders,05-12-1950,MA,Engineer,Female,47622,Hispanic,Married,Exceeds,1,2151,11-04-2023,4,4,4,10-03-2023,Leadership Development,External,Failed,3,845.94,AreliMitchell,72,Terminated,55+,2023,June,0,4,2.43,1-3 yr
Alexis,Kirby,07-10-2020,,Production Technician I,WBL,Part-Time,Zone C,Temporary,Unk,Production,Engineers,07-01-1956,MA,Project Manager,Female,70069,White,Widowed,Exceeds,2,2152,30-03-2023,3,1,4,15-10-2022,Communication Skills,External,Completed,4,606.89,AlexisKirby,67,Active,55+,,,1,2.67,2.48,1-3 yr
Alfred,Caldwell,15-06-2019,,Production Technician I,BPC,Contract,Zone C,Part-Time,Unk,Production,Project Management - Con,10-09-1944,MA,Model Assistant,Female,58613,Other,Married,Exceeds,4,2153,19-01-2023,3,5,3,24-02-2023,Customer Service,Internal,Completed,2,190.07,AlfredCaldwell,78,Active,55+,,,1,3.67,3.6,3-5 yr
Julianna,Vang,28-04-2022,,Production Technician I,CCDR,Part-Time,Zone A,Temporary,Unk,Production,Field Operations,08-09-1975,MA,Driller,Male,3793,Other,Married,Exceeds,4,2154,18-05-2023,1,3,2,11-03-2023,Project Management,External,Failed,4,795.38,JuliannaVang,47,Active,45-54,,,0,2,1.05,1-3 yr
Arthur,Wilson,29-06-2019,19-02-2023,Production Technician I,EW,Part-Time,Zone B,Full-Time,Resignation,Production,Finance & Accounting,24-02-1942,MA,Coordinator,Female,72455,Other,Single,Exceeds,4,2155,13-03-2023,1,2,4,21-03-2023,Customer Service,Internal,Passed,1,972.82,ArthurWilson,81,Terminated,55+,2023,February,1,2.33,3.64,3-5 yr
Ariel,Osborn,11-09-2018,14-03-2020,Production Technician I,MSC,Part-Time,Zone B,Temporary,Voluntary,Production,Executive,29-01-1989,MA,Manager,Female,94916,Black,Widowed,Exceeds,3,2156,03-03-2023,5,1,3,19-01-2023,Customer Service,Internal,Failed,2,763.44,ArielOsborn,34,Terminated,25-34,2020,March,0,3,1.51,1-3 yr
Ansley,Arias,15-05-2020,22-12-2021,Production Technician I,NEL,Contract,Zone A,Full-Time,Retirement,Production,General - Sga,02-02-1950,MA,Assistant,Female,1687,Asian,Married,Exceeds,4,2157,10-12-2022,4,2,5,02-10-2022,Leadership Development,Internal,Incomplete,1,152.69,AnsleyArias,72,Terminated,55+,2021,December,0,3.67,1.6,1-3 yr
Melany,Stafford,23-02-2023,,Production Technician I,PL,Full-Time,Zone B,Full-Time,Unk,Production,Field Operations,07-07-1962,MA,Foreman,Female,54978,White,Married,Exceeds,3,2158,04-01-2023,2,4,3,06-04-2023,Communication Skills,External,Failed,1,989.3,MelanyStafford,60,Active,55+,,,0,3,-0.14,
Matias,Burns,23-03-2021,22-03-2022,Production Technician I,PYZ,Full-Time,Zone C,Temporary,Resignation,Production,Aerial,31-05-1983,MA,Lineman,Female,73141,White,Widowed,Exceeds,5,2159,20-09-2022,1,1,1,24-01-2023,Customer Service,External,Completed,3,833.52,MatiasBurns,39,Terminated,35-44,2022,March,1,1,1,0-1 yr
Aden,George,07-11-2022,06-04-2023,Production Technician I,SVG,Full-Time,Zone A,Part-Time,Involuntary,Production,General - Con,22-05-1988,MA,Laborer,Female,5804,Other,Married,Exceeds,3,2160,20-01-2023,1,1,5,16-06-2023,Customer Service,Internal,Completed,5,329.65,AdenGeorge,34,Terminated,25-34,2023,April,1,2.33,0.41,0-1 yr
Rodolfo,Franklin,19-05-2021,,Production Technician I,TNS,Contract,Zone C,Full-Time,Unk,Production,Project Management - Con,26-05-1951,MA,Engineer,Female,61393,Asian,Single,Exceeds,3,2161,27-05-2023,1,4,3,29-09-2022,Communication Skills,Internal,Completed,1,443.04,RodolfoFranklin,72,Active,55+,,,1,2.67,2.02,1-3 yr
Juliet,Wall,02-01-2021,,Production Technician II,WBL,Full-Time,Zone B,Temporary,Unk,Production,Project Management - Con,05-04-1970,MA,Project Manager,Female,53999,Asian,Married,Exceeds,3,2162,17-02-2023,3,5,4,03-06-2023,Project Management,External,Incomplete,5,136.81,JulietWall,52,Active,45-54,,,0,4,2.12,1-3 yr
London,Contreras,26-03-2019,,Production Technician II,NEL,Contract,Zone B,Full-Time,Unk,Production,General - Sga,19-11-1966,MA,Lineman,Female,32240,White,Married,Exceeds,1,2163,12-01-2023,5,5,4,19-01-2023,Communication Skills,Internal,Failed,3,665.2,LondonContreras,56,Active,55+,,,0,4.67,3.8,3-5 yr
Kyler,Burton,28-09-2020,,Production Technician II,PL,Part-Time,Zone C,Full-Time,Unk,Production,General - Eng,27-07-1950,MA,Technician,Female,95333,Black,Divorced,Exceeds,3,2164,09-12-2022,3,1,3,11-06-2023,Technical Skills,Internal,Incomplete,2,978.55,KylerBurton,72,Active,55+,,,0,2.33,2.2,1-3 yr
Yasmine,Hughes,16-03-2019,26-04-2020,Production Technician II,BPC,Contract,Zone C,Full-Time,Involuntary,Production,Field Operations,06-02-1948,MA,Laborer,Female,26451,Asian,Divorced,Exceeds,3,2165,28-10-2022,5,3,3,23-07-2023,Project Management,External,Failed,4,652.57,YasmineHughes,74,Terminated,55+,2020,April,0,3.67,1.11,1-3 yr
Dillon,Sullivan,20-03-2019,,Production Technician II,CCDR,Contract,Zone B,Part-Time,Unk,Production,Field Operations,09-09-1997,MA,Operator,Female,7438,Asian,Widowed,Exceeds,3,2166,16-01-2023,2,2,1,02-10-2022,Technical Skills,External,Passed,2,953.59,DillonSullivan,25,Active,25-34,,,1,1.67,3.83,3-5 yr
Kendrick,Ashley,30-12-2018,10-08-2020,Production Technician II,SVG,Part-Time,Zone B,Temporary,Voluntary,Production,Technology / It,27-11-1991,MA,Administrator,Female,5348,Hispanic,Divorced,Exceeds,3,2167,03-09-2022,2,4,2,28-03-2023,Leadership Development,External,Completed,5,163.17,KendrickAshley,30,Terminated,25-34,2020,August,1,2.67,1.61,1-3 yr
Rashad,Mayo,08-08-2018,,Production Technician II,EW,Part-Time,Zone B,Full-Time,Unk,Production,Field Operations,16-01-1995,MA,Technician,Female,26000,Black,Divorced,Exceeds,3,2168,08-01-2023,5,1,4,01-08-2023,Customer Service,Internal,Incomplete,2,851.51,RashadMayo,27,Active,25-34,,,0,3.33,4.42,3-5 yr
Larissa,Warner,04-07-2020,11-05-2022,Production Technician II,MSC,Full-Time,Zone A,Full-Time,Retirement,Production,General - Con,26-12-1995,MA,Flagger,Female,81396,Black,Widowed,Exceeds,3,2169,18-04-2023,5,2,4,17-03-2023,Customer Service,External,Failed,1,200.13,LarissaWarner,27,Terminated,25-34,2022,May,0,3.67,1.85,1-3 yr
Delilah,Cooke,29-01-2023,,Production Technician I,PL,Full-Time,Zone C,Part-Time,Unk,Production,Wireline Construction,17-06-1950,MA,Billing,Female,65842,Black,Widowed,Exceeds,3,2170,30-01-2023,1,5,2,14-03-2023,Leadership Development,External,Completed,2,347.4,DelilahCooke,72,Active,55+,,,1,2.67,0,0-1 yr
Simone,Sharp,09-08-2021,27-05-2022,Production Technician I,BPC,Full-Time,Zone A,Part-Time,Resignation,Production,Executive,11-02-1992,MA,Executive Assistant,Female,34460,Hispanic,Married,Exceeds,3,2171,16-03-2023,1,3,2,19-06-2023,Communication Skills,External,Passed,3,243.07,SimoneSharp,31,Terminated,25-34,2022,May,1,2,0.8,0-1 yr
Cristofer,Mcbride,16-05-2021,30-06-2023,Production Technician I,CCDR,Part-Time,Zone C,Temporary,Retirement,Production,Field Operations,01-06-1994,MA,Laborer,Female,84884,Other,Single,Exceeds,3,2172,17-03-2023,2,4,1,23-06-2023,Project Management,External,Incomplete,2,198.08,CristoferMcbride,28,Terminated,25-34,2023,June,0,2.33,2.12,1-3 yr
Charlize,Wong,14-08-2021,08-10-2021,Production Technician I,SVG,Contract,Zone A,Part-Time,Retirement,Production,Engineers,04-10-1987,MA,Engineer,Female,6115,Asian,Divorced,Exceeds,3,2173,13-02-2023,1,4,3,18-04-2023,Technical Skills,External,Completed,5,372.55,CharlizeWong,35,Terminated,35-44,2021,October,1,2.67,0.15,0-1 yr
Adelaide,Herman,08-02-2022,,Production Technician I,EW,Full-Time,Zone B,Temporary,Unk,Production,General - Eng,29-12-1970,MA,Coordinator,Female,6918,Black,Married,Exceeds,3,2174,25-12-2022,1,1,5,13-11-2022,Technical Skills,External,Incomplete,2,446.22,AdelaideHerman,52,Active,45-54,,,0,2.33,0.88,0-1 yr
Kason,Ellison,16-12-2019,21-06-2020,Production Technician I,MSC,Contract,Zone C,Temporary,Voluntary,Production,Field Operations,02-10-1987,MA,Technician,Female,71740,Hispanic,Widowed,Exceeds,2,2175,16-03-2023,1,3,3,22-02-2023,Communication Skills,External,Completed,2,512.6,KasonEllison,35,Terminated,35-44,2020,June,1,2.33,0.51,0-1 yr
Tyree,Weaver,07-10-2021,,Production Technician I,TNS,Full-Time,Zone B,Full-Time,Unk,Production,Field Operations,22-12-1988,MA,Foreman,Female,4056,Asian,Married,Exceeds,2,2176,29-04-2023,2,1,1,19-04-2023,Communication Skills,External,Completed,5,357.52,TyreeWeaver,34,Active,25-34,,,1,1.33,1.56,1-3 yr
Landen,Figueroa,23-12-2020,,Production Technician I,PYZ,Full-Time,Zone A,Full-Time,Unk,Production,Catv,02-09-1951,MA,Supervisor,Male,35807,Asian,Single,PIP,4,2177,17-10-2022,4,2,1,07-07-2023,Customer Service,External,Passed,4,616.66,LandenFigueroa,71,Active,55+,,,1,2.33,1.82,1-3 yr
Francis,Robbins,01-11-2022,,Production Technician I,WBL,Contract,Zone B,Part-Time,Unk,Production,Fielders,30-08-1990,MA,Engineer,Female,86281,Hispanic,Married,PIP,4,2178,11-09-2022,4,1,5,08-05-2023,Communication Skills,Internal,Completed,5,368.55,FrancisRobbins,32,Active,25-34,,,1,3.33,-0.14,
Raphael,Solomon,28-10-2022,27-05-2023,Production Technician I,NEL,Contract,Zone B,Full-Time,Retirement,Production,Project Management - Con,04-01-1996,MA,Supervisor,Female,28181,Black,Widowed,PIP,4,2179,16-06-2023,1,3,1,08-09-2022,Leadership Development,External,Passed,4,937.57,RaphaelSolomon,27,Terminated,25-34,2023,May,1,1.67,0.58,0-1 yr
Zariah,Castaneda,03-11-2018,03-05-2023,Production Technician I,PL,Full-Time,Zone A,Full-Time,Resignation,Production,Field Operations,10-08-1980,MA,Technician,Female,74027,Hispanic,Widowed,PIP,5,2180,29-05-2023,4,4,4,05-02-2023,Technical Skills,External,Incomplete,4,706.08,ZariahCastaneda,42,Terminated,35-44,2023,May,0,4,4.5,3-5 yr
Trevin,Lambert,05-03-2019,16-03-2020,Production Technician I,BPC,Contract,Zone A,Temporary,Resignation,Production,Field Operations,13-08-1991,MA,Foreman,Female,94011,Black,Single,PIP,5,2181,04-02-2023,2,1,4,28-06-2023,Communication Skills,Internal,Incomplete,2,542.94,TrevinLambert,31,Terminated,25-34,2020,March,0,2.33,1.03,1-3 yr
Nathalie,Hays,14-03-2021,,Production Technician I,CCDR,Full-Time,Zone A,Part-Time,Unk,Production,General - Eng,20-01-1992,MA,Engineer,Female,96129,Black,Widowed,Exceeds,4,2182,12-04-2023,1,1,2,22-07-2023,Communication Skills,External,Completed,2,105.18,NathalieHays,31,Active,25-34,,,1,1.33,2.08,1-3 yr
Bria,Bush,13-12-2018,,Production Technician I,SVG,Contract,Zone C,Full-Time,Unk,Production,Finance & Accounting,12-09-1949,MA,Manager,Female,81415,White,Divorced,Exceeds,5,2183,13-12-2022,4,4,2,23-04-2023,Communication Skills,External,Completed,3,287.3,BriaBush,73,Active,55+,,,1,3.33,4,3-5 yr
Mason,Brewer,05-09-2021,31-03-2023,Production Technician I,EW,Full-Time,Zone C,Part-Time,Retirement,Production,Aerial,20-02-1984,MA,Laborer,Female,22258,Other,Divorced,Exceeds,2,2184,09-03-2023,2,4,4,25-09-2022,Communication Skills,External,Failed,3,661.36,MasonBrewer,39,Terminated,35-44,2023,March,0,3.33,1.57,1-3 yr
Salvatore,Snyder,17-05-2020,18-02-2022,Production Technician II,WBL,Contract,Zone A,Full-Time,Involuntary,Production,Aerial,21-04-1959,MA,Groundman,Female,13138,Asian,Single,Exceeds,5,2185,07-11-2022,4,5,5,01-08-2023,Customer Service,Internal,Incomplete,5,220.95,SalvatoreSnyder,63,Terminated,55+,2022,February,0,4.67,1.76,1-3 yr
Vivian,Hickman,03-03-2023,23-03-2023,Production Technician II,NEL,Part-Time,Zone A,Temporary,Voluntary,Production,Field Operations,17-05-1997,MA,Technician,Male,74447,Hispanic,Married,Exceeds,1,2186,17-09-2022,4,1,1,21-09-2022,Leadership Development,External,Failed,5,747.61,VivianHickman,25,Terminated,25-34,2023,March,0,2,0.05,0-1 yr
Amaris,Kirk,28-02-2020,,Production Technician II,PL,Part-Time,Zone B,Full-Time,Unk,Production,Engineers,26-01-1998,MA,Program Manager,Female,31571,Hispanic,Married,Exceeds,5,2187,14-01-2023,2,1,5,07-06-2023,Communication Skills,Internal,Completed,1,575.77,AmarisKirk,24,Active,<25,,,1,2.67,2.88,1-3 yr
Grant,York,11-02-2021,28-06-2023,Production Technician II,BPC,Part-Time,Zone A,Part-Time,Involuntary,Production,Field Operations,21-02-1965,MA,Laborer,Female,1509,Black,Married,Exceeds,2,2188,25-01-2023,5,4,2,17-06-2023,Leadership Development,Internal,Incomplete,2,754.8,GrantYork,57,Terminated,55+,2023,June,0,3.67,2.37,1-3 yr
Tyree,Mahoney,25-01-2019,,Production Technician II,CCDR,Part-Time,Zone B,Temporary,Unk,Production,Shop (Fleet),04-07-1944,MA,Shop,Female,15861,White,Divorced,Needs Improvement,5,2189,19-08-2022,1,2,4,28-11-2022,Customer Service,External,Passed,2,585.65,TyreeMahoney,78,Active,55+,,,1,2.33,3.56,3-5 yr
Kimberly,Horn,25-04-2023,15-06-2023,Production Technician II,SVG,Part-Time,Zone C,Full-Time,Voluntary,Production,General - Con,20-01-1985,MA,Laborer,Female,46637,Asian,Single,Needs Improvement,5,2190,31-03-2023,5,2,3,29-04-2023,Technical Skills,Internal,Completed,2,623.98,KimberlyHorn,38,Terminated,35-44,2023,June,1,3.33,0.14,0-1 yr
Paul,Moreno,14-02-2021,19-04-2023,Production Technician II,EW,Contract,Zone C,Part-Time,Retirement,Production,Engineers,19-11-1971,MA,Engineer,Female,47342,Asian,Married,Needs Improvement,5,2191,11-04-2023,2,2,3,13-05-2023,Communication Skills,Internal,Failed,3,774.02,PaulMoreno,51,Terminated,45-54,2023,April,0,2.33,2.17,1-3 yr
Macey,Christian,07-10-2020,18-01-2023,Production Technician II,MSC,Part-Time,Zone C,Part-Time,Voluntary,Production,General - Con,29-06-1945,MA,Administration,Female,41219,Black,Divorced,Needs Improvement,1,2192,26-12-2022,5,3,4,02-10-2022,Leadership Development,External,Completed,4,866.14,MaceyChristian,77,Terminated,55+,2023,January,1,4,2.28,1-3 yr
Joel,Bowen,28-02-2019,01-06-2023,Production Technician I,NEL,Part-Time,Zone A,Part-Time,Involuntary,Production,Field Operations,01-08-1963,MA,Laborer,Male,67704,White,Married,Needs Improvement,4,2193,10-07-2023,2,2,3,16-07-2023,Technical Skills,External,Incomplete,2,704.42,JoelBowen,59,Terminated,55+,2023,June,0,2.33,4.25,3-5 yr
Isis,Vega,27-07-2019,,Production Technician I,PL,Full-Time,Zone B,Temporary,Unk,Production,Field Operations,18-02-1992,MA,Laborer,Female,57434,Other,Widowed,Needs Improvement,2,2194,02-10-2022,1,4,1,08-03-2023,Customer Service,External,Incomplete,5,164.41,IsisVega,30,Active,25-34,,,0,2,3.18,3-5 yr
Josie,Mercer,02-06-2023,07-07-2023,Production Technician I,BPC,Contract,Zone C,Part-Time,Voluntary,Production,Underground,31-10-1954,MA,Laborer,Female,46366,Black,Single,Needs Improvement,2,2195,30-11-2022,1,5,1,08-05-2023,Project Management,External,Failed,3,559.87,JosieMercer,68,Terminated,55+,2023,July,0,2.33,0.1,0-1 yr
Ellie,Ortega,14-11-2022,04-01-2023,Production Technician I,CCDR,Full-Time,Zone A,Full-Time,Resignation,Production,Underground,25-06-1983,MA,Operator,Male,15989,White,Single,Needs Improvement,5,2196,01-08-2023,5,2,3,10-12-2022,Technical Skills,External,Completed,2,572.11,EllieOrtega,40,Terminated,35-44,2023,January,1,3.33,0.14,0-1 yr
Adrien,Maddox,22-08-2018,10-11-2021,Production Technician I,SVG,Contract,Zone C,Full-Time,Involuntary,Production,Wireline Construction,12-04-1983,MA,Operator,Female,77437,Asian,Divorced,Needs Improvement,4,2197,15-04-2023,2,3,1,17-03-2023,Technical Skills,External,Passed,2,724.83,AdrienMaddox,40,Terminated,35-44,2021,November,1,2,3.22,3-5 yr
Landyn,Velez,15-12-2022,29-12-2022,Production Technician I,EW,Contract,Zone B,Temporary,Retirement,Production,Field Operations,01-07-1963,MA,Driver,Female,63184,White,Single,Exceeds,1,2198,13-07-2023,2,4,2,14-08-2022,Leadership Development,Internal,Failed,5,198.35,LandynVelez,60,Terminated,55+,2022,December,0,2.67,0.04,0-1 yr
Lilly,Haynes,31-05-2020,,Production Technician I,MSC,Full-Time,Zone C,Full-Time,Unk,Production,General - Con,10-07-1977,MA,Manager,Female,15120,White,Divorced,Exceeds,4,2199,03-06-2023,4,3,4,19-06-2023,Project Management,External,Passed,3,142.7,LillyHaynes,45,Active,45-54,,,1,3.67,3.01,3-5 yr
Bianca,Cardenas,19-07-2022,,Production Technician I,TNS,Contract,Zone A,Full-Time,Unk,Production,Field Operations,15-03-1954,MA,Laborer,Female,4751,Asian,Single,Exceeds,4,2200,16-12-2022,3,1,5,29-03-2023,Project Management,External,Incomplete,2,910.99,BiancaCardenas,68,Active,55+,,,0,3,0.41,0-1 yr
Cayden,Bartlett,01-07-2020,,Production Technician I,PYZ,Contract,Zone C,Part-Time,Unk,Production,Project Management - Con,27-06-1990,MA,Technician,Male,37225,Other,Married,Exceeds,2,2201,24-06-2023,5,1,5,15-03-2023,Leadership Development,Internal,Completed,4,863.83,CaydenBartlett,33,Active,25-34,,,1,3.67,2.98,1-3 yr
Desiree,Walker,18-11-2020,,Production Technician I,WBL,Contract,Zone A,Part-Time,Unk,Production,Project Management - Con,01-01-1969,MA,Project Manager,Female,92017,Asian,Married,Exceeds,4,2202,24-06-2023,5,4,5,08-09-2022,Customer Service,Internal,Completed,4,606.57,DesireeWalker,54,Active,45-54,,,1,4.67,2.6,1-3 yr
Colton,Le,29-02-2020,20-05-2021,Production Technician I,NEL,Contract,Zone A,Part-Time,Involuntary,Production,General - Con,05-04-1986,MA,Technician,Female,42742,Asian,Married,Exceeds,1,2203,29-08-2022,1,4,1,14-12-2022,Technical Skills,External,Incomplete,2,333.27,ColtonLe,36,Terminated,35-44,2021,May,0,2,1.22,1-3 yr
Leonidas,Bridges,24-09-2021,28-01-2022,Production Technician I,PL,Part-Time,Zone B,Part-Time,Retirement,Production,Shop (Fleet),23-10-1984,MA,Supervisor,Female,58905,Other,Divorced,Needs Improvement,2,2204,01-10-2022,5,2,3,27-11-2022,Customer Service,Internal,Passed,3,284.05,LeonidasBridges,37,Terminated,35-44,2022,January,1,3.33,0.34,0-1 yr
Gia,Franco,13-04-2022,30-07-2023,Production Technician I,BPC,Full-Time,Zone B,Full-Time,Involuntary,Production,General - Sga,13-01-1944,MA,Administrator,Female,32235,Black,Divorced,Needs Improvement,4,2205,05-09-2022,2,3,5,23-06-2023,Leadership Development,Internal,Incomplete,1,271.69,GiaFranco,78,Terminated,55+,2023,July,0,3.33,1.3,1-3 yr
Audrina,Williams,25-10-2022,,Production Technician I,CCDR,Contract,Zone A,Temporary,Unk,Production,Field Operations,09-01-1942,MA,Tower Hand,Female,40461,Other,Widowed,Needs Improvement,5,2206,24-08-2022,2,4,3,16-09-2022,Technical Skills,Internal,Completed,3,274.22,AudrinaWilliams,80,Active,55+,,,1,3,-0.17,
Sam,Knight,27-01-2021,,Production Technician I,SVG,Full-Time,Zone C,Full-Time,Unk,Production,Field Operations,06-06-1953,MA,Welder,Female,97669,Black,Divorced,Needs Improvement,5,2207,29-03-2023,3,3,1,26-06-2023,Project Management,External,Incomplete,1,448.93,SamKnight,69,Active,55+,,,0,2.33,2.17,1-3 yr
Lisa,Galia,21-09-2018,,IT Support,WBL,Full-Time,Zone B,Full-Time,Unk,IT/IS,Fielders,20-10-1948,CT,Technician,Female,6040,Other,Married,Needs Improvement,5,2208,07-03-2023,5,3,3,02-09-2022,Technical Skills,Internal,Incomplete,3,907.13,LisaGalia,74,Active,55+,,,0,3.67,4.46,3-5 yr
Rick,Clayton,14-04-2020,,IT Support,PYZ,Part-Time,Zone C,Part-Time,Unk,IT/IS,Wireline Construction,30-08-2000,MA,Groundman,Male,2170,Black,Widowed,Needs Improvement,5,2209,01-04-2023,2,2,5,02-11-2022,Technical Skills,External,Completed,3,545.69,RickClayton,22,Active,<25,,,1,3,2.96,1-3 yr
Julia,Soto,31-05-2021,31-10-2022,IT Support,PL,Part-Time,Zone C,Temporary,Resignation,IT/IS,Wireline Construction,12-02-1965,MA,Vp,Female,2360,Black,Single,Exceeds,4,2210,09-01-2023,1,5,3,17-07-2023,Technical Skills,Internal,Completed,5,220.14,JuliaSoto,57,Terminated,55+,2022,October,1,3,1.42,1-3 yr
Leonara,Lindsay,10-04-2020,,IT Support,WBL,Contract,Zone C,Temporary,Unk,IT/IS,Field Operations,24-08-1971,CT,Administrator,Female,6070,White,Married,Exceeds,5,2211,01-02-2023,1,5,3,21-11-2022,Leadership Development,External,Completed,3,906.62,LeonaraLindsay,51,Active,45-54,,,1,3,2.81,1-3 yr
Savanna,Mayo,03-07-2022,22-03-2023,IT Support,MSC,Full-Time,Zone C,Part-Time,Involuntary,IT/IS,Field Operations,11-05-1991,MA,Cfo,Female,74179,White,Widowed,Exceeds,1,2212,26-07-2023,4,1,5,19-07-2023,Technical Skills,Internal,Incomplete,1,160.81,SavannaMayo,32,Terminated,25-34,2023,March,0,3.33,0.72,0-1 yr
Branden,Khan,15-03-2023,10-05-2023,IT Support,EW,Part-Time,Zone A,Full-Time,Retirement,IT/IS,Shop (Fleet),03-09-1965,MA,Shop,Female,8415,Asian,Married,Exceeds,5,2213,05-05-2023,1,4,2,09-04-2023,Technical Skills,Internal,Passed,1,196.03,BrandenKhan,57,Terminated,55+,2023,May,1,2.33,0.15,0-1 yr
Aiden,Wade,29-07-2021,12-08-2022,IT Support,CCDR,Contract,Zone C,Full-Time,Resignation,IT/IS,Field Operations,22-10-1951,MA,Tower Hand,Female,8196,Black,Married,Exceeds,4,2214,26-02-2023,1,1,5,16-03-2023,Leadership Development,Internal,Passed,4,973.62,AidenWade,71,Terminated,55+,2022,August,1,2.33,1.04,1-3 yr
Conrad,Ochoa,05-02-2022,13-01-2023,IT Support,BPC,Contract,Zone B,Temporary,Resignation,IT/IS,Engineers,17-12-1962,MA,Engineer,Female,95814,Asian,Divorced,Exceeds,1,2215,24-04-2023,1,5,5,30-09-2022,Customer Service,External,Failed,3,227,ConradOchoa,60,Terminated,55+,2023,January,0,3.67,0.94,0-1 yr
Jaylyn,Bruce,09-11-2022,,IT Manager - Support,WBL,Part-Time,Zone B,Temporary,Unk,IT/IS,General - Con,10-02-1972,MA,Technician,Female,21899,Hispanic,Single,Exceeds,1,2216,13-04-2023,4,5,2,25-12-2022,Customer Service,External,Incomplete,4,587.29,JaylynBruce,51,Active,45-54,,,0,3.67,0.42,0-1 yr
Kaylie,Ayers,23-11-2020,14-12-2020,IT Manager - Infra,TNS,Part-Time,Zone A,Temporary,Voluntary,IT/IS,People Services,21-07-1995,CT,Director,Female,52244,Hispanic,Divorced,Exceeds,4,2217,05-10-2022,2,1,2,23-03-2023,Communication Skills,External,Failed,1,315.39,KaylieAyers,27,Terminated,25-34,2020,December,0,1.67,0.06,0-1 yr
Abdullah,Arellano,21-02-2019,21-10-2022,IT Manager - DB,SVG,Part-Time,Zone B,Part-Time,Resignation,IT/IS,Field Operations,08-11-1967,MA,Foreman,Female,29237,Asian,Widowed,Exceeds,4,2218,10-10-2022,4,1,5,27-12-2022,Technical Skills,Internal,Incomplete,5,222.99,AbdullahArellano,54,Terminated,45-54,2022,October,0,3.33,3.66,3-5 yr
Hazel,Lane,25-09-2022,06-05-2023,IT Support,SVG,Part-Time,Zone C,Part-Time,Retirement,IT/IS,Wireline Construction,25-10-1966,MA,Laborer,Female,8635,Hispanic,Widowed,Exceeds,5,2219,29-03-2023,5,2,2,03-01-2023,Technical Skills,External,Failed,5,401.35,HazelLane,56,Terminated,55+,2023,May,0,3,0.61,0-1 yr
Lilah,Harrison,17-09-2022,,IT Support,EW,Contract,Zone B,Temporary,Unk,IT/IS,General - Eng,03-09-1961,MA,Engineer,Female,30879,Asian,Married,Exceeds,4,2220,02-03-2023,3,3,5,02-06-2023,Leadership Development,External,Completed,4,938.01,LilahHarrison,61,Active,55+,,,1,3.67,0.45,0-1 yr
Cedric,Sawyer,31-05-2019,,IT Support,MSC,Contract,Zone C,Part-Time,Unk,IT/IS,Field Operations,14-11-1993,MA,Laborer,Female,49637,Hispanic,Single,Exceeds,4,2221,28-04-2023,1,5,1,07-08-2022,Technical Skills,Internal,Incomplete,1,737.04,CedricSawyer,29,Active,25-34,,,0,2.33,3.91,3-5 yr
Caiden,Lam,21-07-2020,18-08-2021,IT Support,TNS,Part-Time,Zone A,Temporary,Resignation,IT/IS,Wireline Construction,17-07-1998,MA,Laborer,Female,77955,Hispanic,Widowed,Exceeds,4,2222,14-09-2022,2,3,5,04-06-2023,Project Management,External,Failed,3,303.01,CaidenLam,24,Terminated,<25,2021,August,0,3.33,1.08,1-3 yr
Isla,Hawkins,04-07-2020,,IT Manager - Support,BPC,Full-Time,Zone C,Temporary,Unk,IT/IS,Executive,18-02-1942,MA,Vp,Female,43748,Asian,Widowed,Exceeds,2,2223,23-05-2023,1,1,4,07-04-2023,Communication Skills,External,Completed,2,905.55,IslaHawkins,81,Active,55+,,,1,2,2.88,1-3 yr
Hadley,Nash,13-10-2020,,IT Manager - Infra,CCDR,Full-Time,Zone A,Temporary,Unk,IT/IS,Wireline Construction,14-01-1999,CT,Groundman,Female,8958,Asian,Divorced,Exceeds,4,2224,02-02-2023,2,1,3,23-09-2022,Customer Service,Internal,Failed,2,914.52,HadleyNash,24,Active,<25,,,0,2,2.31,1-3 yr
Milo,Jensen,01-05-2023,,IT Manager - DB,EW,Part-Time,Zone A,Full-Time,Unk,IT/IS,Engineers,03-12-1971,MA,Project Manager,Male,84923,Black,Divorced,Exceeds,2,2225,21-08-2022,1,2,2,09-12-2022,Project Management,External,Passed,3,789.98,MiloJensen,50,Active,45-54,,,1,1.67,-0.69,
Zechariah,Strong,22-03-2019,17-06-2021,IT Support,SVG,Contract,Zone A,Full-Time,Resignation,IT/IS,General - Eng,07-09-1960,MA,Administrative,Female,73392,White,Married,Exceeds,1,2226,28-01-2023,4,4,5,10-09-2022,Project Management,Internal,Completed,3,125.06,ZechariahStrong,62,Terminated,55+,2021,June,1,4.33,2.24,1-3 yr
Raymond,Maldonado,27-12-2021,,IT Support,EW,Contract,Zone B,Full-Time,Unk,IT/IS,Aerial,05-06-1995,MA,Lineman,Female,13915,Black,Widowed,Needs Improvement,5,2227,18-09-2022,2,3,4,28-04-2023,Project Management,Internal,Passed,2,894.09,RaymondMaldonado,27,Active,25-34,,,1,3,0.73,0-1 yr
Kayley,Romero,12-08-2018,13-06-2022,IT Support,MSC,Part-Time,Zone B,Part-Time,Resignation,IT/IS,Wireless,16-09-1942,MA,Laborer,Female,58630,White,Divorced,PIP,4,2228,20-01-2023,3,2,2,21-02-2023,Technical Skills,External,Passed,3,713.03,KayleyRomero,80,Terminated,55+,2022,June,1,2.33,3.84,3-5 yr
Antonio,Gray,28-12-2022,,IT Support,TNS,Part-Time,Zone A,Temporary,Unk,IT/IS,Underground,01-10-1977,MA,Laborer,Female,11746,Asian,Divorced,PIP,4,2229,22-04-2023,3,1,1,28-01-2023,Communication Skills,Internal,Incomplete,5,897.51,AntonioGray,45,Active,45-54,,,0,1.67,0.31,0-1 yr
Kane,Mcfarland,25-11-2018,,IT Manager - Support,PYZ,Part-Time,Zone A,Full-Time,Unk,IT/IS,General - Con,20-08-1972,CT,Supervisor,Female,51949,Hispanic,Married,Fully Meets,2,2230,09-06-2023,1,5,5,03-08-2023,Project Management,External,Passed,3,634.34,KaneMcfarland,50,Active,45-54,,,1,3.67,4.54,3-5 yr
Kylie,Ellis,26-12-2020,,IT Manager - Infra,WBL,Full-Time,Zone A,Part-Time,Unk,IT/IS,General - Con,24-04-1990,CT,Laborer,Female,54795,Other,Single,Fully Meets,2,2231,04-01-2023,1,2,2,20-04-2023,Technical Skills,Internal,Failed,3,352.54,KylieEllis,32,Active,25-34,,,0,1.67,2.02,1-3 yr
Jovan,Giles,16-12-2022,,IT Manager - DB,NEL,Part-Time,Zone A,Full-Time,Unk,IT/IS,Field Operations,05-10-1942,MA,Engineer,Male,79191,Hispanic,Single,Fully Meets,5,2232,19-11-2022,4,5,2,23-03-2023,Customer Service,External,Completed,4,128.25,JovanGiles,80,Active,55+,,,1,3.67,-0.07,
Sheldon,Castillo,27-09-2019,,IT Support,MSC,Contract,Zone B,Full-Time,Unk,IT/IS,Splicing,22-04-1977,MA,Lineman,Female,93777,Asian,Single,Fully Meets,1,2233,03-10-2022,5,1,1,13-06-2023,Customer Service,Internal,Passed,1,893.71,SheldonCastillo,45,Active,45-54,,,1,2.33,3.02,3-5 yr
Ariel,Barnes,20-02-2021,09-01-2022,IT Support,EW,Part-Time,Zone C,Full-Time,Resignation,IT/IS,Wireline Construction,26-02-1975,MA,Laborer,Female,87474,Black,Married,Fully Meets,2,2234,23-08-2022,1,1,4,04-02-2023,Communication Skills,External,Completed,3,693.52,ArielBarnes,47,Terminated,45-54,2022,January,1,2,0.88,0-1 yr
Kyson,Grimes,26-02-2022,,IT Support,CCDR,Full-Time,Zone B,Full-Time,Unk,IT/IS,Shop (Fleet),31-08-1954,MA,Model Assistant,Female,37994,Other,Single,Fully Meets,1,2235,10-09-2022,3,5,3,09-03-2023,Customer Service,Internal,Failed,1,162.62,KysonGrimes,68,Active,55+,,,0,3.67,0.54,0-1 yr
Princess,Long,23-12-2018,11-10-2021,IT Support,BPC,Full-Time,Zone A,Temporary,Involuntary,IT/IS,Engineers,28-10-1948,CT,Project Manager,Female,44145,Hispanic,Widowed,Fully Meets,1,2236,29-12-2022,2,1,2,13-07-2023,Customer Service,External,Passed,2,144.74,PrincessLong,74,Terminated,55+,2021,October,1,1.67,2.8,1-3 yr
Lyla,Wong,10-01-2022,04-01-2023,IT Manager - Support,WBL,Full-Time,Zone B,Temporary,Resignation,IT/IS,Underground,22-04-1975,CT,Laborer,Female,25760,Other,Single,Fully Meets,2,2237,08-06-2023,2,5,2,10-05-2023,Leadership Development,External,Completed,3,240.77,LylaWong,48,Terminated,45-54,2023,January,1,3,0.98,0-1 yr
Shyanne,Livingston,04-03-2021,06-12-2021,IT Manager - Infra,TNS,Part-Time,Zone B,Temporary,Resignation,IT/IS,Project Management - Con,17-01-1972,CT,Purchasing,Male,55252,Hispanic,Widowed,Fully Meets,2,2238,28-03-2023,4,4,3,14-04-2023,Communication Skills,External,Completed,5,905.56,ShyanneLivingston,51,Terminated,45-54,2021,December,1,3.67,0.76,0-1 yr
Dario,Whitney,10-03-2023,04-04-2023,IT Manager - DB,SVG,Full-Time,Zone C,Part-Time,Retirement,IT/IS,Catv,11-12-1962,MA,Manager,Male,62468,Asian,Divorced,Fully Meets,5,2239,31-12-2022,1,3,4,11-04-2023,Technical Skills,Internal,Passed,4,273.84,DarioWhitney,60,Terminated,55+,2023,April,1,2.67,0.07,0-1 yr
Pedro,Nelson,05-12-2018,,IT Support,SVG,Part-Time,Zone B,Part-Time,Unk,IT/IS,Finance & Accounting,28-11-1997,MA,Accounting,Female,91567,Hispanic,Married,Fully Meets,2,2240,22-08-2022,2,4,5,17-03-2023,Communication Skills,Internal,Incomplete,4,980.41,PedroNelson,24,Active,<25,,,0,3.67,3.71,3-5 yr
Carlo,Carr,24-06-2021,,IT Support,EW,Part-Time,Zone C,Part-Time,Unk,IT/IS,Technology / It,01-06-1981,MA,Engineer,Female,5139,Hispanic,Married,Fully Meets,2,2241,30-01-2023,4,4,4,26-01-2023,Communication Skills,External,Failed,5,834.95,CarloCarr,41,Active,35-44,,,0,4,1.6,1-3 yr
Aileen,Pacheco,10-05-2022,16-07-2022,IT Support,MSC,Full-Time,Zone C,Temporary,Resignation,IT/IS,Field Operations,29-03-1994,MA,Runner,Female,48114,Hispanic,Married,Fully Meets,4,2242,26-02-2023,3,2,4,17-12-2022,Project Management,External,Failed,1,627.11,AileenPacheco,28,Terminated,25-34,2022,July,0,3,0.18,0-1 yr
Dorian,Wu,13-04-2023,03-05-2023,IT Support,TNS,Full-Time,Zone A,Part-Time,Involuntary,IT/IS,Finance & Accounting,20-07-1954,CT,Accounting,Female,90316,Other,Married,Fully Meets,4,2243,26-06-2023,1,3,5,30-12-2022,Leadership Development,External,Passed,4,242.22,DorianWu,68,Terminated,55+,2023,May,1,3,0.05,0-1 yr
Monica,Pham,04-08-2022,,IT Manager - Support,PYZ,Contract,Zone C,Temporary,Unk,IT/IS,Field Operations,08-12-1949,CT,Driller,Female,47299,Other,Married,Fully Meets,4,2244,01-03-2023,4,2,1,14-12-2022,Leadership Development,Internal,Passed,2,804.01,MonicaPham,73,Active,55+,,,1,2.33,0.57,0-1 yr
Londyn,Underwood,28-02-2021,13-07-2022,IT Manager - Infra,WBL,Part-Time,Zone C,Part-Time,Resignation,IT/IS,Engineers,15-09-1946,MA,Supervisor,Male,54056,Black,Divorced,Fully Meets,5,2245,08-07-2023,2,4,4,04-04-2023,Project Management,Internal,Incomplete,1,968.2,LondynUnderwood,76,Terminated,55+,2022,July,0,3.33,1.37,1-3 yr
Britney,Logan,14-10-2020,10-04-2022,IT Manager - DB,NEL,Contract,Zone B,Part-Time,Resignation,IT/IS,Field Operations,22-11-1973,MA,Technician,Male,7728,White,Divorced,Fully Meets,4,2246,20-03-2023,3,4,5,10-02-2023,Project Management,Internal,Completed,2,364.36,BritneyLogan,49,Terminated,45-54,2022,April,1,4,1.49,1-3 yr
Alessandra,Novak,10-09-2018,08-06-2023,IT Support,SVG,Part-Time,Zone B,Temporary,Resignation,IT/IS,Fielders,10-04-1983,MA,Engineer,Female,70092,Hispanic,Widowed,Fully Meets,2,2247,16-02-2023,3,4,4,19-04-2023,Communication Skills,External,Incomplete,3,803.16,AlessandraNovak,39,Terminated,35-44,2023,June,0,3.67,4.74,3-5 yr
Ariel,Powers,16-12-2022,28-05-2023,IT Support,EW,Part-Time,Zone B,Temporary,Retirement,IT/IS,Field Operations,17-12-1999,MA,Laborer,Female,71142,Hispanic,Widowed,Fully Meets,2,2248,24-05-2023,1,5,5,29-03-2023,Leadership Development,External,Incomplete,2,571.12,ArielPowers,23,Terminated,<25,2023,May,0,3.67,0.45,0-1 yr
Jewel,Bryant,28-09-2018,26-01-2019,IT Support,MSC,Contract,Zone C,Part-Time,Voluntary,IT/IS,Field Operations,07-11-1994,MA,Laborer,Female,2760,Black,Divorced,Fully Meets,4,2249,29-05-2023,3,5,5,06-07-2023,Customer Service,External,Failed,2,705.36,JewelBryant,28,Terminated,25-34,2019,January,0,4.33,0.33,0-1 yr
Irene,Kim,08-03-2022,26-04-2022,IT Support,TNS,Contract,Zone C,Temporary,Involuntary,IT/IS,Aerial,02-09-1962,CT,Groundman,Female,13557,Asian,Married,Fully Meets,5,2250,29-05-2023,4,2,1,08-04-2023,Communication Skills,Internal,Failed,5,565.78,IreneKim,60,Terminated,55+,2022,April,0,2.33,0.13,0-1 yr
Carla,Willis,12-01-2022,,IT Manager - Support,PYZ,Part-Time,Zone B,Temporary,Unk,IT/IS,Project Management - Con,03-10-1978,MA,Program Manager,Female,81938,Hispanic,Divorced,Fully Meets,2,2251,18-09-2022,4,4,4,19-11-2022,Technical Skills,External,Incomplete,5,593.14,CarlaWillis,43,Active,35-44,,,0,4,0.68,0-1 yr
Ricardo,Fitzgerald,08-12-2020,,IT Manager - Infra,WBL,Contract,Zone B,Part-Time,Unk,IT/IS,Field Operations,12-11-1973,MA,Coordinator,Male,73648,White,Widowed,Fully Meets,4,2252,28-09-2022,1,3,3,10-12-2022,Communication Skills,Internal,Completed,1,648.23,RicardoFitzgerald,48,Active,45-54,,,1,2.33,1.8,1-3 yr
Steven,Jarvis,17-11-2020,,IT Support,PYZ,Full-Time,Zone A,Full-Time,Unk,IT/IS,Field Operations,05-02-1982,MA,Technician,Female,73024,Other,Single,Fully Meets,1,2253,26-06-2023,5,1,2,07-01-2023,Communication Skills,External,Incomplete,1,426.97,StevenJarvis,41,Active,35-44,,,0,2.67,2.6,1-3 yr
Benjamin,Marquez,18-01-2021,,IT Support,SVG,Full-Time,Zone A,Part-Time,Unk,IT/IS,General - Sga,27-10-1957,MA,Administrator,Female,44031,Hispanic,Single,Fully Meets,2,2254,14-12-2022,3,2,5,20-11-2022,Project Management,Internal,Failed,4,267.76,BenjaminMarquez,65,Active,55+,,,0,3.33,1.9,1-3 yr
Gabrielle,Mercer,15-09-2020,01-10-2021,IT Support,TNS,Full-Time,Zone C,Part-Time,Involuntary,IT/IS,Wireline Construction,16-07-1990,MA,Lineman,Female,67812,Hispanic,Single,Fully Meets,2,2255,12-05-2023,1,4,4,05-02-2023,Customer Service,Internal,Completed,1,357.69,GabrielleMercer,32,Terminated,25-34,2021,October,1,3,1.04,1-3 yr
Kaylyn,Pham,11-12-2019,,IT Support,WBL,Part-Time,Zone C,Full-Time,Unk,IT/IS,Field Operations,29-12-1981,CT,Driller,Female,67840,Asian,Widowed,Fully Meets,5,2256,14-07-2023,5,5,4,13-01-2023,Leadership Development,Internal,Completed,1,312.42,KaylynPham,41,Active,35-44,,,1,4.67,3.59,3-5 yr
Ingrid,Lucero,29-04-2021,10-06-2022,IT Manager - Support,WBL,Contract,Zone B,Full-Time,Voluntary,IT/IS,General - Eng,22-10-1988,MA,Administrative,Male,77019,White,Married,Fully Meets,2,2257,25-07-2023,4,3,5,25-03-2023,Customer Service,External,Incomplete,2,456.3,IngridLucero,34,Terminated,25-34,2022,June,0,4,1.11,1-3 yr
Keshawn,Gilmore,03-04-2021,,IT Manager - Infra,TNS,Full-Time,Zone C,Part-Time,Unk,IT/IS,Engineers,20-02-1999,MA,Engineer,Male,88137,White,Widowed,Fully Meets,2,2258,03-04-2023,2,5,4,03-07-2023,Technical Skills,Internal,Failed,2,675.95,KeshawnGilmore,24,Active,<25,,,0,3.67,2,1-3 yr
Connor,Wang,01-02-2022,,IT Support,SVG,Part-Time,Zone A,Temporary,Unk,IT/IS,General - Eng,24-03-1961,MA,Drafter,Female,76781,Hispanic,Divorced,Fully Meets,1,2259,09-01-2023,1,2,5,03-05-2023,Communication Skills,External,Failed,3,754.61,ConnorWang,61,Active,55+,,,0,2.67,0.94,0-1 yr
Rocco,Vaughan,17-01-2020,30-09-2021,IT Support,EW,Part-Time,Zone B,Temporary,Voluntary,IT/IS,Engineers,21-10-1992,MA,Billing,Female,17501,Hispanic,Widowed,Fully Meets,1,2260,05-08-2023,3,1,4,23-08-2022,Customer Service,Internal,Incomplete,2,377.64,RoccoVaughan,30,Terminated,25-34,2021,September,0,2.67,1.7,1-3 yr
Samuel,Jennings,01-06-2022,,IT Support,MSC,Full-Time,Zone B,Part-Time,Unk,IT/IS,Wireline Construction,01-06-1958,CT,Foreman,Female,24054,Black,Divorced,Fully Meets,2,2261,17-11-2022,2,1,5,04-06-2023,Project Management,External,Failed,3,647.41,SamuelJennings,64,Active,55+,,,0,2.67,0.46,0-1 yr
Shane,Harper,17-03-2019,,IT Support,TNS,Contract,Zone A,Temporary,Unk,IT/IS,Engineers,03-10-1950,CT,Engineer,Female,84506,Other,Divorced,Fully Meets,2,2262,27-04-2023,4,4,3,29-05-2023,Communication Skills,External,Incomplete,3,122.43,ShaneHarper,72,Active,55+,,,0,3.67,4.11,3-5 yr
Kali,Yates,07-01-2020,,IT Manager - Support,PYZ,Contract,Zone B,Temporary,Unk,IT/IS,General - Sga,09-10-1965,MA,Assistant,Male,10273,Hispanic,Single,Fully Meets,2,2263,28-11-2022,3,1,4,05-10-2022,Project Management,Internal,Incomplete,5,662.94,KaliYates,57,Active,55+,,,0,2.67,2.89,1-3 yr
Piper,Guzman,24-02-2021,29-12-2021,IT Manager - Infra,WBL,Part-Time,Zone A,Part-Time,Involuntary,IT/IS,Executive,05-03-1979,MA,Manager,Male,4377,White,Single,Fully Meets,5,2264,08-11-2022,1,2,3,06-05-2023,Communication Skills,External,Failed,3,465.3,PiperGuzman,43,Terminated,35-44,2021,December,0,2,0.84,0-1 yr
Halle,Pena,30-12-2019,,IT Support,SVG,Contract,Zone C,Part-Time,Unk,IT/IS,Field Operations,30-12-1944,MA,Construction Manager,Female,87370,Hispanic,Single,Fully Meets,1,2265,08-03-2023,2,4,2,23-11-2022,Customer Service,Internal,Failed,4,680.88,HallePena,78,Active,55+,,,0,2.67,3.19,3-5 yr
Jameson,Eaton,12-05-2020,17-03-2021,IT Support,EW,Full-Time,Zone B,Temporary,Resignation,IT/IS,Field Operations,10-02-1975,MA,Construction Manager,Female,84988,Other,Single,Fully Meets,5,2266,27-04-2023,5,3,2,23-10-2022,Leadership Development,External,Completed,5,898.01,JamesonEaton,48,Terminated,45-54,2021,March,1,3.33,0.85,0-1 yr
Antony,Brandt,04-04-2023,,IT Support,MSC,Full-Time,Zone A,Part-Time,Unk,IT/IS,General - Con,18-06-1971,CT,Technician,Female,43148,Hispanic,Divorced,Fully Meets,4,2267,09-03-2023,1,3,3,11-11-2022,Technical Skills,Internal,Passed,1,518.79,AntonyBrandt,51,Active,45-54,,,1,2.33,-0.07,
Armani,Rogers,04-01-2021,28-04-2022,IT Support,TNS,Contract,Zone C,Full-Time,Resignation,IT/IS,General - Con,06-08-1963,CT,Technician,Male,58818,White,Single,Fully Meets,2,2268,03-07-2023,2,3,2,26-11-2022,Communication Skills,Internal,Failed,2,677.84,ArmaniRogers,59,Terminated,55+,2022,April,0,2.33,1.31,1-3 yr
Jacoby,Lyons,28-04-2020,01-12-2022,IT Manager - Support,PYZ,Full-Time,Zone C,Full-Time,Resignation,IT/IS,Executive,15-01-1974,MA,Ceo,Male,42997,Hispanic,Divorced,Fully Meets,1,2269,14-02-2023,5,5,1,09-12-2022,Technical Skills,Internal,Incomplete,1,109.33,JacobyLyons,49,Terminated,45-54,2022,December,0,3.67,2.59,1-3 yr
Dylan,Livingston,16-04-2019,31-07-2021,IT Support,PYZ,Contract,Zone C,Part-Time,Resignation,IT/IS,Project Management - Con,19-09-1952,MA,Manager,Female,93829,Asian,Single,Fully Meets,4,2270,18-03-2023,4,4,3,11-05-2023,Technical Skills,Internal,Passed,2,781.35,DylanLivingston,70,Terminated,55+,2021,July,1,3.67,2.29,1-3 yr
Raelynn,Compton,09-07-2022,,IT Support,SVG,Full-Time,Zone A,Temporary,Unk,IT/IS,Field Operations,20-07-1996,MA,Tower Hand,Female,48655,Hispanic,Single,Fully Meets,2,2271,21-03-2023,5,4,4,02-02-2023,Customer Service,Internal,Failed,4,632.57,RaelynnCompton,26,Active,25-34,,,0,4.33,0.7,0-1 yr
Darryl,Richmond,29-08-2022,15-01-2023,IT Support,TNS,Part-Time,Zone C,Full-Time,Retirement,IT/IS,Field Operations,04-04-1987,CT,Laborer,Female,62715,Black,Divorced,Fully Meets,2,2272,05-08-2022,5,5,3,15-04-2023,Communication Skills,Internal,Passed,5,233.42,DarrylRichmond,35,Terminated,35-44,2023,January,1,4.33,0.38,0-1 yr
Ana,Stafford,26-01-2020,11-12-2020,IT Support,WBL,Full-Time,Zone A,Part-Time,Resignation,IT/IS,Project Management - Eng,16-05-1956,CT,Planner,Male,75785,Other,Divorced,Fully Meets,4,2273,26-10-2022,5,2,3,01-04-2023,Leadership Development,External,Passed,4,301.15,AnaStafford,66,Terminated,55+,2020,December,1,3.33,0.88,0-1 yr
Carlos,Mccoy,18-02-2020,,IT Manager - Support,BPC,Full-Time,Zone A,Temporary,Unk,IT/IS,Aerial,23-01-2000,MA,Lineman,Male,52491,Other,Widowed,Fully Meets,4,2274,13-08-2022,2,5,1,03-06-2023,Customer Service,External,Failed,2,255.54,CarlosMccoy,22,Active,<25,,,0,2.67,2.48,1-3 yr
Michael,Albert,25-01-2022,,Production Manager,EW,Part-Time,Zone B,Full-Time,Unk,Production,Yard (Material Handling),09-12-1950,MA,Runner,Male,2169,Asian,Married,Fully Meets,2,2275,24-10-2022,5,4,3,05-03-2023,Technical Skills,External,Incomplete,5,138.4,MichaelAlbert,71,Active,55+,,,0,4,0.74,0-1 yr
Courtney E,Wallace,10-07-2023,,Production Manager,TNS,Full-Time,Zone B,Temporary,Unk,Production,Project Management - Con,21-11-1982,MA,Project Manager,Female,2478,White,Divorced,Fully Meets,1,2276,16-09-2022,5,2,2,17-05-2023,Customer Service,External,Completed,3,851.87,Courtney EWallace,39,Active,35-44,,,1,3,-0.81,
Amy,Dunn,14-04-2022,,Production Manager,CCDR,Contract,Zone B,Temporary,Unk,Production,Field Operations,29-09-1963,MA,Technician,Female,1731,Hispanic,Widowed,Fully Meets,5,2277,25-11-2022,3,4,4,22-12-2022,Communication Skills,Internal,Completed,3,592.23,AmyDunn,59,Active,55+,,,1,3.67,0.62,0-1 yr
Kissy,Sullivan,10-07-2022,,Production Manager,CCDR,Part-Time,Zone B,Temporary,Unk,Production,Wireless,27-05-1963,MA,Operator,Female,1776,White,Widowed,Fully Meets,4,2278,21-08-2022,5,4,2,05-03-2023,Leadership Development,External,Completed,4,544.43,KissySullivan,59,Active,55+,,,1,3.67,0.11,0-1 yr
Walter,Immediato,27-06-2022,,Production Manager,EW,Contract,Zone C,Full-Time,Unk,Production,Safety,12-02-1977,MA,Safety,Male,2128,Other,Divorced,Fully Meets,1,2279,28-05-2023,2,5,1,23-03-2023,Technical Skills,External,Passed,4,230.57,WalterImmediato,46,Active,45-54,,,1,2.67,0.92,0-1 yr
Ebonee,Peterson,04-12-2018,07-07-2023,Production Manager,PYZ,Contract,Zone A,Temporary,Retirement,Production,Catv,06-03-1985,MA,Foreman,Female,2030,White,Married,Fully Meets,4,2280,23-02-2023,4,2,5,05-04-2023,Customer Service,External,Passed,3,493.98,EboneePeterson,37,Terminated,35-44,2023,July,1,3.67,4.59,3-5 yr
Elijiah,Gray,10-09-2019,,Production Manager,PL,Full-Time,Zone C,Full-Time,Unk,Production,Field Operations,12-09-1998,MA,Laborer,Male,1752,Hispanic,Single,Fully Meets,4,2281,24-09-2022,1,4,2,29-11-2022,Technical Skills,Internal,Failed,4,761.7,ElijiahGray,24,Active,<25,,,0,2.33,3.04,3-5 yr
Charles,Bozzi,25-04-2019,,Production Manager,PL,Part-Time,Zone A,Full-Time,Unk,Production,Fielders,28-07-1967,MA,Engineer,Male,1901,Asian,Single,Fully Meets,4,2282,02-11-2022,1,5,3,20-10-2022,Leadership Development,External,Incomplete,5,454.55,CharlesBozzi,55,Active,55+,,,0,3,3.52,3-5 yr
Sean,Quinn,03-10-2018,27-06-2019,Shared Services Manager,WBL,Part-Time,Zone B,Temporary,Retirement,Admin Offices,Field Operations,17-12-1961,MA,Technician,Male,2045,White,Single,Fully Meets,4,2283,20-10-2022,4,2,1,23-04-2023,Leadership Development,External,Failed,1,183.88,SeanQuinn,60,Terminated,55+,2019,June,0,2.33,0.73,0-1 yr
Jennifer,Zamora,14-06-2022,,CIO,EW,Part-Time,Zone C,Part-Time,Unk,IT/IS,Wireline Construction,23-09-1960,MA,Foreman,Female,2067,Other,Widowed,Fully Meets,2,2284,11-10-2022,1,4,4,09-07-2023,Technical Skills,External,Passed,3,839.16,JenniferZamora,62,Active,55+,,,1,3,0.33,0-1 yr
Webster L,Butler,15-02-2022,,Production Manager,BPC,Full-Time,Zone C,Temporary,Unk,Production,Project Management - Con,28-05-1971,MA,Coordinator,Male,2169,Other,Single,Fully Meets,5,2285,22-05-2023,4,3,3,02-12-2022,Customer Service,Internal,Completed,4,679.57,Webster LButler,52,Active,45-54,,,1,3.33,1.26,1-3 yr
Brannon,Miller,24-09-2018,18-01-2021,Production Manager,NEL,Contract,Zone B,Temporary,Voluntary,Production,General - Eng,10-10-1981,MA,Specialist,Male,2045,Black,Divorced,Fully Meets,2,2286,20-01-2023,4,4,4,27-09-2022,Project Management,External,Failed,5,107.64,BrannonMiller,41,Terminated,35-44,2021,January,0,4,2.32,1-3 yr
Ketsia,Liebig,09-03-2022,08-04-2023,Production Manager,PYZ,Contract,Zone B,Part-Time,Involuntary,Production,General - Con,20-03-1961,MA,Technician,Female,2110,White,Single,Fully Meets,2,2287,11-11-2022,4,4,2,29-03-2023,Communication Skills,Internal,Passed,4,560.64,KetsiaLiebig,61,Terminated,55+,2023,April,1,3.33,1.08,1-3 yr
Kelley,Spirea,07-11-2018,25-05-2020,Production Manager,NEL,Full-Time,Zone A,Temporary,Involuntary,Production,Fielders,09-09-1984,MA,Engineer,Female,2451,Black,Divorced,Fully Meets,5,2288,09-07-2023,5,1,4,25-09-2022,Communication Skills,Internal,Failed,2,187.85,KelleySpirea,38,Terminated,35-44,2020,May,0,3.33,1.55,1-3 yr
Brandon R,LeBlanc,31-08-2019,,Shared Services Manager,BPC,Full-Time,Zone A,Part-Time,Unk,Admin Offices,Field Operations,05-03-1962,MA,Laborer,Male,1460,White,Single,Fully Meets,4,2289,12-03-2023,2,5,3,14-06-2023,Technical Skills,External,Completed,3,353.58,Brandon RLeBlanc,61,Active,55+,,,1,3.33,3.53,3-5 yr
Debra,Houlihan,27-11-2020,05-07-2023,Director of Sales,EW,Full-Time,Zone B,Temporary,Retirement,Sales,Wireline Construction,16-04-1942,RI,Groundman,Female,2908,Hispanic,Widowed,Fully Meets,2,2290,14-04-2023,4,1,3,23-04-2023,Communication Skills,Internal,Failed,4,575.55,DebraHoulihan,81,Terminated,55+,2023,July,0,2.67,2.6,1-3 yr
Elisa,Bramante,07-07-2020,,Director of Operations,NEL,Contract,Zone B,Part-Time,Unk,Production,General - Con,17-02-1985,MA,Technician,Female,2030,Black,Married,Fully Meets,4,2291,20-08-2022,3,4,1,01-07-2023,Project Management,Internal,Incomplete,5,973.53,ElisaBramante,37,Active,35-44,,,0,2.67,2.12,1-3 yr
Jonathan,Hogland,11-01-2020,,Production Manager,TNS,Contract,Zone C,Temporary,Unk,Production,Aerial,07-04-1963,MA,Foreman,Male,1890,White,Widowed,Fully Meets,2,2292,15-11-2022,5,1,1,11-03-2023,Communication Skills,External,Completed,3,894.38,JonathanHogland,59,Active,55+,,,1,2.33,2.84,1-3 yr
David,Stanley,15-06-2020,05-09-2021,Production Manager,CCDR,Contract,Zone B,Full-Time,Involuntary,Production,Field Operations,01-04-1998,MA,Laborer,Male,1803,Other,Single,Fully Meets,2,2293,19-06-2023,5,3,1,17-04-2023,Project Management,Internal,Failed,1,510.67,DavidStanley,25,Terminated,25-34,2021,September,0,3,1.22,1-3 yr
Ariana,Strickland,10-10-2020,,Production Manager,PYZ,Contract,Zone A,Part-Time,Unk,Production,Field Operations,03-12-1975,MA,Engineer,Male,6930,Black,Single,Fully Meets,4,2294,30-08-2022,4,4,4,09-04-2023,Communication Skills,External,Failed,1,261.17,ArianaStrickland,46,Active,45-54,,,0,4,1.89,1-3 yr
Everett,Jordan,19-05-2022,10-04-2023,Production Manager,SVG,Full-Time,Zone B,Temporary,Involuntary,Production,Field Operations,25-01-1999,MA,Driller,Female,53295,Asian,Divorced,Fully Meets,5,2295,26-11-2022,3,5,4,12-11-2022,Communication Skills,Internal,Passed,5,448.38,EverettJordan,23,Terminated,<25,2023,April,1,4,0.89,0-1 yr
Ronnie,Middleton,25-08-2021,,Production Manager,TNS,Full-Time,Zone B,Temporary,Unk,Production,Field Operations,18-04-1973,MA,Driller,Female,85028,Hispanic,Divorced,Fully Meets,1,2296,15-06-2023,4,4,5,09-11-2022,Technical Skills,Internal,Passed,4,808.77,RonnieMiddleton,50,Active,45-54,,,1,4.33,1.8,1-3 yr
Deandre,Richard,18-12-2018,25-09-2019,Production Manager,WBL,Part-Time,Zone C,Full-Time,Resignation,Production,Aerial,23-09-1958,MA,Laborer,Female,92649,Black,Single,Fully Meets,2,2297,14-09-2022,5,4,1,28-12-2022,Leadership Development,Internal,Completed,5,691.71,DeandreRichard,64,Terminated,55+,2019,September,1,3.33,0.77,0-1 yr
Terry,Gay,05-08-2023,,Production Manager,WBL,Full-Time,Zone B,Full-Time,Unk,Production,Field Operations,27-04-1958,MA,Laborer,Female,9493,Other,Married,Fully Meets,4,2298,04-11-2022,3,2,1,02-03-2023,Communication Skills,External,Failed,1,145.08,TerryGay,64,Active,55+,,,0,2,-0.75,
Emiliano,Rich,13-04-2022,17-04-2023,Production Manager,TNS,Part-Time,Zone A,Temporary,Resignation,Production,Field Operations,24-02-1942,MA,Laborer,Female,12684,Asian,Married,Fully Meets,2,2299,18-08-2022,2,1,2,13-04-2023,Customer Service,External,Failed,4,922.03,EmilianoRich,80,Terminated,55+,2023,April,0,1.67,1.01,1-3 yr
Wesley,Nguyen,26-09-2020,,Production Manager,SVG,Full-Time,Zone A,Full-Time,Unk,Production,Underground,04-09-1947,MA,Laborer,Female,37470,Black,Single,Fully Meets,5,2300,08-10-2022,5,1,2,27-09-2022,Customer Service,External,Completed,2,668.1,WesleyNguyen,75,Active,55+,,,1,2.67,2.03,1-3 yr
Lauren,Keith,12-02-2021,03-08-2022,Production Manager,PYZ,Part-Time,Zone C,Temporary,Voluntary,Production,Underground,12-08-1946,MA,Operator,Female,1425,Asian,Single,Fully Meets,1,2301,26-07-2023,3,1,4,27-02-2023,Technical Skills,Internal,Incomplete,4,475.03,LaurenKeith,77,Terminated,55+,2022,August,0,2.67,1.47,1-3 yr
Marlene,Rhodes,02-01-2019,09-10-2020,Production Manager,PL,Contract,Zone C,Temporary,Resignation,Production,Wireline Construction,28-11-1988,MA,Operator,Female,23761,Hispanic,Married,Fully Meets,4,2302,12-04-2023,2,5,3,11-03-2023,Project Management,Internal,Passed,2,173.45,MarleneRhodes,34,Terminated,25-34,2020,October,1,3.33,1.77,1-3 yr
Penelope,Jordan,26-10-2019,22-07-2023,Production Manager,NEL,Contract,Zone C,Temporary,Resignation,Production,Field Operations,27-12-1957,MA,Driver,Female,73691,Black,Divorced,Fully Meets,5,2303,01-02-2023,5,5,1,13-01-2023,Customer Service,External,Passed,2,813.39,PenelopeJordan,65,Terminated,55+,2023,July,1,3.67,3.74,3-5 yr
Marlon,Stanton,11-04-2021,,President & CEO,MSC,Full-Time,Zone B,Part-Time,Unk,Production,General - Con,21-04-1957,MA,Manager,Female,66973,White,Divorced,Fully Meets,2,2304,29-06-2023,5,1,2,19-10-2022,Customer Service,Internal,Passed,5,759.9,MarlonStanton,66,Active,55+,,,1,2.67,2.21,1-3 yr
Rosemary,Thornton,11-12-2019,12-05-2021,Network Engineer,EW,Part-Time,Zone A,Full-Time,Resignation,Production,Field Operations,03-10-1970,MA,Laborer,Female,18379,White,Divorced,Fully Meets,2,2305,26-05-2023,4,5,5,24-04-2023,Communication Skills,External,Incomplete,2,933.39,RosemaryThornton,52,Terminated,45-54,2021,May,0,4.67,1.42,1-3 yr
Ayanna,Lutz,21-10-2020,14-05-2023,Network Engineer,CCDR,Part-Time,Zone B,Full-Time,Resignation,Production,Project Management - Con,06-11-1999,MA,Technician,Male,91517,Hispanic,Married,Fully Meets,1,2306,25-04-2023,3,4,3,28-02-2023,Communication Skills,External,Failed,2,217.33,AyannaLutz,23,Terminated,<25,2023,May,0,3.33,2.56,1-3 yr
Case,Hahn,08-05-2020,,Network Engineer,BPC,Part-Time,Zone C,Part-Time,Unk,Executive Office,Project Management - Con,05-05-1988,MA,Project Manager,Male,1057,Asian,Single,Fully Meets,2,2307,22-07-2023,5,2,3,21-05-2023,Customer Service,Internal,Passed,2,856.15,CaseHahn,35,Active,35-44,,,1,3.33,3.2,3-5 yr
Asia,Rivers,24-05-2022,13-10-2022,Data Analyst,EW,Full-Time,Zone A,Full-Time,Retirement,Production,Field Operations,09-05-1999,MA,Coordinator,Male,20854,Other,Divorced,Fully Meets,5,2308,11-03-2023,1,2,3,08-09-2022,Communication Skills,Internal,Completed,4,751.86,AsiaRivers,23,Terminated,<25,2022,October,1,2,0.39,0-1 yr
Alexa,Mercer,05-06-2019,,Data Analyst,CCDR,Part-Time,Zone A,Part-Time,Unk,Production,General - Con,07-04-1991,MA,Technician,Male,39014,Hispanic,Widowed,Fully Meets,2,2309,03-01-2023,2,5,5,20-07-2023,Communication Skills,Internal,Incomplete,1,309.24,AlexaMercer,31,Active,25-34,,,0,4,3.58,3-5 yr
Jade,Sloan,21-04-2022,,Data Analyst,BPC,Part-Time,Zone B,Part-Time,Unk,Production,Fielders,21-11-1983,MA,Engineer,Male,10223,Hispanic,Single,Fully Meets,5,2310,04-10-2022,4,1,3,27-12-2022,Leadership Development,Internal,Incomplete,4,581.95,JadeSloan,38,Active,35-44,,,0,2.67,0.45,0-1 yr
Araceli,Castillo,10-12-2019,21-02-2023,Data Analyst,PYZ,Part-Time,Zone A,Full-Time,Voluntary,Production,Field Operations,25-03-1971,MA,Laborer,Female,85441,Black,Divorced,Fully Meets,2,2311,15-03-2023,5,3,2,04-04-2023,Leadership Development,External,Passed,5,616.43,AraceliCastillo,52,Terminated,45-54,2023,February,1,3.33,3.2,3-5 yr
Maximilian,Carney,26-11-2019,,Data Analyst,WBL,Full-Time,Zone C,Part-Time,Unk,IT/IS,Field Operations,11-12-1951,MA,Laborer,Male,96303,Asian,Widowed,Fully Meets,4,2312,02-04-2023,1,4,3,06-01-2023,Leadership Development,Internal,Completed,3,623.75,MaximilianCarney,71,Active,55+,,,1,2.67,3.35,3-5 yr
Ayanna,Bowman,13-09-2021,,Data Analyst,NEL,Part-Time,Zone C,Full-Time,Unk,IT/IS,Shop (Fleet),30-10-2000,MA,Shop,Male,40706,Asian,Divorced,Fully Meets,2,2313,04-04-2023,5,2,3,04-02-2023,Project Management,External,Passed,1,802.99,AyannaBowman,22,Active,<25,,,1,3.33,1.56,1-3 yr
Lia,Blair,19-08-2019,,Data Analyst,PL,Part-Time,Zone C,Part-Time,Unk,IT/IS,Field Operations,18-10-1961,MA,Technician,Female,48955,Asian,Married,Fully Meets,1,2314,23-06-2023,4,1,3,18-11-2022,Communication Skills,External,Failed,1,725.98,LiaBlair,61,Active,55+,,,0,2.67,3.84,3-5 yr
Marcelo,Flowers,12-06-2022,09-07-2023,Production Manager,CCDR,Full-Time,Zone A,Full-Time,Voluntary,Production,Project Management - Con,19-02-1986,MA,Project Manager,Female,83033,Other,Married,Fully Meets,4,2315,10-08-2022,4,3,2,05-12-2022,Customer Service,External,Incomplete,1,252.59,MarceloFlowers,36,Terminated,35-44,2023,July,0,3,1.07,1-3 yr
Antwan,Gay,21-07-2021,,Production Manager,SVG,Full-Time,Zone B,Full-Time,Unk,Production,Field Operations,29-09-1973,MA,Technician,Male,14556,Asian,Divorced,Fully Meets,2,2316,06-09-2022,4,2,5,23-05-2023,Communication Skills,Internal,Failed,1,731.84,AntwanGay,48,Active,45-54,,,0,3.67,1.13,1-3 yr
Jaydan,Hoffman,13-11-2020,,Production Manager,EW,Full-Time,Zone A,Temporary,Unk,Production,Yard (Material Handling),16-06-1944,MA,Manager,Female,76366,Black,Single,Fully Meets,1,2317,07-02-2023,2,2,1,09-02-2023,Customer Service,External,Failed,1,787.01,JaydanHoffman,78,Active,55+,,,0,1.67,2.23,1-3 yr
Faith,Golden,20-02-2022,,Production Manager,MSC,Part-Time,Zone A,Temporary,Unk,Production,Field Operations,25-03-1957,MA,Laborer,Female,57512,White,Widowed,Fully Meets,2,2318,20-12-2022,2,1,5,22-06-2023,Communication Skills,External,Incomplete,2,303.8,FaithGolden,65,Active,55+,,,0,2.67,0.83,0-1 yr
Kaylee,Harvey,28-03-2019,14-04-2022,Production Manager,TNS,Contract,Zone A,Part-Time,Voluntary,Production,General - Sga,18-02-1983,MA,Administrator,Female,31008,White,Widowed,Fully Meets,5,2319,29-03-2023,5,4,3,21-12-2022,Customer Service,Internal,Passed,3,832.15,KayleeHarvey,40,Terminated,35-44,2022,April,1,4,3.05,3-5 yr
Kristen,Peters,26-10-2022,17-06-2023,Production Manager,PYZ,Part-Time,Zone A,Full-Time,Voluntary,Production,Fielders,09-09-1964,MA,Engineer,Female,64961,White,Single,Fully Meets,4,2320,12-02-2023,5,1,3,25-07-2023,Communication Skills,External,Incomplete,5,509.71,KristenPeters,58,Terminated,55+,2023,June,0,3,0.64,0-1 yr
Hadassah,Gallegos,10-05-2023,14-05-2023,Production Manager,WBL,Full-Time,Zone C,Full-Time,Voluntary,Production,Field Operations,21-08-1951,MA,Technician,Female,1269,Black,Divorced,Fully Meets,2,2321,07-11-2022,4,2,5,06-09-2022,Communication Skills,Internal,Incomplete,3,781.95,HadassahGallegos,71,Terminated,55+,2023,May,0,3.67,0.01,0-1 yr
Ariel,Cervantes,01-09-2022,,Production Manager,NEL,Contract,Zone C,Part-Time,Unk,Production,Field Operations,27-04-1963,MA,Driller,Female,73596,Asian,Divorced,Fully Meets,5,2322,20-08-2022,4,3,4,04-03-2023,Communication Skills,Internal,Completed,3,178.4,ArielCervantes,59,Active,55+,,,1,3.67,-0.03,
Aubree,Villanueva,21-04-2021,17-08-2021,Production Manager,PL,Part-Time,Zone C,Temporary,Retirement,Production,Project Management - Con,05-07-1959,MA,Manager,Female,35263,Asian,Divorced,Fully Meets,5,2323,21-11-2022,2,1,3,30-12-2022,Project Management,External,Incomplete,3,964.4,AubreeVillanueva,63,Terminated,55+,2021,August,0,2,0.32,0-1 yr
Aspen,Dixon,23-07-2021,15-02-2023,Production Manager,BPC,Part-Time,Zone A,Temporary,Involuntary,Production,General - Con,17-07-1996,MA,Splicer,Female,94592,Black,Widowed,Fully Meets,4,2324,24-06-2023,1,2,4,29-04-2023,Communication Skills,External,Incomplete,1,299.75,AspenDixon,26,Terminated,25-34,2023,February,0,2.33,1.57,1-3 yr
Keenan,Jensen,29-12-2020,,Production Manager,CCDR,Part-Time,Zone A,Temporary,Unk,Production,Field Operations,20-10-1999,MA,Laborer,Female,60295,Asian,Divorced,Fully Meets,1,2325,27-12-2022,4,4,1,04-01-2023,Project Management,Internal,Completed,2,745.68,KeenanJensen,23,Active,<25,,,1,3,1.99,1-3 yr
Malakai,Whitehead,08-08-2022,,President & CEO,SVG,Contract,Zone A,Temporary,Unk,Production,Project Management - Con,19-11-1947,MA,Safety,Female,25257,Black,Single,Fully Meets,2,2326,19-04-2023,3,1,4,06-01-2023,Customer Service,External,Completed,5,263.21,MalakaiWhitehead,75,Active,55+,,,1,2.67,0.7,0-1 yr
Parker,Cunningham,30-07-2020,,Network Engineer,EW,Full-Time,Zone A,Part-Time,Unk,Production,Field Operations,27-11-1971,MA,Laborer,Male,43033,Black,Married,Fully Meets,4,2327,29-03-2023,4,1,2,20-10-2022,Customer Service,External,Incomplete,1,802.98,ParkerCunningham,51,Active,45-54,,,0,2.33,2.66,1-3 yr
Kadyn,Herring,18-03-2019,,Network Engineer,MSC,Full-Time,Zone B,Part-Time,Unk,Production,General - Con,26-05-1980,MA,Splicer,Male,48068,Asian,Divorced,Fully Meets,4,2328,02-09-2022,1,4,3,01-03-2023,Communication Skills,Internal,Passed,3,960.9,KadynHerring,42,Active,35-44,,,1,2.67,3.46,3-5 yr
Aubree,Anderson,25-07-2019,03-09-2022,Network Engineer,TNS,Full-Time,Zone A,Full-Time,Retirement,Executive Office,Aerial,26-10-1962,MA,Lineman,Male,82740,Asian,Single,Fully Meets,2,2329,02-09-2022,2,3,1,21-01-2023,Leadership Development,External,Incomplete,2,209.86,AubreeAnderson,59,Terminated,55+,2022,September,0,2,3.11,3-5 yr
John,Forbes,16-10-2021,,Data Analyst,SVG,Full-Time,Zone C,Part-Time,Unk,Production,Executive,13-12-1957,MA,Vp,Male,57688,Other,Married,Fully Meets,2,2330,11-09-2022,3,4,5,21-03-2023,Customer Service,Internal,Passed,2,942.81,JohnForbes,64,Active,55+,,,1,4,0.9,0-1 yr
Violet,Willis,06-12-2019,29-10-2021,Data Analyst,TNS,Contract,Zone C,Part-Time,Retirement,Production,Wireline Construction,14-02-1952,MA,Supervisor,Male,34849,Black,Divorced,Fully Meets,1,2331,11-12-2022,2,5,3,16-01-2023,Technical Skills,Internal,Failed,3,108.2,VioletWillis,70,Terminated,55+,2021,October,0,3.33,1.9,1-3 yr
Jaime,Austin,29-06-2019,21-07-2020,Data Analyst,WBL,Contract,Zone C,Full-Time,Involuntary,Production,Fielders,21-08-1971,MA,Engineer,Male,31351,White,Widowed,Fully Meets,4,2332,02-11-2022,1,1,1,29-11-2022,Communication Skills,Internal,Completed,3,144.68,JaimeAustin,51,Terminated,45-54,2020,July,1,1,1.06,1-3 yr
Natalee,Lane,03-04-2019,,Data Analyst,BPC,Full-Time,Zone C,Temporary,Unk,IT/IS,Yard (Material Handling),19-07-1951,MA,Associate,Female,17611,Asian,Divorced,Fully Meets,1,2333,19-04-2023,5,4,2,01-04-2023,Technical Skills,Internal,Failed,4,769.76,NataleeLane,71,Active,55+,,,0,3.67,4.04,3-5 yr
Iris,Preston,21-07-2021,03-09-2022,Data Analyst,CCDR,Contract,Zone A,Temporary,Retirement,IT/IS,Engineers,19-02-1983,MA,Engineer,Male,93589,Asian,Single,Fully Meets,4,2334,01-12-2022,3,3,5,21-03-2023,Project Management,Internal,Failed,5,860.16,IrisPreston,39,Terminated,35-44,2022,September,0,3.67,1.12,1-3 yr
Magdalena,Fischer,27-07-2022,,Data Analyst,EW,Full-Time,Zone C,Temporary,Unk,IT/IS,General - Con,19-11-1944,MA,Foreman,Male,58353,White,Divorced,Fully Meets,4,2335,24-03-2023,1,5,5,01-09-2022,Communication Skills,Internal,Completed,4,957.24,MagdalenaFischer,78,Active,55+,,,1,3.67,0.66,0-1 yr
Walter,Dominguez,06-10-2019,,Production Manager,CCDR,Contract,Zone A,Full-Time,Unk,Production,General - Con,06-05-1984,MA,Foreman,Female,61633,Other,Single,Fully Meets,4,2336,10-08-2022,5,1,5,06-02-2023,Communication Skills,External,Completed,3,301.03,WalterDominguez,38,Active,35-44,,,1,3.67,2.84,1-3 yr
Hallie,Macias,16-04-2021,,Production Manager,SVG,Full-Time,Zone C,Part-Time,Unk,Production,Engineers,25-01-1989,MA,Engineer,Male,29639,Other,Single,Fully Meets,4,2337,09-07-2023,1,4,3,15-07-2023,Project Management,Internal,Incomplete,2,366.82,HallieMacias,34,Active,25-34,,,0,2.67,2.23,1-3 yr
Ivan,Hull,10-10-2018,02-05-2022,Production Manager,EW,Part-Time,Zone C,Temporary,Involuntary,Production,Project Management - Con,06-08-1971,MA,Supervisor,Female,6536,Other,Married,Fully Meets,4,2338,09-09-2022,2,3,5,18-06-2023,Customer Service,External,Completed,2,819.8,IvanHull,51,Terminated,45-54,2022,May,1,3.33,3.56,3-5 yr
India,Kemp,25-07-2022,08-11-2022,Production Manager,MSC,Full-Time,Zone B,Part-Time,Retirement,Production,General - Sga,06-08-1972,MA,Administrator,Female,19049,Black,Married,Fully Meets,1,2339,22-03-2023,3,1,5,02-12-2022,Leadership Development,Internal,Failed,5,369.94,IndiaKemp,50,Terminated,45-54,2022,November,0,3,0.29,0-1 yr
Alice,Dudley,17-03-2021,13-05-2023,Production Manager,TNS,Contract,Zone A,Temporary,Resignation,Production,General - Con,27-02-2001,MA,Laborer,Female,29529,White,Single,Fully Meets,5,2340,23-05-2023,4,5,3,05-05-2023,Project Management,External,Failed,1,811.91,AliceDudley,22,Terminated,<25,2023,May,0,4,2.15,1-3 yr
Jesus,Hendricks,13-10-2018,,Production Manager,PYZ,Full-Time,Zone A,Full-Time,Unk,Production,General - Sga,02-11-1984,MA,Mechanic,Female,36574,Hispanic,Divorced,Fully Meets,2,2341,14-10-2022,1,5,2,06-04-2023,Communication Skills,Internal,Failed,2,121.05,JesusHendricks,37,Active,35-44,,,0,2.67,4,3-5 yr
Eli,Owens,09-01-2020,,Production Manager,WBL,Part-Time,Zone C,Temporary,Unk,Production,Field Operations,14-05-1967,MA,Laborer,Female,5298,Other,Single,Fully Meets,5,2342,24-07-2023,1,4,3,30-05-2023,Communication Skills,Internal,Completed,1,704.53,EliOwens,56,Active,55+,,,1,2.67,3.54,3-5 yr
Emelia,Mcintyre,18-09-2019,,Production Manager,NEL,Full-Time,Zone B,Temporary,Unk,Production,Wireless,17-10-1998,MA,Technician,Female,38735,Hispanic,Single,Fully Meets,4,2343,22-11-2022,1,3,4,31-05-2023,Customer Service,Internal,Completed,5,959.22,EmeliaMcintyre,24,Active,<25,,,1,2.67,3.18,3-5 yr
Jaden,Bates,26-10-2019,10-03-2020,Production Manager,PL,Contract,Zone C,Temporary,Retirement,Production,Yard (Material Handling),23-08-1991,MA,Engineer,Female,42542,Other,Divorced,Fully Meets,1,2344,08-02-2023,2,5,5,13-03-2023,Technical Skills,External,Completed,2,967.05,JadenBates,31,Terminated,25-34,2020,March,1,4,0.37,0-1 yr
Nyla,Schwartz,14-09-2020,30-05-2023,Production Manager,BPC,Full-Time,Zone B,Temporary,Involuntary,Production,Field Operations,10-01-1971,MA,Specialist,Female,7521,Hispanic,Married,Fully Meets,2,2345,14-01-2023,2,1,5,09-10-2022,Project Management,External,Incomplete,3,379.57,NylaSchwartz,52,Terminated,45-54,2023,May,0,2.67,2.7,1-3 yr
Taryn,Black,09-04-2023,,Production Manager,CCDR,Part-Time,Zone A,Full-Time,Unk,Production,Field Operations,28-02-1984,MA,Technician,Female,9394,Hispanic,Widowed,Fully Meets,4,2346,06-02-2023,5,3,1,02-10-2022,Customer Service,External,Completed,3,811.14,TarynBlack,38,Active,35-44,,,1,3,-0.17,
Karley,Novak,25-10-2019,,President & CEO,SVG,Full-Time,Zone A,Part-Time,Unk,Production,Field Operations,07-11-1977,MA,Laborer,Female,14720,White,Single,Fully Meets,1,2347,09-01-2023,2,3,2,14-12-2022,Communication Skills,Internal,Passed,1,780.53,KarleyNovak,45,Active,45-54,,,1,2.33,3.21,3-5 yr
Payten,Harvey,25-06-2022,,Network Engineer,EW,Part-Time,Zone C,Full-Time,Unk,Production,Field Operations,21-02-1976,MA,Technician,Male,85605,Asian,Single,Fully Meets,1,2348,12-10-2022,4,4,2,13-04-2023,Technical Skills,Internal,Passed,1,927.52,PaytenHarvey,46,Active,45-54,,,1,3.33,0.3,0-1 yr
Reagan,Atkinson,26-01-2023,27-02-2023,Network Engineer,MSC,Part-Time,Zone C,Full-Time,Voluntary,Production,General - Con,03-06-1956,MA,Laborer,Male,38286,Black,Widowed,Fully Meets,4,2349,05-11-2022,5,5,1,22-04-2023,Communication Skills,Internal,Completed,2,317.31,ReaganAtkinson,66,Terminated,55+,2023,February,1,3.67,0.09,0-1 yr
Rey,Werner,19-02-2020,,Network Engineer,TNS,Part-Time,Zone A,Temporary,Unk,Executive Office,Wireline Construction,24-04-1973,MA,Laborer,Male,59836,Black,Divorced,Fully Meets,2,2350,24-08-2022,1,4,5,09-03-2023,Leadership Development,Internal,Failed,3,858.34,ReyWerner,49,Active,45-54,,,0,3.33,2.51,1-3 yr
Kendall,Mcintyre,24-12-2019,21-06-2020,Data Analyst,EW,Contract,Zone B,Temporary,Retirement,Production,Engineers,27-02-1943,MA,Technician,Male,25767,Hispanic,Widowed,Fully Meets,4,2351,21-02-2023,3,3,5,11-03-2023,Communication Skills,Internal,Incomplete,4,173.96,KendallMcintyre,80,Terminated,55+,2020,June,0,3.67,0.49,0-1 yr
Anahi,Frye,16-10-2020,15-11-2020,Data Analyst,MSC,Full-Time,Zone B,Temporary,Retirement,Production,General - Con,31-12-1993,MA,Lineman,Male,19689,White,Widowed,Fully Meets,2,2352,11-07-2023,2,3,3,11-09-2022,Communication Skills,External,Completed,4,889.07,AnahiFrye,29,Terminated,25-34,2020,November,1,2.67,0.08,0-1 yr
Dalia,Booth,07-09-2018,,Data Analyst,TNS,Part-Time,Zone B,Full-Time,Unk,IT/IS,Field Operations,26-07-1997,MA,Foreman,Female,19035,Hispanic,Married,Fully Meets,2,2353,17-10-2022,2,4,3,18-07-2023,Technical Skills,Internal,Failed,3,198.56,DaliaBooth,25,Active,25-34,,,0,3,4.11,3-5 yr
Charlee,Navarro,07-01-2022,29-06-2022,Data Analyst,PYZ,Part-Time,Zone C,Full-Time,Retirement,IT/IS,Wireline Construction,02-09-1971,MA,Clerk,Female,61793,White,Divorced,Fully Meets,2,2354,10-06-2023,5,1,1,13-06-2023,Communication Skills,External,Completed,5,572.14,CharleeNavarro,51,Terminated,45-54,2022,June,1,2.33,0.47,0-1 yr
Karter,Perry,25-03-2019,23-04-2019,Data Analyst,WBL,Contract,Zone C,Temporary,Retirement,IT/IS,Field Operations,17-01-1943,MA,Civil Hand,Male,91193,Asian,Single,Fully Meets,1,2355,15-11-2022,1,1,4,16-07-2023,Customer Service,External,Failed,3,945.93,KarterPerry,79,Terminated,55+,2019,April,0,2,0.08,0-1 yr
Sariah,Little,18-11-2021,17-12-2022,Data Analyst,NEL,Part-Time,Zone C,Temporary,Retirement,IT/IS,Catv,14-07-1955,MA,Laborer,Male,11058,Black,Single,Fully Meets,4,2356,07-03-2023,4,1,1,25-05-2023,Technical Skills,External,Passed,4,668.66,SariahLittle,67,Terminated,55+,2022,December,1,2,1.08,1-3 yr
Antoine,Murray,31-12-2022,21-07-2023,Production Manager,PL,Contract,Zone B,Temporary,Involuntary,Production,General - Con,15-09-1943,MA,Foreman,Female,48133,Black,Married,Fully Meets,1,2357,12-11-2022,1,2,3,17-05-2023,Leadership Development,Internal,Failed,3,483.49,AntoineMurray,79,Terminated,55+,2023,July,0,2,0.55,0-1 yr
Summer,Huang,14-05-2020,29-11-2022,Production Manager,PYZ,Part-Time,Zone B,Temporary,Involuntary,Production,Executive,20-03-1993,MA,Executive Assistant,Male,14776,Black,Married,Fully Meets,4,2358,07-09-2022,5,3,3,14-04-2023,Project Management,External,Incomplete,3,164.22,SummerHuang,29,Terminated,25-34,2022,November,0,3.67,2.54,1-3 yr
Jaylyn,Contreras,13-12-2020,12-02-2023,Production Manager,SVG,Full-Time,Zone B,Part-Time,Retirement,Production,Engineers,01-07-1996,MA,Project Manager,Female,87985,Other,Married,Fully Meets,2,2359,08-07-2023,4,4,3,30-05-2023,Technical Skills,External,Failed,3,850.73,JaylynContreras,27,Terminated,25-34,2023,February,0,3.67,2.17,1-3 yr
Brenna,York,16-11-2021,23-11-2022,Production Manager,TNS,Part-Time,Zone B,Part-Time,Voluntary,Production,Fielders,06-10-1990,MA,Engineer,Female,26846,Asian,Widowed,Fully Meets,1,2360,07-02-2023,4,4,3,13-10-2022,Project Management,Internal,Passed,1,400.62,BrennaYork,32,Terminated,25-34,2022,November,1,3.67,1.02,1-3 yr
Braden,Wiggins,01-12-2022,06-07-2023,Production Manager,WBL,Full-Time,Zone C,Full-Time,Involuntary,Production,Project Management - Con,05-12-1996,MA,Supervisor,Female,66281,Asian,Divorced,Fully Meets,2,2361,12-02-2023,4,4,2,08-09-2022,Customer Service,External,Failed,4,148.29,BradenWiggins,26,Terminated,25-34,2023,July,0,3.33,0.59,0-1 yr
Nola,Bullock,30-10-2020,28-07-2022,Production Manager,BPC,Full-Time,Zone C,Part-Time,Involuntary,Production,Field Operations,06-05-1974,MA,Construction Manager,Female,97050,Asian,Married,Fully Meets,2,2362,21-01-2023,5,4,5,06-02-2023,Project Management,Internal,Incomplete,3,543.65,NolaBullock,48,Terminated,45-54,2022,July,0,4.67,1.74,1-3 yr
Kaleigh,Keller,08-02-2021,25-09-2022,Production Manager,CCDR,Full-Time,Zone C,Temporary,Retirement,Production,Wireline Construction,17-02-1983,MA,Foreman,Female,14808,Hispanic,Widowed,Fully Meets,2,2363,16-07-2023,2,5,1,04-02-2023,Communication Skills,External,Incomplete,3,282.26,KaleighKeller,40,Terminated,35-44,2022,September,0,2.67,1.63,1-3 yr
Milagros,Jimenez,05-08-2019,,Production Manager,EW,Full-Time,Zone A,Temporary,Unk,Production,Field Operations,24-08-1960,MA,Technician,Male,53839,Black,Widowed,Fully Meets,5,2364,02-02-2023,4,2,4,04-12-2022,Project Management,External,Completed,3,123.81,MilagrosJimenez,62,Active,55+,,,1,3.33,3.5,3-5 yr
Timothy,Goodwin,29-11-2018,09-03-2023,Production Manager,MSC,Contract,Zone A,Temporary,Involuntary,Production,Engineers,25-08-1953,MA,Technician,Female,43609,Black,Married,Fully Meets,1,2365,07-09-2022,1,1,1,11-08-2022,Communication Skills,External,Passed,5,355.8,TimothyGoodwin,69,Terminated,55+,2023,March,1,1,4.27,3-5 yr
Reese,Kennedy,16-11-2018,25-05-2021,Production Manager,NEL,Full-Time,Zone B,Part-Time,Retirement,Production,Fielders,22-07-1944,MA,Engineer,Female,83442,Asian,Divorced,Fully Meets,2,2366,30-04-2023,4,2,5,16-08-2022,Project Management,Internal,Incomplete,3,184.59,ReeseKennedy,78,Terminated,55+,2021,May,0,3.67,2.52,1-3 yr
Mariam,Doyle,23-08-2020,11-06-2022,Production Manager,PL,Contract,Zone C,Part-Time,Resignation,Production,Wireline Construction,29-07-1959,MA,Foreman,Female,6820,Hispanic,Widowed,Fully Meets,5,2367,26-10-2022,3,2,5,27-04-2023,Project Management,Internal,Completed,3,249.77,MariamDoyle,63,Terminated,55+,2022,June,1,3.33,1.8,1-3 yr
Clinton,Brennan,22-08-2020,09-03-2023,President & CEO,PYZ,Full-Time,Zone B,Temporary,Resignation,Production,Wireline Construction,31-03-1950,MA,Splicer,Female,50782,White,Single,Fully Meets,1,2368,06-11-2022,5,2,1,30-03-2023,Technical Skills,External,Completed,4,285.54,ClintonBrennan,72,Terminated,55+,2023,March,1,2.67,2.54,1-3 yr
Maximilian,Moyer,19-10-2021,10-09-2022,Network Engineer,SVG,Part-Time,Zone B,Full-Time,Retirement,Production,Field Operations,16-09-1987,MA,Engineer,Male,59893,Other,Divorced,Fully Meets,5,2369,18-02-2023,5,2,4,26-07-2023,Leadership Development,External,Failed,5,711.15,MaximilianMoyer,35,Terminated,35-44,2022,September,0,3.67,0.89,0-1 yr
Salvador,Robinson,21-02-2020,29-11-2021,Network Engineer,TNS,Contract,Zone B,Full-Time,Retirement,Production,Field Operations,31-01-1952,MA,Locator,Male,84707,Other,Widowed,Fully Meets,5,2370,03-10-2022,1,2,4,07-06-2023,Leadership Development,External,Incomplete,3,644.97,SalvadorRobinson,70,Terminated,55+,2021,November,0,2.33,1.77,1-3 yr
Ahmed,Mcmahon,21-11-2022,,Data Analyst,EW,Contract,Zone B,Temporary,Unk,Production,Field Operations,30-05-2000,MA,Supervisor,Male,59104,White,Married,Fully Meets,1,2371,10-01-2023,2,1,5,19-04-2023,Customer Service,Internal,Passed,4,133.56,AhmedMcmahon,22,Active,<25,,,1,2.67,0.14,0-1 yr
Junior,York,05-08-2019,06-12-2021,Data Analyst,CCDR,Full-Time,Zone A,Part-Time,Involuntary,Production,Field Operations,10-03-1992,MA,Driller,Female,61932,Hispanic,Single,Fully Meets,2,2372,02-08-2023,3,4,5,27-01-2023,Leadership Development,Internal,Completed,2,784.93,JuniorYork,31,Terminated,25-34,2021,December,1,4,2.34,1-3 yr
Marilyn,Wiley,05-11-2020,04-06-2022,Data Analyst,BPC,Full-Time,Zone A,Full-Time,Resignation,IT/IS,Catv,22-10-1982,MA,Foreman,Female,62911,Other,Divorced,Fully Meets,2,2373,21-07-2023,3,5,5,16-02-2023,Project Management,External,Completed,4,801.63,MarilynWiley,40,Terminated,35-44,2022,June,1,4.33,1.58,1-3 yr
Selena,Hebert,12-06-2021,25-02-2022,Data Analyst,WBL,Part-Time,Zone A,Part-Time,Retirement,IT/IS,Field Operations,09-08-1962,MA,Laborer,Female,51977,Asian,Divorced,Fully Meets,2,2374,16-01-2023,1,2,1,01-05-2023,Customer Service,External,Incomplete,2,650.48,SelenaHebert,60,Terminated,55+,2022,February,0,1.33,0.71,0-1 yr
Selena,Adkins,13-09-2018,,Data Analyst,TNS,Contract,Zone B,Full-Time,Unk,IT/IS,General - Con,02-11-1958,MA,Foreman,Male,90110,Black,Single,Fully Meets,1,2375,14-08-2022,2,4,2,20-11-2022,Project Management,External,Failed,5,770.33,SelenaAdkins,63,Active,55+,,,0,2.67,3.92,3-5 yr
Erica,Sloan,09-04-2023,03-06-2023,Production Manager,CCDR,Full-Time,Zone A,Temporary,Involuntary,Production,Field Operations,10-10-1983,MA,Technician,Female,2573,Asian,Divorced,Fully Meets,4,2376,07-12-2022,5,2,4,26-04-2023,Communication Skills,Internal,Completed,5,755.69,EricaSloan,39,Terminated,35-44,2023,June,1,3.67,0.15,0-1 yr
Payton,Nolan,09-01-2021,,Production Manager,SVG,Contract,Zone B,Part-Time,Unk,Production,Executive,14-06-1960,MA,Vp,Male,2433,White,Single,Fully Meets,4,2377,31-12-2022,1,2,1,25-12-2022,Leadership Development,External,Failed,1,921.26,PaytonNolan,62,Active,55+,,,0,1.33,1.97,1-3 yr
Leticia,Parks,23-03-2020,,Production Manager,EW,Part-Time,Zone A,Full-Time,Unk,Production,Project Management - Eng,23-11-1944,MA,Administrative,Female,16691,Other,Married,Fully Meets,2,2378,04-07-2023,2,5,3,07-04-2023,Leadership Development,Internal,Passed,3,751.79,LeticiaParks,78,Active,55+,,,1,3.33,3.28,3-5 yr
Carolyn,Sosa,19-10-2019,23-12-2020,Production Manager,MSC,Full-Time,Zone C,Part-Time,Resignation,Production,Fielders,22-12-1991,MA,Technician,Female,28545,Asian,Divorced,Fully Meets,2,2379,01-07-2023,2,5,1,24-08-2022,Communication Skills,External,Completed,4,146.18,CarolynSosa,31,Terminated,25-34,2020,December,1,2.67,1.18,1-3 yr
German,Higgins,02-07-2023,11-07-2023,Production Manager,TNS,Full-Time,Zone A,Temporary,Retirement,Production,General - Con,19-12-1956,MA,Laborer,Female,87440,Other,Married,Fully Meets,2,2380,25-10-2022,2,1,3,03-11-2022,Customer Service,Internal,Completed,5,910.96,GermanHiggins,65,Terminated,55+,2023,July,1,2,0.02,0-1 yr
Heath,Romero,29-08-2019,,Production Manager,PYZ,Part-Time,Zone B,Part-Time,Unk,Production,Catv,08-04-1988,MA,Foreman,Female,10486,Other,Divorced,Fully Meets,2,2381,15-02-2023,2,3,3,27-01-2023,Technical Skills,External,Passed,1,404.78,HeathRomero,34,Active,25-34,,,1,2.67,3.47,3-5 yr
Davion,Friedman,17-07-2023,28-07-2023,Production Manager,WBL,Part-Time,Zone C,Temporary,Involuntary,Production,Catv,10-12-1943,MA,Laborer,Male,59652,Asian,Single,Fully Meets,1,2382,19-11-2022,4,3,4,01-08-2023,Project Management,Internal,Completed,1,751.78,DavionFriedman,78,Terminated,55+,2023,July,1,3.67,0.03,0-1 yr
Danny,Thomas,02-02-2020,,Production Manager,NEL,Full-Time,Zone A,Full-Time,Unk,Production,Field Operations,08-04-1973,MA,Laborer,Male,87927,Asian,Widowed,Fully Meets,4,2383,21-11-2022,5,3,5,09-08-2022,Customer Service,External,Incomplete,1,374.73,DannyThomas,49,Active,45-54,,,0,4.33,2.8,1-3 yr
Matthias,Dunlap,14-10-2021,21-10-2022,Production Manager,PL,Full-Time,Zone A,Temporary,Resignation,Production,Field Operations,11-09-1979,MA,Foreman,Female,47596,Hispanic,Married,Fully Meets,5,2384,03-09-2022,2,2,2,03-10-2022,Communication Skills,Internal,Failed,3,166.1,MatthiasDunlap,43,Terminated,35-44,2022,October,0,2,1.02,1-3 yr
Sawyer,Little,10-04-2020,,Production Manager,BPC,Contract,Zone A,Part-Time,Unk,Production,Yard (Material Handling),19-11-1953,MA,Associate,Female,46287,Asian,Single,Fully Meets,2,2385,15-01-2023,2,1,3,31-03-2023,Technical Skills,Internal,Incomplete,1,574.91,SawyerLittle,69,Active,55+,,,0,2,2.77,1-3 yr
Uriel,Brennan,14-12-2018,,Production Manager,CCDR,Part-Time,Zone B,Part-Time,Unk,Production,Finance & Accounting,25-12-1975,MA,Administrative,Female,87401,Black,Widowed,Fully Meets,1,2386,16-12-2022,1,4,3,28-09-2022,Customer Service,External,Failed,3,390.96,UrielBrennan,47,Active,45-54,,,0,2.67,4.01,3-5 yr
Gretchen,Richards,27-06-2022,05-01-2023,President & CEO,SVG,Contract,Zone C,Temporary,Resignation,Production,Safety,28-05-1994,MA,Safety,Male,40201,Hispanic,Widowed,Fully Meets,1,2387,06-01-2023,1,2,5,05-03-2023,Communication Skills,Internal,Failed,2,459.27,GretchenRichards,28,Terminated,25-34,2023,January,0,2.67,0.53,0-1 yr
Madden,Roman,07-09-2020,,Network Engineer,EW,Contract,Zone C,Temporary,Unk,Production,Fielders,15-05-1953,MA,Engineer,Male,94290,Other,Single,Fully Meets,2,2388,06-06-2023,5,2,4,30-06-2023,Project Management,Internal,Completed,4,949.32,MaddenRoman,70,Active,55+,,,1,3.67,2.74,1-3 yr
Keshawn,Singh,03-11-2019,22-06-2021,Data Analyst,EW,Contract,Zone C,Part-Time,Resignation,Production,General - Eng,22-05-1976,MA,Administrative,Male,35338,White,Widowed,Fully Meets,2,2389,06-06-2023,1,4,2,28-07-2023,Technical Skills,Internal,Completed,1,718.39,KeshawnSingh,47,Terminated,45-54,2021,June,1,2.33,1.63,1-3 yr
Barrett,Obrien,15-05-2020,27-12-2021,Data Analyst,MSC,Part-Time,Zone C,Part-Time,Involuntary,Production,Engineers,13-02-1943,MA,Coordinator,Female,94090,Asian,Divorced,Fully Meets,1,2390,18-10-2022,1,5,4,19-07-2023,Customer Service,External,Completed,5,923.06,BarrettObrien,79,Terminated,55+,2021,December,1,3.33,1.62,1-3 yr
Gisselle,Villanueva,28-04-2023,13-05-2023,Data Analyst,TNS,Part-Time,Zone B,Full-Time,Resignation,IT/IS,Splicing,11-02-1964,MA,Splicer,Female,44623,Asian,Widowed,Fully Meets,1,2391,22-06-2023,3,3,3,10-12-2022,Technical Skills,External,Failed,3,363.35,GisselleVillanueva,59,Terminated,55+,2023,May,0,3,0.04,0-1 yr
Demetrius,Mendez,05-08-2019,,Data Analyst,BPC,Full-Time,Zone A,Full-Time,Unk,IT/IS,People Services,27-09-1944,MA,Services,Male,91306,Black,Single,Fully Meets,1,2392,19-06-2023,4,3,2,17-12-2022,Customer Service,External,Failed,5,652.9,DemetriusMendez,78,Active,55+,,,0,3,3.87,3-5 yr
Rhett,Holmes,05-12-2018,15-09-2021,Production Manager,NEL,Full-Time,Zone C,Part-Time,Involuntary,Production,Engineers,04-09-1993,MA,Engineer,Female,79531,Other,Widowed,Fully Meets,5,2393,12-05-2023,3,2,2,27-02-2023,Project Management,External,Completed,5,803.82,RhettHolmes,29,Terminated,25-34,2021,September,1,2.33,2.78,1-3 yr
Harold,David,25-04-2022,23-06-2023,Production Manager,PL,Full-Time,Zone C,Full-Time,Involuntary,Production,Field Operations,17-09-1980,MA,Laborer,Male,57850,White,Single,Fully Meets,2,2394,18-11-2022,4,1,1,22-09-2022,Customer Service,Internal,Completed,1,661.88,HaroldDavid,42,Terminated,35-44,2023,June,1,2,1.16,1-3 yr
Terrell,Guerra,10-12-2019,,Production Manager,PYZ,Part-Time,Zone C,Part-Time,Unk,Production,General - Eng,24-06-1983,MA,Engineer,Male,8880,Black,Divorced,Fully Meets,1,2395,23-02-2023,1,1,4,29-03-2023,Customer Service,External,Completed,5,337.08,TerrellGuerra,39,Active,35-44,,,1,2,3.21,3-5 yr
Reginald,Klein,30-06-2022,13-07-2022,Production Manager,SVG,Contract,Zone C,Part-Time,Resignation,Production,General - Eng,18-07-1960,MA,Engineer,Female,11959,Other,Single,Fully Meets,1,2396,14-12-2022,3,4,2,22-11-2022,Project Management,External,Completed,5,887.46,ReginaldKlein,62,Terminated,55+,2022,July,1,3,0.04,0-1 yr
Marcos,Sloan,19-09-2018,29-04-2019,Production Manager,TNS,Part-Time,Zone B,Full-Time,Retirement,Production,Field Operations,22-08-1990,MA,Laborer,Female,90692,Other,Widowed,Fully Meets,2,2397,08-09-2022,2,5,2,10-11-2022,Project Management,External,Completed,5,514.94,MarcosSloan,32,Terminated,25-34,2019,April,1,3,0.61,0-1 yr
Davion,Hahn,08-07-2019,16-08-2022,Production Manager,WBL,Contract,Zone C,Temporary,Resignation,Production,General - Con,11-06-1959,MA,Foreman,Female,75907,White,Widowed,Fully Meets,5,2398,07-01-2023,4,3,3,13-12-2022,Technical Skills,External,Incomplete,3,304.35,DavionHahn,63,Terminated,55+,2022,August,0,3.33,3.11,3-5 yr
Brice,Phillips,25-05-2023,31-07-2023,Production Manager,PYZ,Full-Time,Zone B,Part-Time,Retirement,Production,Wireline Construction,13-06-1958,MA,Driver,Male,2777,White,Married,Fully Meets,4,2399,29-11-2022,1,4,2,15-03-2023,Customer Service,External,Passed,1,329.83,BricePhillips,64,Terminated,55+,2023,July,1,2.33,0.18,0-1 yr
Alvaro,Le,03-11-2018,,Production Manager,WBL,Contract,Zone A,Part-Time,Unk,Production,General - Sga,12-06-1961,MA,Supervisor,Male,28115,Black,Married,Fully Meets,2,2400,28-03-2023,4,4,3,23-07-2023,Communication Skills,External,Completed,4,872.57,AlvaroLe,61,Active,55+,,,1,3.67,4.4,3-5 yr
Darien,Young,09-11-2022,10-01-2023,Production Manager,NEL,Full-Time,Zone C,Part-Time,Resignation,Production,Field Operations,23-09-1945,MA,Technician,Female,96954,Asian,Divorced,Fully Meets,5,2401,23-12-2022,1,1,3,01-11-2022,Customer Service,Internal,Failed,4,935.2,DarienYoung,77,Terminated,55+,2023,January,0,1.67,0.17,0-1 yr
Hayley,Chung,14-04-2022,22-09-2022,Production Manager,PL,Full-Time,Zone C,Full-Time,Resignation,Production,Shop (Fleet),19-09-1985,MA,Supervisor,Female,36118,Black,Widowed,Fully Meets,2,2402,29-10-2022,3,2,2,18-02-2023,Communication Skills,External,Failed,1,478.73,HayleyChung,37,Terminated,35-44,2022,September,0,2.33,0.44,0-1 yr
Ellis,Maldonado,06-08-2020,29-07-2022,Production Manager,BPC,Full-Time,Zone C,Temporary,Retirement,Production,Finance & Accounting,22-03-1958,MA,Administrative,Female,48453,Hispanic,Married,Fully Meets,4,2403,07-11-2022,3,3,3,25-08-2022,Technical Skills,External,Failed,5,766.04,EllisMaldonado,64,Terminated,55+,2022,July,0,3,1.98,1-3 yr
Alena,Ibarra,26-06-2019,27-01-2020,Production Manager,CCDR,Contract,Zone C,Temporary,Voluntary,Production,General - Con,19-05-1949,MA,Manager,Female,25247,White,Divorced,Fully Meets,2,2404,01-05-2023,3,3,1,21-04-2023,Project Management,External,Failed,3,561.63,AlenaIbarra,74,Terminated,55+,2020,January,0,2.33,0.59,0-1 yr
Emily,Davidson,13-09-2020,15-03-2022,President & CEO,SVG,Full-Time,Zone B,Part-Time,Involuntary,Production,Field Operations,06-04-1950,MA,Lineman,Male,3445,White,Divorced,Fully Meets,4,2405,25-07-2023,4,1,2,19-03-2023,Technical Skills,External,Completed,1,722.5,EmilyDavidson,73,Terminated,55+,2022,March,1,2.33,1.5,1-3 yr
Nickolas,Stephens,13-11-2018,,Network Engineer,EW,Part-Time,Zone B,Part-Time,Unk,Production,Engineers,25-03-1971,MA,Technician,Male,73530,Black,Widowed,Fully Meets,1,2406,24-02-2023,1,4,4,19-05-2023,Communication Skills,Internal,Failed,1,100.04,NickolasStephens,51,Active,45-54,,,0,3,4.28,3-5 yr
Lamont,Prince,06-10-2019,14-04-2023,Data Analyst,EW,Full-Time,Zone C,Temporary,Involuntary,Production,Finance & Accounting,17-04-1953,MA,Clerk,Male,47723,Other,Widowed,Fully Meets,4,2407,23-09-2022,3,5,5,15-11-2022,Project Management,Internal,Completed,2,545.35,LamontPrince,69,Terminated,55+,2023,April,1,4.33,3.52,3-5 yr
Gunner,Boone,15-09-2021,,Data Analyst,MSC,Full-Time,Zone B,Part-Time,Unk,IT/IS,Field Operations,10-01-1962,MA,Foreman,Female,46328,Black,Divorced,Fully Meets,5,2408,26-08-2022,2,5,5,04-09-2022,Project Management,Internal,Failed,1,968.87,GunnerBoone,60,Active,55+,,,0,4,0.94,0-1 yr
Kaitlin,Cooke,06-02-2020,,Data Analyst,TNS,Full-Time,Zone B,Full-Time,Unk,IT/IS,Engineers,30-10-1996,MA,Program Manager,Female,91289,White,Single,Fully Meets,4,2409,11-01-2023,3,3,3,07-04-2023,Customer Service,External,Passed,1,949.78,KaitlinCooke,26,Active,25-34,,,1,3,2.93,1-3 yr
Sam,Gross,21-10-2022,,Data Analyst,PYZ,Full-Time,Zone B,Part-Time,Unk,IT/IS,Engineers,19-11-1957,MA,Project Manager,Male,39919,White,Divorced,Fully Meets,2,2410,03-05-2023,4,4,1,24-09-2022,Technical Skills,External,Failed,3,341.65,SamGross,65,Active,55+,,,0,3,0.53,0-1 yr
Nathaly,Stuart,11-10-2022,,Production Manager,NEL,Part-Time,Zone B,Temporary,Unk,Production,General - Con,16-07-1994,MA,Lineman,Female,43601,Black,Widowed,Fully Meets,2,2411,23-01-2023,2,3,3,27-02-2023,Project Management,External,Failed,4,798.7,NathalyStuart,28,Active,25-34,,,0,2.67,0.28,0-1 yr
Frankie,Yang,30-01-2022,22-03-2023,Production Manager,PL,Full-Time,Zone B,Part-Time,Voluntary,Production,Engineers,13-10-1994,MA,Engineer,Male,63971,White,Widowed,Fully Meets,2,2412,10-04-2023,5,4,5,21-01-2023,Project Management,Internal,Passed,5,859,FrankieYang,28,Terminated,25-34,2023,March,1,4.67,1.14,1-3 yr
Alexus,Greer,27-07-2022,09-10-2022,Production Manager,PYZ,Full-Time,Zone B,Temporary,Resignation,Production,General - Con,10-04-1942,MA,Driver,Female,18899,White,Single,Fully Meets,4,2413,08-11-2022,4,2,2,01-09-2022,Communication Skills,External,Failed,1,193.51,AlexusGreer,80,Terminated,55+,2022,October,0,2.67,0.2,0-1 yr
Julianne,Shaw,26-05-2022,,Production Manager,SVG,Part-Time,Zone B,Part-Time,Unk,Production,General - Con,16-07-1952,MA,Laborer,Female,82519,Asian,Single,Fully Meets,2,2414,05-09-2022,1,1,5,01-09-2022,Technical Skills,External,Failed,5,506.08,JulianneShaw,70,Active,55+,,,0,2.33,0.28,0-1 yr
Raelynn,Lara,08-02-2021,23-08-2022,Production Manager,TNS,Full-Time,Zone B,Full-Time,Involuntary,Production,Field Operations,10-09-1952,MA,Technician,Female,25010,White,Married,Fully Meets,4,2415,08-02-2023,1,2,5,18-08-2022,Customer Service,Internal,Failed,4,938.18,RaelynnLara,70,Terminated,55+,2022,August,0,2.67,1.54,1-3 yr
Leland,Chang,06-06-2022,,Production Manager,WBL,Contract,Zone C,Full-Time,Unk,Production,General - Con,08-06-1994,MA,Laborer,Male,91822,Asian,Single,Fully Meets,2,2416,01-11-2022,4,5,1,06-05-2023,Communication Skills,Internal,Failed,2,344.8,LelandChang,28,Active,25-34,,,0,3.33,0.41,0-1 yr
Hayley,Webb,27-02-2021,30-07-2023,Production Manager,BPC,Contract,Zone C,Full-Time,Retirement,Production,Engineers,10-11-1986,MA,Program Manager,Male,37752,White,Single,Fully Meets,4,2417,17-09-2022,2,3,4,31-10-2022,Communication Skills,External,Passed,4,587.29,HayleyWebb,35,Terminated,35-44,2023,July,1,3,2.42,1-3 yr
Teagan,Rodriguez,26-01-2022,04-05-2023,Production Manager,CCDR,Contract,Zone B,Temporary,Involuntary,Production,Project Management - Con,20-06-1942,MA,Manager,Male,16793,Black,Married,Fully Meets,1,2418,08-03-2023,3,2,5,27-01-2023,Technical Skills,External,Failed,5,966.19,TeaganRodriguez,80,Terminated,55+,2023,May,0,3.33,1.27,1-3 yr
Kaylyn,Joyce,01-04-2020,,Production Manager,EW,Part-Time,Zone A,Temporary,Unk,Production,Wireline Construction,16-08-2000,MA,Driver,Female,94808,White,Married,Fully Meets,2,2419,22-12-2022,2,2,1,05-07-2023,Project Management,External,Completed,4,433.85,KaylynJoyce,22,Active,<25,,,1,1.67,2.72,1-3 yr
Carleigh,Garrison,03-06-2020,,Production Manager,MSC,Contract,Zone B,Full-Time,Unk,Production,Project Management - Con,01-04-1949,MA,Coordinator,Female,22631,White,Single,Fully Meets,5,2420,07-05-2023,4,3,1,29-01-2023,Project Management,Internal,Passed,3,684.64,CarleighGarrison,74,Active,55+,,,1,2.67,2.92,1-3 yr
Brycen,York,20-11-2021,,Production Manager,NEL,Full-Time,Zone C,Part-Time,Unk,Production,Engineers,03-09-1986,MA,Engineer,Female,70680,Asian,Married,Fully Meets,2,2421,03-04-2023,1,3,5,08-07-2023,Customer Service,Internal,Completed,3,442.48,BrycenYork,36,Active,35-44,,,1,3,1.37,1-3 yr
Rigoberto,Gibson,21-12-2021,07-04-2022,Production Manager,PL,Part-Time,Zone A,Temporary,Involuntary,Production,General - Con,16-03-1949,MA,Laborer,Male,86374,Hispanic,Widowed,Fully Meets,2,2422,18-10-2022,5,4,5,29-08-2022,Leadership Development,External,Failed,1,400.73,RigobertoGibson,73,Terminated,55+,2022,April,0,4.67,0.29,0-1 yr
Yael,Garcia,10-10-2018,,President & CEO,PYZ,Contract,Zone A,Full-Time,Unk,Production,General - Con,10-11-1977,MA,Laborer,Male,93897,Asian,Divorced,Fully Meets,1,2423,06-04-2023,3,3,5,15-06-2023,Technical Skills,Internal,Failed,5,523.75,YaelGarcia,45,Active,45-54,,,0,3.67,4.49,3-5 yr
Jonathon,Montes,26-02-2019,24-03-2021,Network Engineer,SVG,Full-Time,Zone C,Full-Time,Resignation,Executive Office,Engineers,18-08-1974,MA,Technician,Male,47083,Hispanic,Divorced,Fully Meets,2,2424,25-02-2023,2,1,4,18-10-2022,Customer Service,Internal,Failed,1,292.85,JonathonMontes,48,Terminated,45-54,2021,March,0,2.33,2.07,1-3 yr
Alexzander,Guzman,19-06-2022,20-05-2023,Director of Operations,MSC,Contract,Zone C,Full-Time,Resignation,Production,Wireline Construction,15-06-1982,MA,Driver,Male,61895,Asian,Divorced,Fully Meets,2,2425,28-03-2023,2,2,2,23-04-2023,Technical Skills,External,Failed,3,136.76,AlexzanderGuzman,40,Terminated,35-44,2023,May,0,2,0.92,0-1 yr
Gunnar,Gray,20-07-2020,10-07-2023,Data Analyst,EW,Full-Time,Zone C,Part-Time,Retirement,Production,General - Con,03-03-1959,MA,Foreman,Female,43373,White,Widowed,Fully Meets,2,2426,21-10-2022,5,5,3,21-11-2022,Leadership Development,External,Incomplete,4,107.48,GunnarGray,63,Terminated,55+,2023,July,0,4.33,2.97,1-3 yr
Emilee,Thompson,17-01-2020,20-04-2020,Data Analyst,CCDR,Part-Time,Zone C,Full-Time,Voluntary,IT/IS,Field Operations,22-11-1956,MA,Top Hand,Female,87868,Asian,Divorced,Fully Meets,5,2427,14-04-2023,2,2,1,27-01-2023,Communication Skills,Internal,Passed,2,528.76,EmileeThompson,66,Terminated,55+,2020,April,1,1.67,0.26,0-1 yr
Emmett,Chandler,04-06-2021,11-02-2022,Data Analyst,BPC,Part-Time,Zone B,Temporary,Voluntary,IT/IS,Yard (Material Handling),22-01-1963,MA,Shop,Female,7404,White,Divorced,Fully Meets,4,2428,30-11-2022,2,5,5,13-07-2023,Customer Service,External,Passed,4,549.8,EmmettChandler,59,Terminated,55+,2022,February,1,4,0.69,0-1 yr
Vincent,Ramsey,19-04-2019,02-07-2020,Production Manager,BPC,Part-Time,Zone C,Temporary,Involuntary,Production,Field Operations,01-05-1999,MA,Laborer,Male,68494,Black,Widowed,Fully Meets,4,2429,06-11-2022,3,4,2,09-12-2022,Communication Skills,External,Completed,5,308.1,VincentRamsey,23,Terminated,<25,2020,July,1,3,1.2,1-3 yr
Dallas,Ross,17-11-2018,20-12-2020,Production Manager,CCDR,Full-Time,Zone B,Part-Time,Voluntary,Production,General - Con,25-04-1948,MA,Technician,Male,69480,White,Single,Fully Meets,2,2430,22-09-2022,2,1,1,26-05-2023,Technical Skills,External,Passed,2,622.08,DallasRoss,74,Terminated,55+,2020,December,1,1.33,2.09,1-3 yr
Elvis,Kaufman,18-08-2022,20-06-2023,Production Manager,SVG,Contract,Zone A,Full-Time,Resignation,Production,General - Con,12-03-1942,MA,Laborer,Female,16520,Asian,Widowed,Fully Meets,4,2431,31-10-2022,4,2,5,17-03-2023,Customer Service,External,Incomplete,3,730.23,ElvisKaufman,80,Terminated,55+,2023,June,0,3.67,0.84,0-1 yr
Rayna,Gates,10-02-2023,24-04-2023,Production Manager,EW,Contract,Zone C,Full-Time,Retirement,Production,Yard (Material Handling),18-04-1963,MA,Shop,Female,44133,Asian,Married,Fully Meets,2,2432,30-07-2023,1,1,2,17-08-2022,Customer Service,External,Failed,1,353.71,RaynaGates,60,Terminated,55+,2023,April,0,1.33,0.2,0-1 yr
Darryl,Wiley,22-04-2020,03-08-2022,Production Manager,MSC,Contract,Zone C,Temporary,Retirement,Production,Engineers,30-08-1976,MA,Project Manager,Male,28492,White,Widowed,Fully Meets,1,2433,05-08-2022,1,5,3,20-04-2023,Technical Skills,Internal,Completed,4,580.82,DarrylWiley,45,Terminated,45-54,2022,August,1,3,2.28,1-3 yr
Liam,Blevins,14-01-2023,07-05-2023,Production Manager,TNS,Part-Time,Zone A,Full-Time,Involuntary,Production,General - Con,22-09-1991,MA,Foreman,Male,34702,Asian,Single,Fully Meets,5,2434,14-08-2022,5,2,5,06-09-2022,Leadership Development,External,Failed,4,810.59,LiamBlevins,30,Terminated,25-34,2023,May,0,4,0.31,0-1 yr
Easton,Zavala,13-03-2023,21-03-2023,Production Manager,PYZ,Full-Time,Zone C,Part-Time,Involuntary,Production,Engineers,05-06-1982,MA,Planner,Male,97893,Other,Widowed,Fully Meets,2,2435,29-01-2023,1,3,2,26-03-2023,Communication Skills,Internal,Incomplete,5,150.58,EastonZavala,40,Terminated,35-44,2023,March,0,2,0.02,0-1 yr
Susan,Wiggins,30-12-2022,16-04-2023,Production Manager,WBL,Full-Time,Zone B,Part-Time,Voluntary,Production,Field Operations,23-04-1958,MA,Driller,Male,94765,Asian,Widowed,Fully Meets,4,2436,04-11-2022,1,3,3,09-05-2023,Project Management,External,Failed,5,985.02,SusanWiggins,64,Terminated,55+,2023,April,0,2.33,0.29,0-1 yr
Alison,Evans,04-06-2020,30-10-2022,Production Manager,NEL,Full-Time,Zone A,Full-Time,Voluntary,Production,Shop (Fleet),30-05-1977,MA,Mechanic,Female,83290,Other,Single,Fully Meets,2,2437,17-10-2022,3,5,2,02-05-2023,Customer Service,External,Completed,2,669.99,AlisonEvans,45,Terminated,45-54,2022,October,1,3.33,2.4,1-3 yr
Humberto,Rocha,13-03-2022,,Production Manager,PL,Contract,Zone A,Full-Time,Unk,Production,Wireless,22-09-1964,MA,Operator,Female,47253,Black,Divorced,Fully Meets,5,2438,09-11-2022,4,1,4,14-11-2022,Customer Service,External,Failed,1,101.26,HumbertoRocha,58,Active,55+,,,0,3,0.66,0-1 yr
Cordell,Vazquez,21-08-2021,,Production Manager,BPC,Contract,Zone B,Part-Time,Unk,Production,Engineers,10-05-1944,MA,Engineer,Female,52238,White,Single,Fully Meets,5,2439,15-08-2022,4,3,5,29-10-2022,Project Management,External,Failed,4,816.24,CordellVazquez,78,Active,55+,,,0,4,0.98,0-1 yr
Teagan,Fletcher,15-05-2021,,Production Manager,CCDR,Contract,Zone B,Temporary,Unk,Production,General - Con,23-07-1962,MA,Laborer,Male,72975,Other,Divorced,Fully Meets,1,2440,08-03-2023,2,5,2,24-11-2022,Communication Skills,Internal,Failed,4,809.02,TeaganFletcher,60,Active,55+,,,0,3,1.81,1-3 yr
Camden,Mcclure,14-07-2021,,President & CEO,SVG,Contract,Zone B,Part-Time,Unk,Production,General - Sga,19-12-1973,MA,Recruiter,Male,94258,Hispanic,Married,Fully Meets,2,2441,17-10-2022,2,4,2,17-10-2022,Project Management,External,Passed,5,559.08,CamdenMcclure,48,Active,45-54,,,1,2.67,1.26,1-3 yr
Larissa,Garza,31-01-2023,22-06-2023,Director of Operations,SVG,Contract,Zone C,Full-Time,Resignation,Production,Executive,16-04-1973,MA,Vp,Female,53145,Black,Divorced,Fully Meets,1,2442,26-01-2023,2,1,5,18-01-2023,Communication Skills,Internal,Failed,2,688.8,LarissaGarza,49,Terminated,45-54,2023,June,0,2.67,0.39,0-1 yr
Camron,Jenkins,27-07-2020,,Data Analyst,EW,Part-Time,Zone B,Full-Time,Unk,Production,Wireline Construction,28-03-1976,MA,Foreman,Female,8971,White,Widowed,Fully Meets,1,2443,17-08-2022,4,3,5,30-12-2022,Project Management,External,Completed,5,300.21,CamronJenkins,46,Active,45-54,,,1,4,2.06,1-3 yr
America,Buchanan,16-04-2023,,Data Analyst,MSC,Part-Time,Zone C,Part-Time,Unk,IT/IS,Wireline Construction,07-09-1957,MA,Traffic,Female,53240,Black,Single,Fully Meets,4,2444,05-08-2023,1,1,5,03-11-2022,Project Management,External,Completed,1,851.57,AmericaBuchanan,65,Active,55+,,,1,2.33,0.3,0-1 yr
Avery,Koch,30-12-2019,,Production Manager,MSC,Contract,Zone B,Temporary,Unk,Production,General - Con,31-12-1969,MA,Technician,Female,55950,Asian,Widowed,Fully Meets,2,2445,20-11-2022,3,4,5,11-05-2023,Leadership Development,External,Failed,1,833.89,AveryKoch,52,Active,45-54,,,0,4,2.89,1-3 yr
Devan,Hall,06-12-2021,11-01-2023,Production Manager,NEL,Contract,Zone C,Full-Time,Involuntary,Production,Executive,20-10-1948,MA,Manager,Male,59946,Black,Divorced,Fully Meets,5,2446,09-06-2023,1,2,5,19-06-2023,Communication Skills,External,Passed,1,129.32,DevanHall,74,Terminated,55+,2023,January,1,2.67,1.1,1-3 yr
Jensen,Mccullough,02-02-2020,06-03-2022,Production Manager,PL,Full-Time,Zone A,Full-Time,Voluntary,Production,Engineers,13-04-1992,MA,Administrative,Female,7019,White,Widowed,Fully Meets,4,2447,01-02-2023,5,3,4,21-08-2022,Technical Skills,Internal,Completed,1,505.6,JensenMccullough,30,Terminated,25-34,2022,March,1,4,2.09,1-3 yr
Kristin,Hickman,23-10-2020,14-03-2021,Production Manager,PYZ,Full-Time,Zone C,Part-Time,Voluntary,Production,General - Eng,17-01-1989,MA,Specialist,Female,43686,Asian,Single,Fully Meets,4,2448,14-04-2023,2,2,5,29-09-2022,Customer Service,Internal,Passed,5,633.54,KristinHickman,34,Terminated,25-34,2021,March,1,3,0.39,0-1 yr
Chana,Fox,29-04-2020,10-07-2021,Production Manager,SVG,Part-Time,Zone B,Temporary,Retirement,Production,Aerial,10-02-1986,MA,Lineman,Female,63427,Hispanic,Single,Fully Meets,4,2449,28-01-2023,4,5,3,18-01-2023,Project Management,External,Passed,4,485.29,ChanaFox,36,Terminated,35-44,2021,July,1,4,1.2,1-3 yr
Vivian,Bright,18-08-2022,24-09-2022,Production Manager,TNS,Full-Time,Zone A,Part-Time,Resignation,Production,Aerial,15-10-1996,MA,Lineman,Male,73413,Asian,Single,Fully Meets,1,2450,21-01-2023,5,3,2,18-01-2023,Project Management,Internal,Completed,5,302.62,VivianBright,26,Terminated,25-34,2022,September,1,3.33,0.1,0-1 yr
Rosa,Rosales,08-09-2020,,Production Manager,WBL,Contract,Zone A,Temporary,Unk,Production,Splicing,14-11-1943,MA,Supervisor,Male,78058,Black,Married,Fully Meets,5,2451,17-03-2023,5,3,1,31-07-2023,Communication Skills,External,Incomplete,1,510.72,RosaRosales,79,Active,55+,,,0,3,2.52,1-3 yr
Fabian,Mullins,14-10-2022,,Production Manager,BPC,Full-Time,Zone C,Part-Time,Unk,Production,Project Management - Con,23-10-1972,MA,Vp,Male,15079,Asian,Married,Fully Meets,2,2452,02-09-2022,3,3,1,29-06-2023,Communication Skills,Internal,Incomplete,3,241.25,FabianMullins,49,Active,45-54,,,0,2.33,-0.11,
Mila,Poole,13-05-2023,,Production Manager,CCDR,Full-Time,Zone C,Full-Time,Unk,Production,Underground,22-09-1988,MA,Laborer,Male,70878,Other,Widowed,Fully Meets,1,2453,23-12-2022,3,3,3,28-11-2022,Technical Skills,External,Incomplete,3,285.55,MilaPoole,34,Active,25-34,,,0,3,-0.39,
Callum,Mccormick,28-02-2021,,Production Manager,EW,Full-Time,Zone A,Part-Time,Unk,Production,Fielders,12-03-1989,MA,Engineer,Female,5526,Asian,Married,Fully Meets,5,2454,24-09-2022,1,4,3,06-10-2022,Leadership Development,Internal,Completed,1,524.51,CallumMccormick,33,Active,25-34,,,1,2.67,1.57,1-3 yr
Jakob,Luna,03-03-2020,,Production Manager,MSC,Full-Time,Zone B,Full-Time,Unk,Production,General - Con,06-12-1991,MA,Specialist,Female,50307,Hispanic,Single,Fully Meets,2,2455,11-06-2023,3,3,1,08-06-2023,Customer Service,External,Completed,4,218.61,JakobLuna,31,Active,25-34,,,1,2.33,3.27,3-5 yr
Odin,Sampson,29-11-2021,,Production Manager,NEL,Full-Time,Zone A,Full-Time,Unk,Production,Wireline Construction,27-08-1970,MA,Laborer,Male,70237,Asian,Single,Fully Meets,5,2456,22-09-2022,4,5,3,22-08-2022,Customer Service,External,Failed,2,263.3,OdinSampson,52,Active,45-54,,,0,4,0.81,0-1 yr
George,Meyers,24-08-2018,,Production Manager,PL,Part-Time,Zone A,Part-Time,Unk,Production,Field Operations,14-04-1961,MA,Groundman,Male,82947,Hispanic,Single,Fully Meets,2,2457,27-04-2023,3,2,3,19-05-2023,Technical Skills,Internal,Incomplete,5,423.81,GeorgeMeyers,62,Active,55+,,,0,2.67,4.67,3-5 yr
Angelica,Gamble,21-10-2020,24-03-2022,President & CEO,PYZ,Part-Time,Zone B,Temporary,Voluntary,Production,Shop (Fleet),10-03-1979,MA,Technician,Male,59127,Other,Widowed,Fully Meets,2,2458,19-09-2022,5,3,1,20-05-2023,Customer Service,Internal,Failed,5,912.62,AngelicaGamble,43,Terminated,35-44,2022,March,0,3,1.42,1-3 yr
Bradyn,Pham,15-12-2020,24-06-2021,Director of Operations,SVG,Full-Time,Zone A,Temporary,Retirement,Production,Field Operations,10-07-1995,RI,Laborer,Female,89047,Asian,Married,Fully Meets,4,2459,14-10-2022,5,5,5,27-11-2022,Project Management,External,Failed,4,973.11,BradynPham,27,Terminated,25-34,2021,June,0,5,0.52,0-1 yr
Konner,Pierce,05-09-2018,27-01-2023,Data Analyst,EW,Contract,Zone C,Full-Time,Retirement,IT/IS,Finance & Accounting,21-10-1959,MA,Controller,Female,15258,White,Widowed,Fully Meets,2,2460,24-03-2023,3,4,2,25-11-2022,Communication Skills,External,Passed,5,637.58,KonnerPierce,63,Terminated,55+,2023,January,1,3,4.39,3-5 yr
Tucker,Haas,27-09-2021,,Shared Services Manager,EW,Part-Time,Zone A,Full-Time,Unk,Admin Offices,Splicing,05-06-1979,MA,Splicer,Male,23555,Black,Divorced,Fully Meets,5,2461,03-12-2022,3,2,4,13-07-2023,Communication Skills,External,Completed,2,103.04,TuckerHaas,43,Active,35-44,,,1,3,1.18,1-3 yr
Lainey,York,09-01-2020,27-01-2021,Production Manager,NEL,Part-Time,Zone C,Full-Time,Voluntary,Production,General - Con,03-11-1948,MA,Foreman,Female,83298,White,Married,Fully Meets,2,2462,09-05-2023,4,1,2,05-02-2023,Customer Service,External,Completed,3,758.62,LaineyYork,74,Terminated,55+,2021,January,1,2.33,1.05,1-3 yr
Ava,Chan,06-12-2018,,Production Manager,PL,Part-Time,Zone A,Part-Time,Unk,Production,Fielders,03-04-1986,MA,Engineer,Female,27705,Hispanic,Widowed,Fully Meets,4,2463,04-12-2022,3,5,5,02-06-2023,Leadership Development,Internal,Passed,3,792.67,AvaChan,36,Active,35-44,,,1,4.33,3.99,3-5 yr
Marquise,Pacheco,11-08-2022,,Production Manager,BPC,Full-Time,Zone B,Temporary,Unk,Production,Field Operations,24-05-1955,MA,Technician,Male,78500,White,Widowed,Fully Meets,2,2464,18-02-2023,2,3,2,14-07-2023,Leadership Development,External,Passed,1,795.5,MarquisePacheco,67,Active,55+,,,1,2.33,0.52,0-1 yr
Callum,Miles,13-04-2020,26-06-2021,Production Manager,CCDR,Contract,Zone A,Full-Time,Retirement,Production,Field Operations,09-11-1961,MA,Laborer,Female,42463,White,Single,Fully Meets,2,2465,06-01-2023,3,3,1,22-07-2023,Project Management,Internal,Incomplete,3,475.26,CallumMiles,61,Terminated,55+,2021,June,0,2.33,1.2,1-3 yr
Natasha,Valdez,14-11-2021,22-01-2023,Production Manager,SVG,Contract,Zone A,Full-Time,Voluntary,Production,Fielders,13-09-1967,MA,Engineer,Female,17484,White,Widowed,Fully Meets,2,2466,14-09-2022,2,4,1,04-11-2022,Customer Service,External,Failed,3,652.89,NatashaValdez,55,Terminated,55+,2023,January,0,2.33,1.19,1-3 yr
Talia,Barrett,17-03-2022,23-06-2023,Production Manager,EW,Full-Time,Zone B,Full-Time,Involuntary,Production,Engineers,02-01-1979,MA,Engineer,Female,86392,Other,Married,Fully Meets,5,2467,14-08-2022,1,1,4,08-03-2023,Customer Service,External,Passed,1,832.16,TaliaBarrett,43,Terminated,35-44,2023,June,1,2,1.27,1-3 yr
Kailyn,Torres,06-05-2019,,Production Manager,MSC,Part-Time,Zone A,Part-Time,Unk,Production,General - Con,15-11-1957,MA,Laborer,Male,53359,Hispanic,Married,Fully Meets,5,2468,23-03-2023,5,4,3,24-02-2023,Communication Skills,Internal,Passed,3,629.25,KailynTorres,65,Active,55+,,,1,4,3.88,3-5 yr
Uriah,Pennington,27-11-2021,22-06-2023,Production Manager,TNS,Part-Time,Zone C,Part-Time,Involuntary,Production,Field Operations,04-02-2001,MA,Supervisor,Male,74482,Hispanic,Divorced,Fully Meets,4,2469,13-04-2023,2,1,5,15-09-2022,Project Management,External,Completed,5,780.71,UriahPennington,22,Terminated,<25,2023,June,1,2.67,1.57,1-3 yr
Cesar,Hunter,09-02-2021,,Production Manager,BPC,Full-Time,Zone C,Temporary,Unk,Production,General - Con,24-10-1988,MA,Laborer,Male,71766,Asian,Single,Fully Meets,5,2470,21-10-2022,5,5,2,05-04-2023,Communication Skills,Internal,Completed,2,999,CesarHunter,34,Active,25-34,,,1,4,1.69,1-3 yr
Brianna,Hurley,06-01-2022,,Production Manager,CCDR,Part-Time,Zone C,Part-Time,Unk,Production,Fielders,25-07-1959,MA,Engineer,Male,84366,Other,Divorced,Fully Meets,2,2471,23-01-2023,5,5,3,06-08-2022,Leadership Development,External,Passed,3,489.29,BriannaHurley,63,Active,55+,,,1,4.33,1.05,1-3 yr
Ariel,May,28-07-2023,,Production Manager,EW,Full-Time,Zone B,Temporary,Unk,Production,Aerial,26-10-1975,MA,Foreman,Female,71843,Asian,Married,Fully Meets,2,2472,22-06-2023,5,2,3,28-04-2023,Project Management,External,Failed,1,942.75,ArielMay,47,Active,45-54,,,0,3.33,-0.1,
Anastasia,Hardy,27-03-2021,23-06-2022,Production Manager,MSC,Contract,Zone B,Full-Time,Involuntary,Production,Corp Operations,15-07-1982,MA,Administrative,Male,55005,Hispanic,Single,Fully Meets,4,2473,16-09-2022,4,4,3,02-11-2022,Leadership Development,Internal,Completed,5,938.63,AnastasiaHardy,40,Terminated,35-44,2022,June,1,3.67,1.24,1-3 yr
Aliana,Blake,12-03-2023,02-06-2023,Production Manager,NEL,Contract,Zone A,Temporary,Involuntary,Production,Field Operations,13-01-1959,MA,Technician,Male,38407,Black,Married,Fully Meets,4,2474,12-06-2023,4,5,2,18-11-2022,Project Management,Internal,Completed,5,543.64,AlianaBlake,64,Terminated,55+,2023,June,1,3.67,0.22,0-1 yr
Houston,Burnett,05-10-2022,17-12-2022,Production Manager,PL,Part-Time,Zone C,Temporary,Retirement,Production,General - Con,26-02-1942,MA,Splicer,Male,14857,White,Single,Fully Meets,4,2475,18-05-2023,1,4,1,30-11-2022,Leadership Development,Internal,Failed,2,117.83,HoustonBurnett,81,Terminated,55+,2022,December,0,2,0.2,0-1 yr
Case,Conley,01-10-2021,21-06-2023,President & CEO,PYZ,Part-Time,Zone B,Full-Time,Voluntary,Executive Office,Yard (Material Handling),11-07-1967,MA,Runner,Male,6637,Other,Single,Fully Meets,2,2476,18-03-2023,3,5,5,29-06-2023,Technical Skills,External,Completed,3,350.21,CaseConley,55,Terminated,55+,2023,June,1,4.33,1.72,1-3 yr
Trevin,Shannon,31-01-2022,,Director of Sales,PL,Contract,Zone A,Full-Time,Unk,Sales,Field Operations,14-09-1982,RI,Laborer,Female,92396,Asian,Divorced,Fully Meets,2,2477,09-01-2023,4,4,3,26-10-2022,Leadership Development,Internal,Passed,4,961.47,TrevinShannon,40,Active,35-44,,,1,3.67,0.94,0-1 yr
Braden,Nicholson,01-06-2020,,Director of Operations,PYZ,Full-Time,Zone A,Temporary,Unk,Production,General - Con,26-07-1994,RI,Flagger,Female,6085,White,Single,Fully Meets,5,2478,30-01-2023,4,4,1,26-09-2022,Customer Service,Internal,Passed,4,548.18,BradenNicholson,28,Active,25-34,,,1,3,2.66,1-3 yr
Mireya,Sutton,18-04-2023,17-05-2023,Data Analyst,SVG,Contract,Zone C,Part-Time,Involuntary,IT/IS,General - Con,17-12-1946,MA,Laborer,Female,67089,Hispanic,Divorced,Fully Meets,4,2479,31-10-2022,2,1,2,18-06-2023,Technical Skills,Internal,Passed,2,439.17,MireyaSutton,75,Terminated,55+,2023,May,1,1.67,0.08,0-1 yr
Jason,Foss,25-07-2020,,IT Director,CCDR,Part-Time,Zone C,Part-Time,Unk,IT/IS,Splicing,26-03-1977,MA,Technician,Male,1460,White,Widowed,Fully Meets,2,2480,12-02-2023,3,2,3,11-01-2023,Customer Service,External,Passed,1,610.88,JasonFoss,45,Active,45-54,,,1,2.67,2.55,1-3 yr
Simon,Roup,12-12-2018,,IT Manager - DB,PL,Full-Time,Zone A,Part-Time,Unk,IT/IS,Aerial,03-07-1997,MA,Lineman,Male,2481,Black,Divorced,Fully Meets,1,2481,07-08-2022,2,5,1,11-11-2022,Technical Skills,External,Incomplete,4,994.03,SimonRoup,25,Active,25-34,,,0,2.67,3.65,3-5 yr
Eric,Dougall,01-09-2018,20-06-2022,IT Manager - Support,PYZ,Contract,Zone C,Full-Time,Voluntary,IT/IS,Isp,17-04-1950,MA,Manager,Male,1886,Black,Married,Fully Meets,4,2482,19-01-2023,4,2,5,23-05-2023,Customer Service,External,Incomplete,4,688.55,EricDougall,72,Terminated,55+,2022,June,0,3.67,3.8,3-5 yr
Peter,Monroe,24-11-2019,,IT Manager - Infra,WBL,Part-Time,Zone A,Temporary,Unk,IT/IS,Fielders,22-05-1944,MA,Engineer,Male,2134,Black,Divorced,Fully Meets,2,2483,08-03-2023,5,1,3,22-10-2022,Communication Skills,Internal,Failed,4,889.91,PeterMonroe,78,Active,55+,,,0,3,3.29,3-5 yr
Brian,Champaigne,26-12-2021,,BI Director,SVG,Part-Time,Zone A,Part-Time,Unk,IT/IS,Field Operations,27-11-1947,MA,Laborer,Male,2045,Black,Single,Fully Meets,4,2484,01-06-2023,1,2,2,03-04-2023,Communication Skills,External,Failed,3,163.61,BrianChampaigne,75,Active,55+,,,0,1.67,1.43,1-3 yr
Alex,Sweetwater,04-03-2020,08-09-2021,Software Engineering Manager,NEL,Part-Time,Zone B,Part-Time,Retirement,Software Engineering,Wireless,25-10-1945,MA,Supervisor,Male,2184,White,Widowed,Fully Meets,4,2485,14-05-2023,3,5,5,30-08-2022,Communication Skills,Internal,Completed,2,642.68,AlexSweetwater,77,Terminated,55+,2021,September,1,4.33,1.51,1-3 yr
Ricardo,Ruiz,03-05-2020,,IT Manager - DB,TNS,Part-Time,Zone A,Temporary,Unk,IT/IS,General - Con,24-08-1985,MA,Coordinator,Male,1915,Black,Married,Fully Meets,5,2486,31-12-2022,1,1,5,11-05-2023,Technical Skills,Internal,Passed,4,703.29,RicardoRuiz,37,Active,35-44,,,1,2.33,2.66,1-3 yr
Leo,Cooper,20-07-2019,,IT Manager - DB,PYZ,Part-Time,Zone A,Temporary,Unk,IT/IS,Splicing,09-12-1978,MA,Laborer,Male,86917,White,Single,Fully Meets,4,2487,06-05-2023,1,1,4,26-11-2022,Technical Skills,Internal,Failed,4,102.96,LeoCooper,44,Active,35-44,,,0,2,3.79,3-5 yr
Braedon,Welch,26-05-2022,05-10-2022,IT Director,PL,Contract,Zone A,Full-Time,Resignation,IT/IS,Field Operations,31-01-1989,MA,Tower Hand,Male,10930,Other,Married,Fully Meets,1,2488,10-01-2023,2,4,5,03-12-2022,Customer Service,External,Completed,5,278.96,BraedonWelch,33,Terminated,25-34,2022,October,1,3.67,0.36,0-1 yr
Graham,Villa,24-07-2021,,Director of Sales,NEL,Contract,Zone A,Part-Time,Unk,IT/IS,Field Operations,23-07-1954,MA,Technician,Male,38550,Hispanic,Single,Fully Meets,5,2489,22-09-2022,1,3,2,30-03-2023,Communication Skills,Internal,Incomplete,4,168.1,GrahamVilla,68,Active,55+,,,0,2,1.16,1-3 yr
Kyle,Ali,27-09-2021,,Director of Operations,MSC,Contract,Zone A,Part-Time,Unk,IT/IS,General - Con,21-07-1954,MA,Laborer,Male,5891,Other,Widowed,Fully Meets,4,2490,25-01-2023,2,2,4,04-06-2023,Leadership Development,Internal,Incomplete,1,886.63,KyleAli,68,Active,55+,,,0,2.67,1.33,1-3 yr
Giovanna,Romero,07-04-2019,,Software Engineer,BPC,Contract,Zone A,Full-Time,Unk,Software Engineering,General - Con,28-05-1944,MA,Flagger,Male,16917,Black,Single,Fully Meets,1,2491,23-02-2023,4,5,2,27-06-2023,Customer Service,External,Incomplete,5,721.79,GiovannaRomero,78,Active,55+,,,0,3.67,3.88,3-5 yr
Natalya,Norman,20-07-2019,,Software Engineer,CCDR,Full-Time,Zone C,Temporary,Unk,Software Engineering,General - Con,04-12-1957,MA,Laborer,Male,34504,White,Married,Fully Meets,2,2492,02-01-2023,3,2,5,14-11-2022,Leadership Development,External,Completed,4,765.32,NatalyaNorman,65,Active,55+,,,1,3.33,3.46,3-5 yr
Connor,Carrillo,03-12-2022,29-06-2023,Software Engineer,SVG,Contract,Zone C,Full-Time,Retirement,Software Engineering,Field Operations,16-05-1981,MA,Driller,Male,13337,Black,Divorced,Fully Meets,4,2493,23-01-2023,1,3,1,07-01-2023,Communication Skills,Internal,Completed,2,443.46,ConnorCarrillo,41,Terminated,35-44,2023,June,1,1.67,0.57,0-1 yr
Owen,Burch,04-04-2020,10-11-2022,IT Manager - DB,MSC,Contract,Zone A,Temporary,Retirement,IT/IS,Field Operations,04-08-1978,MA,Laborer,Male,67346,Asian,Married,Fully Meets,4,2494,06-11-2022,1,1,1,06-11-2022,Customer Service,Internal,Incomplete,2,203.97,OwenBurch,44,Terminated,35-44,2022,November,0,1,2.6,1-3 yr
Abel,Bush,08-03-2020,26-02-2023,IT Director,NEL,Contract,Zone B,Part-Time,Resignation,IT/IS,Fielders,26-01-1970,MA,Engineer,Male,71472,Black,Married,Fully Meets,1,2495,10-01-2023,5,1,2,27-08-2022,Project Management,Internal,Incomplete,3,180.44,AbelBush,52,Terminated,45-54,2023,February,0,2.67,2.97,1-3 yr
Selina,Mullins,28-09-2020,27-03-2023,Director of Sales,PL,Part-Time,Zone B,Temporary,Retirement,IT/IS,Underground,18-03-1961,MA,Operator,Male,55912,Other,Single,Fully Meets,2,2496,15-12-2022,2,3,3,12-02-2023,Technical Skills,Internal,Passed,3,647.25,SelinaMullins,61,Terminated,55+,2023,March,1,2.67,2.49,1-3 yr
Marilyn,Chaney,14-07-2021,09-08-2022,Director of Operations,PYZ,Full-Time,Zone C,Temporary,Voluntary,IT/IS,Field Operations,05-09-1955,MA,Technician,Male,24639,White,Single,Fully Meets,4,2497,27-10-2022,5,2,5,07-09-2022,Customer Service,Internal,Passed,4,833.99,MarilynChaney,67,Terminated,55+,2022,August,1,4,1.07,1-3 yr
Camron,Keller,17-10-2019,21-03-2020,BI Developer,PYZ,Full-Time,Zone A,Temporary,Involuntary,IT/IS,Field Operations,08-09-1999,MA,Foreman,Female,44117,Asian,Divorced,Fully Meets,4,2498,05-07-2023,5,3,5,30-11-2022,Project Management,Internal,Incomplete,4,825.58,CamronKeller,23,Terminated,<25,2020,March,0,4.33,0.43,0-1 yr
Ali,Benjamin,08-04-2023,09-06-2023,Software Engineer,PL,Contract,Zone B,Full-Time,Resignation,Software Engineering,Project Management - Con,04-09-1989,MA,Manager,Male,32650,Asian,Married,Fully Meets,4,2499,01-05-2023,5,5,3,12-10-2022,Project Management,Internal,Failed,2,190.49,AliBenjamin,33,Terminated,25-34,2023,June,0,4.33,0.17,0-1 yr
Annabelle,Frederick,25-07-2019,,Software Engineer,BPC,Full-Time,Zone C,Part-Time,Unk,Software Engineering,Field Operations,17-06-1948,MA,Laborer,Male,27273,Hispanic,Married,Fully Meets,2,2500,01-07-2023,1,3,5,08-07-2023,Project Management,Internal,Completed,3,961.33,AnnabelleFrederick,75,Active,55+,,,1,3,3.93,3-5 yr
Joy,Sellers,25-12-2022,,Software Engineer,CCDR,Full-Time,Zone A,Temporary,Unk,Software Engineering,Finance & Accounting,12-10-1952,MA,Manager,Male,89368,Black,Divorced,Fully Meets,2,2501,21-01-2023,1,5,3,20-09-2022,Communication Skills,Internal,Completed,2,608.46,JoySellers,70,Active,55+,,,1,3,0.07,0-1 yr
Charlie,Brady,27-01-2019,,Software Engineer,SVG,Part-Time,Zone C,Temporary,Unk,Software Engineering,Wireline Construction,06-06-1999,MA,Supervisor,Male,25819,White,Divorced,Fully Meets,2,2502,21-07-2023,3,3,5,08-08-2022,Technical Skills,Internal,Passed,3,971.57,CharlieBrady,24,Active,<25,,,1,3.67,4.48,3-5 yr
Ally,Goodman,26-12-2021,29-01-2022,IT Manager - DB,PL,Contract,Zone C,Temporary,Voluntary,IT/IS,General - Con,23-12-1949,MA,Clerk,Male,6113,White,Married,Fully Meets,5,2503,06-12-2022,1,1,1,14-05-2023,Technical Skills,External,Incomplete,3,354.28,AllyGoodman,73,Terminated,55+,2022,January,0,1,0.09,0-1 yr
Vanessa,Zuniga,12-01-2023,,IT Director,BPC,Full-Time,Zone A,Part-Time,Unk,IT/IS,Engineers,16-02-1976,MA,Engineer,Male,60048,Black,Single,Fully Meets,4,2504,22-10-2022,1,5,3,02-09-2022,Communication Skills,Internal,Failed,5,108.02,VanessaZuniga,46,Active,45-54,,,0,3,-0.22,
Carleigh,Hendricks,02-07-2019,,Director of Sales,CCDR,Contract,Zone B,Temporary,Unk,IT/IS,Splicing,01-05-1988,MA,Tester,Male,23929,Asian,Single,Fully Meets,1,2505,30-10-2022,3,2,3,23-11-2022,Communication Skills,External,Completed,5,508.85,CarleighHendricks,34,Active,25-34,,,1,2.67,3.33,3-5 yr
Trey,Johnston,30-06-2022,,Director of Operations,SVG,Full-Time,Zone C,Full-Time,Unk,IT/IS,Field Operations,12-07-1947,MA,Groundman,Male,76072,White,Single,Fully Meets,5,2506,04-09-2022,3,3,2,13-02-2023,Communication Skills,Internal,Passed,3,811.4,TreyJohnston,75,Active,55+,,,1,2.67,0.18,0-1 yr
Adalyn,Hess,05-01-2023,14-01-2023,BI Developer,CCDR,Part-Time,Zone B,Temporary,Resignation,IT/IS,Aerial,06-09-1985,MA,Foreman,Female,93702,White,Single,Fully Meets,5,2507,31-07-2023,2,3,4,06-12-2022,Technical Skills,External,Incomplete,2,680.09,AdalynHess,37,Terminated,35-44,2023,January,0,3,0.02,0-1 yr
Selina,Tapia,18-11-2018,,BI Developer,SVG,Full-Time,Zone A,Part-Time,Unk,IT/IS,Field Operations,20-06-1972,MA,Technician,Male,96865,Other,Single,Fully Meets,5,2508,01-07-2023,1,4,1,25-04-2023,Technical Skills,External,Completed,3,133.88,SelinaTapia,51,Active,45-54,,,1,2,4.62,3-5 yr
Madeleine,Paul,21-09-2020,16-10-2021,Software Engineer,EW,Part-Time,Zone C,Full-Time,Involuntary,Software Engineering,Billable Consultants,19-03-1998,MA,Engineer,Female,68690,Hispanic,Married,Fully Meets,2,2509,10-03-2023,1,2,3,08-02-2023,Communication Skills,Internal,Completed,1,433.69,MadeleinePaul,24,Terminated,<25,2021,October,1,2,1.07,1-3 yr
Ronald,Lamb,25-11-2019,24-02-2023,Software Engineer,MSC,Contract,Zone C,Temporary,Retirement,Software Engineering,Aerial,24-03-1988,MA,Lineman,Male,87866,Asian,Single,Fully Meets,1,2510,10-09-2022,2,2,2,22-08-2022,Customer Service,Internal,Completed,2,580.84,RonaldLamb,34,Terminated,25-34,2023,February,1,2,3.25,3-5 yr
Ernesto,Beltran,05-02-2021,12-02-2023,Software Engineer,NEL,Full-Time,Zone C,Part-Time,Involuntary,Software Engineering,Engineers,27-12-1946,MA,Technician,Male,9299,Asian,Single,Fully Meets,4,2511,24-06-2023,4,3,1,20-04-2023,Technical Skills,External,Incomplete,4,830.45,ErnestoBeltran,76,Terminated,55+,2023,February,0,2.67,2.02,1-3 yr
Lawrence,Obrien,16-04-2023,25-05-2023,Software Engineer,PL,Part-Time,Zone B,Temporary,Retirement,Software Engineering,Field Operations,06-03-1967,MA,Laborer,Male,25059,Hispanic,Widowed,Fully Meets,4,2512,02-09-2022,1,4,2,19-02-2023,Communication Skills,External,Failed,5,802.2,LawrenceObrien,55,Terminated,55+,2023,May,0,2.33,0.11,0-1 yr
Trinity,Estes,19-08-2021,16-02-2022,IT Manager - DB,PYZ,Full-Time,Zone A,Full-Time,Involuntary,IT/IS,General - Eng,18-10-1941,MA,Engineer,Male,6272,Asian,Divorced,Fully Meets,2,2513,28-03-2023,5,2,4,05-12-2022,Communication Skills,Internal,Failed,4,337.06,TrinityEstes,81,Terminated,55+,2022,February,0,3.67,0.5,0-1 yr
Amina,Bush,14-01-2022,,IT Director,PL,Part-Time,Zone A,Full-Time,Unk,IT/IS,Engineers,09-09-1957,MA,Engineer,Male,28525,White,Single,Fully Meets,1,2514,10-06-2023,5,2,2,14-06-2023,Technical Skills,Internal,Incomplete,3,538.16,AminaBush,65,Active,55+,,,0,3,1.4,1-3 yr
Mayra,Lynn,11-09-2018,,Director of Sales,NEL,Contract,Zone A,Full-Time,Unk,IT/IS,General - Sga,10-06-1996,MA,Administrator,Male,88143,Hispanic,Single,Fully Meets,4,2515,28-03-2023,1,1,1,19-07-2023,Technical Skills,Internal,Passed,1,190.1,MayraLynn,26,Active,25-34,,,1,1,4.54,3-5 yr
Ally,Brennan,18-02-2022,,Director of Operations,MSC,Full-Time,Zone C,Temporary,Unk,IT/IS,Field Operations,25-07-1989,MA,Laborer,Male,41482,Hispanic,Widowed,Fully Meets,5,2516,15-05-2023,5,1,5,31-01-2023,Customer Service,Internal,Completed,1,397.27,AllyBrennan,33,Active,25-34,,,1,3.67,1.23,1-3 yr
Alina,Benson,01-12-2019,25-01-2023,BI Developer,CCDR,Full-Time,Zone A,Full-Time,Retirement,IT/IS,Aerial,10-02-1963,MA,Laborer,Male,20916,Asian,Single,Fully Meets,2,2517,05-07-2023,5,5,1,01-04-2023,Technical Skills,Internal,Incomplete,5,826.65,AlinaBenson,60,Terminated,55+,2023,January,0,3.67,3.15,3-5 yr
Rebekah,Delacruz,28-02-2021,31-07-2022,BI Developer,SVG,Full-Time,Zone A,Full-Time,Voluntary,IT/IS,Wireline Construction,26-12-1963,MA,Laborer,Male,53499,White,Widowed,Fully Meets,4,2518,28-12-2022,4,2,1,29-10-2022,Customer Service,Internal,Completed,4,732.18,RebekahDelacruz,59,Terminated,55+,2022,July,1,2.33,1.42,1-3 yr
Melody,Wright,13-11-2021,,Software Engineer,NEL,Part-Time,Zone A,Part-Time,Unk,Software Engineering,Splicing,14-05-1963,MA,Splicer,Female,32395,White,Married,Fully Meets,4,2519,03-09-2022,3,5,5,08-02-2023,Technical Skills,External,Failed,2,564.38,MelodyWright,59,Active,55+,,,0,4.33,0.8,0-1 yr
Richard,Oconnell,27-09-2020,,Software Engineer,PL,Part-Time,Zone C,Part-Time,Unk,Software Engineering,Project Management - Con,17-06-1948,MA,Coordinator,Male,47987,Asian,Divorced,Fully Meets,1,2520,06-02-2023,2,1,1,07-02-2023,Customer Service,Internal,Incomplete,2,512.02,RichardOconnell,74,Active,55+,,,0,1.33,2.36,1-3 yr
Olivia,Goodman,03-09-2022,,Software Engineer,BPC,Contract,Zone C,Temporary,Unk,Software Engineering,Engineers,24-08-1954,MA,Engineer,Male,74262,White,Divorced,Fully Meets,1,2521,07-06-2023,4,4,4,18-11-2022,Project Management,Internal,Completed,1,599.41,OliviaGoodman,68,Active,55+,,,1,4,0.76,0-1 yr
Zaniyah,Parks,09-10-2020,09-11-2021,IT Manager - DB,PL,Full-Time,Zone C,Temporary,Voluntary,IT/IS,Field Operations,21-01-1949,MA,Driller,Male,54386,Other,Married,Fully Meets,4,2522,13-08-2022,3,3,2,30-06-2023,Communication Skills,Internal,Passed,4,839.04,ZaniyahParks,73,Terminated,55+,2021,November,1,2.67,1.08,1-3 yr
Maximilian,Williamson,06-11-2021,,IT Director,BPC,Full-Time,Zone A,Temporary,Unk,IT/IS,General - Con,08-09-1970,MA,Lineman,Male,25953,Hispanic,Single,Fully Meets,5,2523,17-02-2023,1,1,3,28-06-2023,Customer Service,External,Incomplete,4,391.4,MaximilianWilliamson,52,Active,45-54,,,0,1.67,1.28,1-3 yr
Serena,Barajas,24-06-2023,,Director of Sales,CCDR,Contract,Zone A,Part-Time,Unk,IT/IS,Finance & Accounting,17-03-1969,MA,Manager,Male,88225,Black,Married,Fully Meets,1,2524,10-07-2023,3,3,4,15-10-2022,Leadership Development,Internal,Incomplete,1,569.5,SerenaBarajas,54,Active,45-54,,,0,3.33,0.04,0-1 yr
Larry,Novak,15-09-2021,02-07-2023,Director of Operations,SVG,Full-Time,Zone B,Full-Time,Retirement,Sales,General - Con,07-02-1952,MA,Lineman,Male,11241,Other,Married,Fully Meets,2,2525,23-07-2023,2,5,1,24-04-2023,Leadership Development,External,Incomplete,3,450.81,LarryNovak,71,Terminated,55+,2023,July,0,2.67,1.79,1-3 yr
Kadyn,Marsh,14-10-2022,,BI Developer,NEL,Contract,Zone C,Part-Time,Unk,IT/IS,Engineers,28-03-1964,MA,Engineer,Female,88079,Other,Single,Fully Meets,1,2526,22-10-2022,1,1,1,23-06-2023,Technical Skills,Internal,Passed,2,265.46,KadynMarsh,58,Active,55+,,,1,1,0.02,0-1 yr
Nylah,Hood,22-07-2019,,BI Developer,PL,Full-Time,Zone A,Temporary,Unk,IT/IS,Engineers,14-06-1991,MA,Project Manager,Male,61715,Asian,Married,Fully Meets,2,2527,28-10-2022,3,4,5,24-11-2022,Technical Skills,Internal,Passed,2,462.98,NylahHood,31,Active,25-34,,,1,4,3.27,3-5 yr
Rigoberto,Allen,20-03-2023,06-05-2023,BI Developer,PYZ,Part-Time,Zone C,Part-Time,Retirement,IT/IS,Project Management - Con,09-06-1985,MA,Coordinator,Male,78254,White,Married,Fully Meets,1,2528,10-07-2023,2,4,2,25-07-2023,Communication Skills,Internal,Passed,3,760.34,RigobertoAllen,38,Terminated,35-44,2023,May,1,2.67,0.13,0-1 yr
Gabriella,Clements,02-05-2022,,Software Engineer,NEL,Full-Time,Zone B,Part-Time,Unk,Software Engineering,Underground,17-05-1953,MA,Operator,Female,53709,Other,Single,Fully Meets,2,2529,08-12-2022,4,5,1,16-10-2022,Communication Skills,External,Failed,1,383.84,GabriellaClements,69,Active,55+,,,0,3.33,0.6,0-1 yr
Hana,Lucero,20-10-2022,07-07-2023,Software Engineer,PL,Part-Time,Zone C,Temporary,Retirement,Software Engineering,Yard (Material Handling),11-04-1980,MA,Attendant,Male,75065,White,Divorced,Fully Meets,2,2530,18-07-2023,4,1,1,11-12-2022,Technical Skills,External,Failed,4,723.57,HanaLucero,43,Terminated,35-44,2023,July,0,2,0.71,0-1 yr
Luciana,Gill,24-07-2023,29-07-2023,Software Engineer,BPC,Part-Time,Zone B,Full-Time,Voluntary,Software Engineering,Executive,21-05-1951,MA,Manager,Male,10274,Black,Widowed,Fully Meets,2,2531,28-08-2022,2,5,4,01-11-2022,Communication Skills,Internal,Incomplete,1,725.34,LucianaGill,71,Terminated,55+,2023,July,0,3.67,0.01,0-1 yr
Demetrius,Cooley,18-07-2020,,IT Manager - DB,NEL,Contract,Zone A,Part-Time,Unk,IT/IS,General - Con,04-09-1972,MA,Technician,Male,85461,Other,Widowed,Fully Meets,4,2532,26-03-2023,1,1,4,18-05-2023,Leadership Development,Internal,Incomplete,2,119.48,DemetriusCooley,50,Active,45-54,,,0,2,2.69,1-3 yr
Chandler,Reynolds,05-05-2021,,IT Manager - DB,PL,Full-Time,Zone A,Temporary,Unk,IT/IS,Field Operations,13-06-1966,MA,Technician,Male,53235,White,Divorced,Fully Meets,1,2533,20-08-2022,1,1,3,22-07-2023,Communication Skills,External,Completed,1,226.93,ChandlerReynolds,56,Active,55+,,,1,1.67,1.29,1-3 yr
Iyana,Benjamin,15-04-2019,23-05-2021,IT Director,BPC,Part-Time,Zone B,Temporary,Retirement,IT/IS,Project Management - Con,05-07-1960,MA,Coordinator,Male,96561,Other,Divorced,Fully Meets,1,2534,15-10-2022,2,2,5,22-08-2022,Leadership Development,Internal,Passed,3,739.85,IyanaBenjamin,62,Terminated,55+,2021,May,1,3,2.11,1-3 yr
Antoine,Haney,24-08-2020,02-05-2023,Director of Sales,CCDR,Contract,Zone B,Part-Time,Resignation,Sales,Field Operations,22-09-1978,MA,Engineer,Male,6563,Other,Single,Fully Meets,2,2535,06-08-2022,2,5,2,02-10-2022,Project Management,Internal,Incomplete,2,369.68,AntoineHaney,43,Terminated,35-44,2023,May,0,3,2.69,1-3 yr
Alfred,Rivas,31-12-2022,,Director of Operations,SVG,Contract,Zone C,Temporary,Unk,Sales,Field Operations,03-02-1951,MA,Driller,Male,67353,Hispanic,Married,Fully Meets,2,2536,16-12-2022,2,1,2,26-08-2022,Leadership Development,External,Completed,1,243.63,AlfredRivas,71,Active,55+,,,1,1.67,-0.04,
Darien,Sawyer,18-09-2022,07-06-2023,BI Developer,PL,Full-Time,Zone A,Full-Time,Involuntary,IT/IS,Field Operations,24-07-1951,MA,Tower Hand,Female,73238,White,Single,Fully Meets,2,2537,26-07-2023,4,5,4,19-03-2023,Project Management,External,Failed,5,475.8,DarienSawyer,72,Terminated,55+,2023,June,0,4.33,0.72,0-1 yr
Isaias,Pineda,14-09-2019,,BI Developer,BPC,Full-Time,Zone C,Part-Time,Unk,IT/IS,Wireline Construction,19-02-1986,MA,Groundman,Female,95322,Hispanic,Single,Fully Meets,5,2538,02-10-2022,5,4,5,06-04-2023,Leadership Development,External,Passed,3,418.25,IsaiasPineda,36,Active,35-44,,,1,4.67,3.05,3-5 yr
Casey,Bradford,19-03-2019,,BI Developer,CCDR,Part-Time,Zone B,Temporary,Unk,IT/IS,Wireline Construction,04-10-1953,MA,Foreman,Male,17448,Black,Married,Fully Meets,2,2539,08-12-2022,4,2,3,10-11-2022,Communication Skills,Internal,Passed,4,703.84,CaseyBradford,69,Active,55+,,,1,3,3.72,3-5 yr
London,Bautista,18-10-2022,10-01-2023,Software Engineering Manager,CCDR,Contract,Zone B,Part-Time,Resignation,Software Engineering,Finance & Accounting,26-08-1994,MA,Svp,Female,61856,Black,Divorced,Fully Meets,4,2540,16-04-2023,3,4,4,12-10-2022,Project Management,Internal,Failed,2,602.26,LondonBautista,28,Terminated,25-34,2023,January,0,3.67,0.23,0-1 yr
Kayleigh,Davenport,31-07-2022,,Software Engineer,EW,Full-Time,Zone B,Temporary,Unk,Software Engineering,Engineers,09-01-1973,MA,Engineer,Female,60675,Other,Married,Fully Meets,1,2541,22-07-2023,3,4,3,11-08-2022,Communication Skills,Internal,Passed,2,517.83,KayleighDavenport,50,Active,45-54,,,1,3.33,0.97,0-1 yr
Koen,Flores,06-03-2023,,Software Engineer,MSC,Part-Time,Zone A,Part-Time,Unk,Software Engineering,Engineers,01-09-1959,MA,Engineer,Male,55449,Black,Single,Fully Meets,4,2542,21-09-2022,2,1,3,21-08-2022,Communication Skills,External,Completed,5,605.99,KoenFlores,63,Active,55+,,,1,2,-0.45,
Ernest,Finley,30-01-2019,22-03-2021,Software Engineer,NEL,Full-Time,Zone A,Full-Time,Resignation,Software Engineering,General - Con,25-12-1991,MA,Operator,Male,59271,White,Divorced,Fully Meets,2,2543,06-07-2023,3,4,3,04-09-2022,Communication Skills,Internal,Passed,1,100.45,ErnestFinley,31,Terminated,25-34,2021,March,1,3.33,2.14,1-3 yr
Wade,Hernandez,22-05-2023,12-07-2023,IT Manager - DB,SVG,Full-Time,Zone C,Temporary,Voluntary,IT/IS,Splicing,14-04-1946,MA,Laborer,Male,59420,White,Married,Fully Meets,1,2544,07-07-2023,2,3,2,27-01-2023,Communication Skills,Internal,Completed,2,767.56,WadeHernandez,77,Terminated,55+,2023,July,1,2.33,0.14,0-1 yr
Odin,Key,22-12-2018,,IT Manager - DB,PYZ,Contract,Zone B,Full-Time,Unk,IT/IS,Project Management - Con,08-10-1951,MA,Coordinator,Male,57785,Hispanic,Widowed,Fully Meets,4,2545,12-02-2023,3,2,3,27-06-2023,Leadership Development,Internal,Completed,1,352.45,OdinKey,71,Active,55+,,,1,2.67,4.14,3-5 yr
Deven,Huff,08-11-2022,,IT Director,PL,Part-Time,Zone A,Part-Time,Unk,IT/IS,Finance & Accounting,14-02-1990,MA,Clerk,Male,26419,Other,Married,Fully Meets,4,2546,06-11-2022,4,4,5,22-05-2023,Customer Service,Internal,Completed,3,463.57,DevenHuff,32,Active,25-34,,,1,4.33,-0.01,
Kenna,Simon,03-07-2021,,Director of Sales,NEL,Full-Time,Zone A,Temporary,Unk,Sales,General - Con,15-07-1970,MA,Laborer,Male,31784,Hispanic,Widowed,Fully Meets,4,2547,26-05-2023,2,5,1,07-09-2022,Leadership Development,Internal,Completed,4,372.08,KennaSimon,52,Active,45-54,,,1,2.67,1.89,1-3 yr
Luz,Garza,14-11-2018,08-07-2021,BI Developer,PYZ,Contract,Zone A,Temporary,Resignation,IT/IS,General - Sga,16-02-1954,MA,Manager,Female,70770,Other,Divorced,Fully Meets,1,2548,07-08-2022,2,5,3,14-01-2023,Project Management,External,Failed,3,670.58,LuzGarza,68,Terminated,55+,2021,July,0,3.33,2.65,1-3 yr
Tristan,Reed,18-09-2021,,BI Developer,PL,Contract,Zone A,Part-Time,Unk,IT/IS,Field Operations,04-07-1963,MA,Project Manager,Female,51516,White,Divorced,Fully Meets,5,2549,18-01-2023,4,3,5,18-12-2022,Project Management,Internal,Passed,2,399.97,TristanReed,59,Active,55+,,,1,4,1.33,1-3 yr
Beckett,Beck,19-11-2020,03-11-2021,Software Engineering Manager,WBL,Contract,Zone A,Part-Time,Involuntary,Software Engineering,General - Con,25-04-1952,MA,Flagger,Female,69865,White,Widowed,Fully Meets,5,2550,01-01-2023,3,1,1,09-10-2022,Project Management,Internal,Incomplete,5,997.89,BeckettBeck,70,Terminated,55+,2021,November,0,1.67,0.96,0-1 yr
Coby,Giles,04-05-2023,02-07-2023,Software Engineer,NEL,Full-Time,Zone B,Temporary,Voluntary,Software Engineering,General - Con,12-05-1988,MA,Manager,Female,49964,Other,Widowed,Fully Meets,1,2551,03-09-2022,4,2,2,02-08-2023,Communication Skills,Internal,Completed,2,985,CobyGiles,34,Terminated,25-34,2023,July,1,2.67,0.16,0-1 yr
Jalen,Jennings,21-01-2023,,Software Engineer,PL,Full-Time,Zone B,Temporary,Unk,Software Engineering,Project Management - Con,03-11-1954,MA,Foreman,Male,72168,White,Single,Fully Meets,5,2552,19-10-2022,3,2,3,21-09-2022,Customer Service,Internal,Completed,5,573.47,JalenJennings,68,Active,55+,,,1,2.67,-0.26,
Ralph,Barrera,19-08-2022,18-01-2023,IT Manager - DB,NEL,Contract,Zone B,Part-Time,Resignation,IT/IS,Aerial,09-10-1973,MA,Laborer,Male,87974,Other,Divorced,Fully Meets,2,2553,16-10-2022,2,2,2,03-10-2022,Project Management,External,Failed,2,414.08,RalphBarrera,49,Terminated,45-54,2023,January,0,2,0.42,0-1 yr
Shania,Caldwell,18-07-2022,09-05-2023,IT Manager - DB,PL,Part-Time,Zone A,Full-Time,Voluntary,IT/IS,General - Eng,03-10-1991,MA,Engineer,Male,2505,Hispanic,Widowed,Fully Meets,1,2554,29-12-2022,5,1,4,29-07-2023,Communication Skills,External,Completed,5,889.09,ShaniaCaldwell,31,Terminated,25-34,2023,May,1,3.33,0.81,0-1 yr
Colby,Horne,14-08-2019,13-05-2021,IT Director,BPC,Full-Time,Zone A,Temporary,Resignation,IT/IS,Wireless,26-10-1956,MA,Foreman,Male,6633,Other,Widowed,Fully Meets,2,2555,14-05-2023,5,1,4,18-01-2023,Technical Skills,Internal,Passed,3,650.08,ColbyHorne,66,Terminated,55+,2021,May,1,3.33,1.75,1-3 yr
Kaiden,Cunningham,10-12-2020,30-05-2022,Director of Sales,CCDR,Part-Time,Zone A,Full-Time,Voluntary,Sales,Project Management - Eng,25-04-1996,MA,Manager,Male,73638,White,Married,Fully Meets,2,2556,01-02-2023,4,1,3,19-08-2022,Customer Service,Internal,Passed,5,283.57,KaidenCunningham,26,Terminated,25-34,2022,May,1,2.67,1.47,1-3 yr
Davion,Vasquez,20-09-2019,,BI Developer,MSC,Full-Time,Zone B,Temporary,Unk,IT/IS,Engineers,17-06-1964,MA,Engineer,Female,96051,Black,Married,Fully Meets,2,2557,04-09-2022,1,3,1,20-08-2022,Technical Skills,Internal,Completed,1,908.5,DavionVasquez,58,Active,55+,,,1,1.67,2.96,1-3 yr
Maeve,Gordon,19-11-2021,27-12-2021,Software Engineering Manager,WBL,Full-Time,Zone B,Full-Time,Involuntary,Software Engineering,Field Operations,25-11-1965,MA,Operator,Female,87152,Asian,Widowed,Fully Meets,4,2558,15-12-2022,2,4,5,07-11-2022,Technical Skills,Internal,Failed,2,900.85,MaeveGordon,57,Terminated,55+,2021,December,0,3.67,0.1,0-1 yr
Monserrat,Ferguson,29-04-2022,,Software Engineer,NEL,Part-Time,Zone B,Full-Time,Unk,Software Engineering,Field Operations,23-11-1957,MA,Technician,Male,79836,White,Widowed,Fully Meets,1,2559,10-07-2023,3,5,3,19-09-2022,Communication Skills,External,Passed,3,449.84,MonserratFerguson,65,Active,55+,,,1,3.67,1.2,1-3 yr
Nathan,Schmitt,30-06-2021,28-07-2021,IT Manager - Infra,WBL,Part-Time,Zone A,Part-Time,Voluntary,IT/IS,Field Operations,05-01-1977,MA,Vp,Male,43352,Black,Widowed,Fully Meets,4,2560,19-10-2022,5,1,5,03-08-2023,Communication Skills,External,Failed,5,981.9,NathanSchmitt,45,Terminated,45-54,2021,July,0,3.67,0.08,0-1 yr
Ashly,Mullen,15-07-2021,,IT Manager - DB,NEL,Contract,Zone B,Temporary,Unk,IT/IS,General - Con,11-06-1956,MA,Laborer,Male,33873,Hispanic,Married,Fully Meets,2,2561,15-04-2023,3,5,4,19-12-2022,Technical Skills,External,Failed,4,289.37,AshlyMullen,66,Active,55+,,,0,4,1.75,1-3 yr
Angelique,Cochran,12-04-2021,06-03-2023,IT Manager - DB,PL,Contract,Zone B,Full-Time,Retirement,IT/IS,Field Operations,18-11-1967,MA,Technician,Male,83544,Other,Married,Fully Meets,4,2562,17-04-2023,1,4,3,09-07-2023,Customer Service,Internal,Failed,1,657.23,AngeliqueCochran,55,Terminated,55+,2023,March,0,2.67,1.9,1-3 yr
Kenny,Rojas,08-12-2020,,IT Director,BPC,Contract,Zone B,Temporary,Unk,IT/IS,Fielders,17-11-1953,MA,Engineer,Male,73171,Other,Widowed,Fully Meets,2,2563,24-09-2022,2,2,4,03-08-2023,Customer Service,External,Passed,5,416.37,KennyRojas,68,Active,55+,,,1,2.67,1.79,1-3 yr
Deandre,Oneal,31-10-2019,01-03-2020,Director of Sales,CCDR,Contract,Zone B,Full-Time,Voluntary,Sales,General - Con,11-07-1995,MA,Flagger,Male,36351,Hispanic,Married,Fully Meets,1,2564,11-12-2022,1,4,4,18-07-2023,Leadership Development,Internal,Completed,4,624.9,DeandreOneal,27,Terminated,25-34,2020,March,1,3,0.33,0-1 yr
Adison,Huerta,22-01-2020,,BI Developer,PL,Contract,Zone C,Temporary,Unk,IT/IS,Field Operations,14-11-1985,MA,Technician,Female,93447,White,Married,Fully Meets,2,2565,17-08-2022,2,5,4,11-09-2022,Communication Skills,Internal,Passed,2,559.06,AdisonHuerta,36,Active,35-44,,,1,3.67,2.57,1-3 yr
Elisabeth,Bradley,20-09-2022,,Software Engineering Manager,CCDR,Full-Time,Zone B,Full-Time,Unk,Software Engineering,General - Con,30-09-1966,MA,Coordinator,Male,69590,Other,Married,Fully Meets,2,2566,19-05-2023,3,2,2,29-07-2023,Project Management,External,Incomplete,5,327.37,ElisabethBradley,56,Active,55+,,,0,2.33,0.66,0-1 yr
Sylvia,Price,22-12-2022,26-07-2023,IT Manager - Infra,CCDR,Full-Time,Zone B,Part-Time,Voluntary,IT/IS,Field Operations,15-10-1959,MA,Foreman,Male,51819,Black,Widowed,Fully Meets,5,2567,17-08-2022,4,3,5,24-10-2022,Communication Skills,Internal,Failed,2,660.4,SylviaPrice,62,Terminated,55+,2023,July,0,4,0.59,0-1 yr
Eden,Choi,12-03-2019,,IT Manager - DB,EW,Full-Time,Zone C,Full-Time,Unk,IT/IS,Aerial,27-04-1990,MA,Lineman,Male,40294,Asian,Widowed,Fully Meets,4,2568,22-06-2023,3,5,2,15-12-2022,Leadership Development,External,Passed,5,477.46,EdenChoi,33,Active,25-34,,,1,3.33,4.28,3-5 yr
Emerson,Grimes,07-10-2021,31-12-2021,IT Manager - DB,MSC,Full-Time,Zone C,Temporary,Retirement,IT/IS,General - Con,28-03-1995,MA,Laborer,Male,53854,Black,Single,Fully Meets,2,2569,28-05-2023,3,4,3,15-01-2023,Project Management,Internal,Completed,2,694.21,EmersonGrimes,28,Terminated,25-34,2021,December,1,3.33,0.23,0-1 yr
Ayden,Wu,16-06-2019,21-05-2023,IT Director,NEL,Contract,Zone A,Full-Time,Voluntary,IT/IS,Field Operations,18-11-1991,MA,Laborer,Male,60717,Black,Single,Fully Meets,4,2570,15-04-2023,3,3,1,23-05-2023,Customer Service,Internal,Incomplete,2,737.84,AydenWu,31,Terminated,25-34,2023,May,0,2.33,3.93,3-5 yr
Hayley,Keller,17-03-2021,08-09-2022,BI Director,SVG,Part-Time,Zone A,Full-Time,Retirement,IT/IS,Field Operations,11-02-1989,MA,Technician,Female,30960,Asian,Divorced,Fully Meets,2,2571,19-06-2023,3,3,5,15-08-2022,Technical Skills,Internal,Failed,2,919.95,HayleyKeller,34,Terminated,25-34,2022,September,0,3.67,1.48,1-3 yr
Alannah,Rivas,07-08-2022,26-04-2023,BI Developer,PYZ,Contract,Zone A,Temporary,Resignation,IT/IS,Engineers,20-05-1994,MA,Technician,Male,81338,Asian,Widowed,Fully Meets,4,2572,19-10-2022,1,1,2,02-09-2022,Technical Skills,Internal,Completed,5,797.82,AlannahRivas,28,Terminated,25-34,2023,April,1,1.33,0.72,0-1 yr
Jessica,Bunbury,17-01-2020,28-02-2023,Area Sales Manager,NEL,Contract,Zone A,Temporary,Voluntary,Sales,Field Operations,02-01-1987,VA,Laborer,Female,21851,Black,Divorced,Fully Meets,4,2573,24-04-2023,1,4,3,27-09-2022,Customer Service,Internal,Passed,2,806.47,JessicaBunbury,36,Terminated,35-44,2023,February,1,2.67,3.12,3-5 yr
Giovanni,Leruth,11-06-2022,20-02-2023,Area Sales Manager,EW,Full-Time,Zone C,Full-Time,Involuntary,Sales,Billable Consultants,18-11-1971,UT,Engineer,Male,84111,Hispanic,Widowed,Fully Meets,2,2574,20-03-2023,3,1,4,18-07-2023,Technical Skills,External,Failed,1,376.59,GiovanniLeruth,51,Terminated,45-54,2023,February,0,2.67,0.7,0-1 yr
Ricardo,Gonzales,03-03-2021,30-01-2023,Area Sales Manager,PYZ,Contract,Zone C,Temporary,Retirement,Sales,Splicing,21-06-1951,ID,Splicer,Male,83706,Other,Widowed,Fully Meets,4,2575,26-05-2023,4,3,4,26-02-2023,Communication Skills,Internal,Incomplete,2,157.17,RicardoGonzales,71,Terminated,55+,2023,January,0,3.67,1.91,1-3 yr
Caitrin,Strong,16-04-2020,15-03-2021,Area Sales Manager,CCDR,Contract,Zone B,Part-Time,Resignation,Sales,General - Sga,27-12-1969,MT,Supervisor,Female,59102,Asian,Widowed,Fully Meets,1,2576,19-11-2022,2,4,1,23-02-2023,Leadership Development,External,Incomplete,2,608.82,CaitrinStrong,52,Terminated,45-54,2021,March,0,2.33,0.91,0-1 yr
Jenna,Dietrich,22-09-2022,28-01-2023,Area Sales Manager,PYZ,Full-Time,Zone A,Temporary,Voluntary,Sales,Wireline Construction,28-07-1963,WA,Lineman,Female,98052,Other,Married,Fully Meets,2,2577,18-09-2022,5,2,4,04-07-2023,Communication Skills,Internal,Failed,5,928.48,JennaDietrich,59,Terminated,55+,2023,January,0,3.67,0.35,0-1 yr
Michelle,Carter,30-05-2023,,Area Sales Manager,MSC,Part-Time,Zone A,Full-Time,Unk,Sales,Shop (Fleet),28-01-1996,VT,Assistant,Female,5664,Black,Single,Fully Meets,5,2578,17-06-2023,4,5,3,10-10-2022,Customer Service,External,Incomplete,1,812.01,MichelleCarter,27,Active,25-34,,,0,4,0.05,0-1 yr
Jackie,Valentin,14-01-2021,,Area Sales Manager,MSC,Full-Time,Zone C,Full-Time,Unk,Sales,General - Eng,29-06-1977,AZ,Administrative,Female,85006,White,Married,Fully Meets,2,2579,05-08-2023,3,4,4,02-10-2022,Project Management,External,Incomplete,4,941.61,JackieValentin,46,Active,45-54,,,0,3.67,2.55,1-3 yr
Alfred,Digitale,29-04-2020,20-10-2021,Area Sales Manager,BPC,Full-Time,Zone A,Part-Time,Resignation,Sales,Finance & Accounting,07-04-1954,NH,Administration,Male,3062,White,Single,Fully Meets,2,2580,28-10-2022,1,2,4,07-03-2023,Communication Skills,Internal,Incomplete,1,227.13,AlfredDigitale,68,Terminated,55+,2021,October,0,2.33,1.48,1-3 yr
Howard,Mullaney,07-07-2021,,Area Sales Manager,MSC,Full-Time,Zone A,Full-Time,Unk,Sales,Field Operations,12-11-1970,AL,Laborer,Male,36006,Other,Divorced,Fully Meets,1,2581,20-02-2023,2,3,4,13-05-2023,Project Management,External,Passed,1,257.4,HowardMullaney,52,Active,45-54,,,1,3,1.62,1-3 yr
Whitney,Gill,28-07-2020,,Area Sales Manager,MSC,Part-Time,Zone C,Temporary,Unk,Sales,Wireline Construction,31-08-1992,OH,Laborer,Female,43050,Hispanic,Single,Fully Meets,1,2582,20-09-2022,3,2,5,17-03-2023,Leadership Development,Internal,Incomplete,2,360.65,WhitneyGill,30,Active,25-34,,,0,3.33,2.15,1-3 yr
Gerry,Friedman,16-09-2020,,Area Sales Manager,PYZ,Contract,Zone B,Temporary,Unk,Sales,Engineers,29-02-1996,NY,Project Manager,Male,10171,Black,Married,Fully Meets,5,2583,20-05-2023,5,5,3,25-05-2023,Customer Service,External,Completed,5,892.97,GerryFriedman,27,Active,25-34,,,1,4.33,2.67,1-3 yr
Noah,Villanueva,23-04-2023,,Area Sales Manager,TNS,Part-Time,Zone C,Part-Time,Unk,Sales,Engineers,27-09-1956,ME,Engineer,Male,4063,White,Single,Fully Meets,4,2584,20-07-2023,4,4,5,16-03-2023,Technical Skills,Internal,Incomplete,4,746.93,NoahVillanueva,66,Active,55+,,,0,4.33,0.24,0-1 yr
Mike,Guilianno,04-06-2021,,Area Sales Manager,PYZ,Contract,Zone A,Temporary,Unk,Sales,General - Con,21-05-2001,TN,Laborer,Male,37129,Asian,Divorced,Fully Meets,2,2585,03-05-2023,5,1,4,18-02-2023,Customer Service,External,Incomplete,1,909.6,MikeGuilianno,21,Active,<25,,,0,3.33,1.91,1-3 yr
Travis,Ozark,15-04-2020,,Area Sales Manager,CCDR,Full-Time,Zone B,Temporary,Unk,Sales,Field Operations,25-04-1980,NC,Laborer,Male,27229,Asian,Divorced,Fully Meets,4,2586,04-11-2022,2,4,2,05-08-2022,Customer Service,Internal,Completed,5,222.04,TravisOzark,42,Active,35-44,,,1,2.67,2.55,1-3 yr
Rylee,Frye,04-09-2019,13-04-2020,Area Sales Manager,NEL,Full-Time,Zone A,Part-Time,Involuntary,Sales,Field Operations,31-07-2000,MA,Technician,Male,69470,Other,Widowed,Fully Meets,5,2587,24-11-2022,4,4,4,27-01-2023,Project Management,Internal,Failed,3,583.69,RyleeFrye,22,Terminated,<25,2020,April,0,4,0.61,0-1 yr
Callum,Ford,18-08-2020,,Area Sales Manager,PL,Full-Time,Zone C,Full-Time,Unk,Sales,Field Operations,24-07-1988,MA,Laborer,Male,90985,Other,Single,Fully Meets,5,2588,12-12-2022,5,1,5,09-07-2023,Communication Skills,Internal,Passed,3,856.44,CallumFord,34,Active,25-34,,,1,3.67,2.32,1-3 yr
Jabari,Frank,05-12-2020,,Area Sales Manager,BPC,Contract,Zone A,Temporary,Unk,Sales,Fielders,26-12-1950,AZ,Engineer,Male,62646,Asian,Single,Fully Meets,5,2589,25-11-2022,2,5,1,03-04-2023,Communication Skills,External,Completed,4,919.1,JabariFrank,71,Active,55+,,,1,2.67,1.97,1-3 yr
Stephanie,Wilkinson,13-01-2023,12-02-2023,Area Sales Manager,CCDR,Part-Time,Zone A,Full-Time,Retirement,Sales,Engineers,07-02-1998,AZ,Engineer,Male,47626,Asian,Married,Fully Meets,5,2590,28-08-2022,1,1,4,14-06-2023,Leadership Development,External,Incomplete,3,606.76,StephanieWilkinson,24,Terminated,<25,2023,February,0,2,0.08,0-1 yr
Cruz,Arellano,17-09-2019,,Area Sales Manager,SVG,Full-Time,Zone B,Full-Time,Unk,Sales,General - Con,08-08-1993,AZ,Laborer,Male,19215,Asian,Single,Fully Meets,4,2591,28-07-2023,4,5,5,06-10-2022,Customer Service,Internal,Completed,2,745.31,CruzArellano,29,Active,25-34,,,1,4.67,3.86,3-5 yr
Rubi,Shields,15-10-2020,,Area Sales Manager,EW,Contract,Zone B,Part-Time,Unk,Sales,Field Operations,12-06-1949,TN,Splicer,Male,80307,Asian,Single,Fully Meets,2,2592,27-06-2023,5,1,2,10-02-2023,Technical Skills,Internal,Incomplete,3,240.57,RubiShields,74,Active,55+,,,0,2.67,2.7,1-3 yr
Sage,Booker,01-12-2018,23-06-2021,Area Sales Manager,MSC,Contract,Zone A,Temporary,Voluntary,Sales,General - Con,08-02-1972,TN,Laborer,Male,64576,Other,Widowed,Fully Meets,1,2593,04-04-2023,3,1,2,16-08-2022,Communication Skills,Internal,Failed,3,659.82,SageBooker,51,Terminated,45-54,2021,June,0,2,2.56,1-3 yr
Aileen,Wright,24-07-2023,,Area Sales Manager,TNS,Part-Time,Zone C,Temporary,Unk,Sales,Fielders,27-03-1956,TN,Engineer,Male,1126,Other,Divorced,Fully Meets,1,2594,04-12-2022,1,5,3,01-12-2022,Communication Skills,Internal,Failed,3,273.94,AileenWright,66,Active,55+,,,0,3,-0.64,
Karly,Ho,08-10-2019,,Area Sales Manager,PYZ,Part-Time,Zone A,Full-Time,Unk,Sales,Aerial,25-03-1998,TN,Administrator,Male,68371,Asian,Divorced,Fully Meets,4,2595,18-12-2022,3,5,4,12-08-2022,Customer Service,External,Failed,4,920.91,KarlyHo,24,Active,<25,,,0,4,3.2,3-5 yr
Thaddeus,Lutz,16-10-2021,04-05-2022,Area Sales Manager,WBL,Contract,Zone A,Full-Time,Voluntary,Sales,Corp Operations,20-05-1977,ID,Administrative,Male,68985,Black,Divorced,Fully Meets,2,2596,06-06-2023,4,1,2,22-02-2023,Communication Skills,External,Incomplete,2,114.28,ThaddeusLutz,46,Terminated,45-54,2022,May,0,2.33,0.55,0-1 yr
Layla,Kane,03-04-2020,,Area Sales Manager,NEL,Contract,Zone A,Full-Time,Unk,Sales,Field Operations,25-09-1944,ID,Technician,Male,92704,Asian,Divorced,Fully Meets,2,2597,08-05-2023,4,5,4,22-10-2022,Communication Skills,External,Passed,3,242.28,LaylaKane,78,Active,55+,,,1,4.33,3.09,3-5 yr
Yesenia,Payne,08-01-2020,,Area Sales Manager,PL,Part-Time,Zone A,Temporary,Unk,Sales,General - Con,05-09-1964,ID,Splicer,Male,8573,Asian,Divorced,Fully Meets,4,2598,21-05-2023,5,3,2,14-12-2022,Customer Service,External,Completed,3,420.06,YeseniaPayne,58,Active,55+,,,1,3.33,3.36,3-5 yr
Jase,Waters,27-03-2022,14-06-2023,Administrative Assistant,BPC,Contract,Zone A,Temporary,Voluntary,Sales,Yard (Material Handling),11-07-1942,ID,Runner,Female,40513,Black,Widowed,Fully Meets,2,2599,31-03-2023,1,4,2,13-02-2023,Customer Service,External,Failed,2,288.93,JaseWaters,80,Terminated,55+,2023,June,0,2.33,1.22,1-3 yr
Thomas,Sloan,18-09-2018,,Administrative Assistant,CCDR,Full-Time,Zone C,Temporary,Unk,Sales,Aerial,16-01-1965,WA,Lineman,Female,46029,Asian,Widowed,Fully Meets,2,2600,28-09-2022,5,2,4,14-05-2023,Project Management,Internal,Completed,3,637.45,ThomasSloan,57,Active,55+,,,1,3.67,4.03,3-5 yr
Anya,Baldwin,29-11-2019,21-04-2020,Administrative Assistant,SVG,Full-Time,Zone C,Part-Time,Involuntary,Sales,General - Con,02-03-2001,WA,Laborer,Female,44158,Hispanic,Widowed,Fully Meets,1,2601,06-10-2022,3,5,5,29-06-2023,Communication Skills,External,Failed,5,944.24,AnyaBaldwin,21,Terminated,<25,2020,April,0,4.33,0.39,0-1 yr
Jacquelyn,Austin,16-04-2019,05-08-2022,Accountant I,EW,Full-Time,Zone C,Full-Time,Involuntary,Admin Offices,Wireline Construction,07-08-1982,MA,Clerk,Female,27947,Other,Widowed,Fully Meets,2,2602,10-02-2023,5,5,2,25-12-2022,Leadership Development,Internal,Failed,4,364.41,JacquelynAustin,40,Terminated,35-44,2022,August,0,4,3.3,3-5 yr
Kaitlynn,Aguirre,05-03-2019,12-10-2019,Area Sales Manager,NEL,Part-Time,Zone A,Full-Time,Involuntary,Sales,Splicing,08-06-1999,MA,Splicer,Male,18574,Other,Divorced,Fully Meets,2,2603,04-12-2022,4,1,4,20-10-2022,Communication Skills,Internal,Passed,5,605.84,KaitlynnAguirre,23,Terminated,<25,2019,October,1,3,0.61,0-1 yr
Saniyah,Cantu,20-12-2018,29-05-2020,Area Sales Manager,PL,Contract,Zone C,Full-Time,Voluntary,Sales,Aerial,10-03-1987,MA,Engineer,Male,68833,Other,Divorced,Fully Meets,5,2604,23-01-2023,1,1,2,01-11-2022,Leadership Development,Internal,Failed,5,990.59,SaniyahCantu,35,Terminated,35-44,2020,May,0,1.33,1.44,1-3 yr
Jakayla,Dickson,08-03-2021,29-05-2023,Area Sales Manager,BPC,Full-Time,Zone C,Part-Time,Retirement,Sales,Wireline Construction,11-08-1968,AZ,Supervisor,Male,29838,Black,Married,Fully Meets,4,2605,25-02-2023,3,4,3,14-11-2022,Project Management,External,Completed,4,549.19,JakaylaDickson,54,Terminated,45-54,2023,May,1,3.33,2.22,1-3 yr
Aspen,Freeman,23-10-2020,,Area Sales Manager,CCDR,Full-Time,Zone C,Part-Time,Unk,Sales,Project Management - Con,02-08-1951,AZ,Project Manager,Male,24803,White,Single,Fully Meets,2,2606,23-12-2022,1,5,1,15-11-2022,Leadership Development,External,Incomplete,1,587.34,AspenFreeman,71,Active,55+,,,0,2.33,2.17,1-3 yr
Lamont,Summers,29-03-2019,,Area Sales Manager,SVG,Contract,Zone B,Part-Time,Unk,Sales,Fielders,14-10-1976,AL,Engineer,Male,89972,White,Married,Fully Meets,2,2607,26-02-2023,3,1,2,26-12-2022,Technical Skills,External,Completed,3,918.96,LamontSummers,46,Active,45-54,,,1,2,3.92,3-5 yr
Lewis,Hobbs,25-10-2020,,Area Sales Manager,EW,Contract,Zone A,Full-Time,Unk,Sales,Field Operations,01-12-1977,TN,Lineman,Male,47864,Asian,Married,Fully Meets,4,2608,07-08-2022,1,4,5,21-01-2023,Project Management,Internal,Incomplete,2,525.41,LewisHobbs,44,Active,35-44,,,0,3.33,1.78,1-3 yr
Harrison,Camacho,06-12-2019,18-07-2021,Area Sales Manager,MSC,Part-Time,Zone B,Temporary,Retirement,Sales,General - Sga,13-08-1971,TN,Administrative,Male,55114,Asian,Widowed,Fully Meets,2,2609,29-04-2023,3,3,4,04-09-2022,Communication Skills,External,Passed,1,484.08,HarrisonCamacho,51,Terminated,45-54,2021,July,1,3.33,1.62,1-3 yr
Ronald,Marquez,23-09-2022,25-01-2023,Area Sales Manager,TNS,Full-Time,Zone B,Full-Time,Retirement,Sales,General - Con,30-12-1947,TN,Foreman,Male,90224,White,Widowed,Fully Meets,2,2610,04-11-2022,5,1,2,25-06-2023,Customer Service,External,Passed,5,184.63,RonaldMarquez,74,Terminated,55+,2023,January,1,2.67,0.34,0-1 yr
Arabella,Hunter,26-12-2019,04-06-2022,Area Sales Manager,PYZ,Part-Time,Zone A,Temporary,Voluntary,Sales,Wireline Construction,22-09-1956,TN,Manager,Male,22260,Black,Widowed,Fully Meets,2,2611,25-06-2023,5,3,1,29-10-2022,Customer Service,Internal,Failed,3,793.77,ArabellaHunter,66,Terminated,55+,2022,June,0,3,2.44,1-3 yr
Amiya,Richardson,27-08-2018,19-12-2019,Area Sales Manager,WBL,Part-Time,Zone B,Part-Time,Retirement,Sales,Field Operations,01-07-1963,ID,Driller,Male,95112,White,Married,Fully Meets,4,2612,26-03-2023,2,2,5,23-04-2023,Customer Service,Internal,Completed,3,301.02,AmiyaRichardson,59,Terminated,55+,2019,December,1,3,1.31,1-3 yr
Raquel,Sosa,12-12-2022,07-03-2023,Area Sales Manager,NEL,Part-Time,Zone B,Full-Time,Resignation,Sales,Project Management - Eng,16-07-1944,ID,Project Manager,Male,13814,Black,Single,Fully Meets,5,2613,04-03-2023,2,1,2,28-10-2022,Leadership Development,Internal,Failed,3,253.86,RaquelSosa,78,Terminated,55+,2023,March,0,1.67,0.23,0-1 yr
Andy,Stewart,13-05-2021,,Area Sales Manager,PL,Part-Time,Zone A,Full-Time,Unk,Sales,Field Operations,14-03-1987,ID,Foreman,Male,29887,Black,Divorced,Fully Meets,5,2614,19-11-2022,5,1,1,09-11-2022,Project Management,External,Completed,2,468.59,AndyStewart,35,Active,35-44,,,1,2.33,1.52,1-3 yr
Patrick,Padilla,31-03-2021,,Administrative Assistant,BPC,Contract,Zone B,Part-Time,Unk,Sales,Finance & Accounting,25-05-1962,WA,Controller,Female,69576,Black,Single,Fully Meets,4,2615,05-12-2022,5,1,3,10-03-2023,Leadership Development,Internal,Completed,5,689.87,PatrickPadilla,60,Active,55+,,,1,3,1.68,1-3 yr
Destiney,Navarro,14-08-2019,04-09-2022,Administrative Assistant,CCDR,Full-Time,Zone A,Part-Time,Involuntary,Sales,Engineers,18-12-1972,WA,Engineer,Female,62733,Black,Married,Fully Meets,1,2616,12-09-2022,3,1,3,16-04-2023,Customer Service,External,Failed,5,428.33,DestineyNavarro,49,Terminated,45-54,2022,September,0,2.33,3.06,3-5 yr
Yadira,Barron,02-08-2020,30-12-2022,Administrative Assistant,SVG,Full-Time,Zone C,Full-Time,Retirement,Sales,Catv,26-04-1995,WA,Foreman,Female,78047,Hispanic,Single,Fully Meets,4,2617,23-12-2022,4,4,2,24-07-2023,Project Management,External,Completed,2,806.47,YadiraBarron,27,Terminated,25-34,2022,December,1,3.33,2.41,1-3 yr
Anika,Bender,04-06-2019,,Accountant I,EW,Part-Time,Zone A,Full-Time,Unk,Admin Offices,Wireline Construction,20-11-1994,MA,Laborer,Female,22491,White,Married,Fully Meets,4,2618,01-08-2023,5,3,3,23-01-2023,Communication Skills,Internal,Passed,3,399.63,AnikaBender,28,Active,25-34,,,1,3.67,4.16,3-5 yr
Carlo,Giles,17-06-2020,08-02-2022,Area Sales Manager,WBL,Contract,Zone A,Temporary,Involuntary,Sales,Field Operations,06-04-1946,MA,Laborer,Male,36412,Hispanic,Divorced,Fully Meets,5,2619,21-03-2023,1,2,1,30-12-2022,Technical Skills,Internal,Completed,3,440.24,CarloGiles,77,Terminated,55+,2022,February,1,1.33,1.65,1-3 yr
Kaylin,Dillon,04-03-2021,,Area Sales Manager,NEL,Full-Time,Zone B,Full-Time,Unk,Sales,General - Con,02-10-1973,MA,Laborer,Male,14776,Asian,Married,Fully Meets,1,2620,04-02-2023,4,3,4,24-01-2023,Communication Skills,External,Passed,1,485.2,KaylinDillon,49,Active,45-54,,,1,3.67,1.92,1-3 yr
Laura,Bullock,14-09-2018,,Area Sales Manager,PL,Part-Time,Zone B,Temporary,Unk,Sales,Technology / It,06-08-1942,AZ,Manager,Male,57305,White,Single,Fully Meets,2,2621,02-01-2023,3,5,4,03-03-2023,Project Management,Internal,Incomplete,2,451.56,LauraBullock,80,Active,55+,,,0,4,4.3,3-5 yr
Mary,Moore,20-07-2020,,Area Sales Manager,BPC,Contract,Zone B,Full-Time,Unk,Sales,Executive,30-09-1991,AZ,Vp,Male,95143,Asian,Widowed,Fully Meets,4,2622,06-10-2022,3,5,1,08-12-2022,Leadership Development,External,Passed,5,159.37,MaryMoore,31,Active,25-34,,,1,3,2.21,1-3 yr
Harper,Clark,21-05-2020,13-06-2021,Area Sales Manager,CCDR,Contract,Zone C,Full-Time,Involuntary,Sales,Field Operations,13-07-1953,AZ,Tower Hand,Male,55592,Asian,Divorced,Fully Meets,2,2623,10-11-2022,2,5,3,28-08-2022,Leadership Development,Internal,Incomplete,4,310.28,HarperClark,69,Terminated,55+,2021,June,0,3.33,1.06,1-3 yr
Charles,Howard,11-06-2023,28-07-2023,Area Sales Manager,SVG,Part-Time,Zone C,Temporary,Retirement,Sales,Wireline Construction,22-07-1984,AL,Supervisor,Male,12964,Other,Single,Fully Meets,2,2624,24-01-2023,1,4,3,04-11-2022,Customer Service,Internal,Incomplete,2,227.91,CharlesHoward,38,Terminated,35-44,2023,July,0,2.67,0.13,0-1 yr
Jaron,Rojas,27-11-2022,19-05-2023,Area Sales Manager,EW,Full-Time,Zone B,Full-Time,Retirement,Sales,Splicing,09-11-1943,TN,Driller,Male,88783,Asian,Divorced,Fully Meets,2,2625,11-10-2022,5,5,3,01-10-2022,Technical Skills,Internal,Failed,3,379.25,JaronRojas,78,Terminated,55+,2023,May,0,4.33,0.47,0-1 yr
Jordyn,Mcguire,02-03-2020,27-05-2022,Area Sales Manager,MSC,Full-Time,Zone C,Temporary,Resignation,Sales,Project Management - Con,04-09-1976,TN,Manager,Male,11087,Asian,Widowed,Fully Meets,4,2626,23-10-2022,1,4,2,05-01-2023,Technical Skills,Internal,Incomplete,3,197.3,JordynMcguire,46,Terminated,45-54,2022,May,0,2.33,2.23,1-3 yr
Valentino,Myers,29-01-2023,24-05-2023,Area Sales Manager,TNS,Full-Time,Zone C,Part-Time,Retirement,Sales,Wireline Construction,26-05-1990,TN,Foreman,Male,43552,Other,Divorced,Fully Meets,4,2627,15-08-2022,5,3,3,18-08-2022,Customer Service,Internal,Completed,4,862.64,ValentinoMyers,32,Terminated,25-34,2023,May,1,3.67,0.31,0-1 yr
Charles,Coleman,07-12-2021,,Area Sales Manager,BPC,Part-Time,Zone A,Temporary,Unk,Sales,Sales & Marketing,19-11-1991,TN,Vp,Male,33113,Hispanic,Divorced,Fully Meets,2,2628,06-12-2022,5,4,2,05-09-2022,Technical Skills,Internal,Passed,1,896.12,CharlesColeman,31,Active,25-34,,,1,3.67,1,0-1 yr
Kamden,Cummings,19-03-2023,11-07-2023,Area Sales Manager,CCDR,Contract,Zone B,Temporary,Retirement,Sales,Underground,04-02-1975,ID,Laborer,Male,12650,White,Single,Fully Meets,1,2629,24-10-2022,1,5,4,05-01-2023,Communication Skills,External,Completed,4,750.65,KamdenCummings,47,Terminated,45-54,2023,July,1,3.33,0.31,0-1 yr
Kiley,Wagner,10-06-2022,14-02-2023,Area Sales Manager,EW,Part-Time,Zone B,Full-Time,Involuntary,Sales,Field Operations,04-11-1994,ID,Laborer,Male,34069,Asian,Widowed,Fully Meets,5,2630,04-09-2022,1,5,4,07-09-2022,Technical Skills,External,Incomplete,4,424.19,KileyWagner,27,Terminated,25-34,2023,February,0,3.33,0.68,0-1 yr
Darien,Young,03-03-2021,,Area Sales Manager,MSC,Full-Time,Zone C,Full-Time,Unk,Sales,Catv,09-04-1998,ID,Foreman,Female,50389,Black,Widowed,Fully Meets,2,2631,08-01-2023,5,1,4,11-10-2022,Customer Service,External,Incomplete,4,775.32,DarienYoung,24,Active,<25,,,0,3.33,1.85,1-3 yr
Madeline,Suarez,06-03-2022,,Administrative Assistant,NEL,Contract,Zone C,Part-Time,Unk,Sales,Field Operations,20-10-1975,WA,Foreman,Female,92311,Hispanic,Divorced,Fully Meets,4,2632,07-07-2023,1,4,2,19-04-2023,Customer Service,External,Incomplete,2,209.47,MadelineSuarez,47,Active,45-54,,,0,2.33,1.34,1-3 yr
Zain,Nolan,08-08-2022,,Administrative Assistant,PL,Part-Time,Zone C,Full-Time,Unk,Sales,Project Management - Con,09-09-1985,WA,Manager,Female,10525,White,Single,Fully Meets,5,2633,01-07-2023,5,2,3,09-02-2023,Project Management,Internal,Completed,2,859.39,ZainNolan,37,Active,35-44,,,1,3.33,0.9,0-1 yr
Hezekiah,Mcgee,12-03-2023,,Administrative Assistant,PYZ,Part-Time,Zone B,Temporary,Unk,Sales,Field Operations,16-02-1943,WA,Technician,Female,12008,Asian,Single,Fully Meets,4,2634,12-12-2022,3,5,3,26-05-2023,Project Management,External,Completed,1,532.85,HezekiahMcgee,79,Active,55+,,,1,3.67,-0.25,
Maxim,Phillips,01-05-2019,16-02-2023,Accountant I,SVG,Full-Time,Zone B,Temporary,Voluntary,Admin Offices,General - Con,26-07-1957,MA,Locator,Female,86499,Asian,Divorced,Fully Meets,1,2635,21-06-2023,3,1,3,03-02-2023,Communication Skills,External,Passed,2,136.6,MaximPhillips,65,Terminated,55+,2023,February,1,2.33,3.8,3-5 yr
Gwendolyn,Hogan,13-09-2018,04-11-2020,Area Sales Manager,PYZ,Full-Time,Zone B,Temporary,Resignation,Sales,General - Eng,20-11-1970,MA,Technician,Male,12113,Asian,Married,Fully Meets,5,2636,20-12-2022,5,3,3,14-07-2023,Communication Skills,Internal,Passed,4,483.54,GwendolynHogan,52,Terminated,45-54,2020,November,1,3.67,2.14,1-3 yr
Kaia,Hernandez,16-11-2022,,Area Sales Manager,WBL,Contract,Zone A,Temporary,Unk,Sales,Project Management - Con,04-10-1967,MA,Supervisor,Male,39143,Asian,Divorced,Fully Meets,5,2637,27-06-2023,2,2,2,24-04-2023,Communication Skills,Internal,Completed,1,709.79,KaiaHernandez,55,Active,55+,,,1,2,0.61,0-1 yr
Mathias,Tran,20-11-2021,17-03-2023,Area Sales Manager,NEL,Contract,Zone B,Full-Time,Voluntary,Sales,Catv,10-01-1957,AZ,Supervisor,Male,16470,Asian,Divorced,Fully Meets,2,2638,28-04-2023,1,2,2,28-05-2023,Technical Skills,External,Passed,2,152.85,MathiasTran,66,Terminated,55+,2023,March,1,1.67,1.32,1-3 yr
Simeon,Roy,29-09-2020,,Area Sales Manager,PL,Part-Time,Zone C,Temporary,Unk,Sales,Project Management - Con,22-09-1975,AZ,Manager,Male,56991,Asian,Married,Fully Meets,2,2639,31-01-2023,1,3,3,19-02-2023,Project Management,Internal,Completed,4,977.29,SimeonRoy,47,Active,45-54,,,1,2.33,2.34,1-3 yr
Magdalena,Whitehead,28-08-2021,06-09-2022,Area Sales Manager,BPC,Contract,Zone B,Full-Time,Voluntary,Sales,Wireline Construction,06-11-1962,AZ,Foreman,Male,9642,Black,Single,Fully Meets,4,2640,17-07-2023,1,5,2,20-02-2023,Project Management,Internal,Failed,4,237.14,MagdalenaWhitehead,60,Terminated,55+,2022,September,0,2.67,1.02,1-3 yr
Gwendolyn,Mccall,28-04-2021,22-03-2022,Area Sales Manager,CCDR,Full-Time,Zone A,Full-Time,Voluntary,Sales,Aerial,20-07-1975,AZ,Groundman,Male,23897,Asian,Married,Fully Meets,2,2641,25-11-2022,2,3,5,25-08-2022,Technical Skills,Internal,Passed,5,637.84,GwendolynMccall,47,Terminated,45-54,2022,March,1,3.33,0.9,0-1 yr
Demarion,Harrington,15-06-2022,05-05-2023,Area Sales Manager,SVG,Full-Time,Zone C,Full-Time,Voluntary,Sales,Field Operations,13-06-1951,AL,Laborer,Male,65470,Asian,Divorced,Fully Meets,4,2642,09-12-2022,2,3,1,01-07-2023,Project Management,Internal,Completed,1,889.73,DemarionHarrington,71,Terminated,55+,2023,May,1,2,0.89,0-1 yr
Katelyn,Brown,15-04-2022,10-10-2022,Area Sales Manager,EW,Full-Time,Zone A,Temporary,Voluntary,Sales,Wireline Construction,24-12-1966,TN,Clerical,Male,60277,Black,Divorced,Fully Meets,5,2643,01-05-2023,4,3,5,15-06-2023,Project Management,Internal,Failed,2,357.94,KatelynBrown,56,Terminated,55+,2022,October,0,4,0.49,0-1 yr
Miranda,Keith,19-07-2020,10-04-2021,Area Sales Manager,MSC,Full-Time,Zone C,Part-Time,Involuntary,Sales,Aerial,23-01-1999,TN,Lineman,Male,25859,Other,Single,Fully Meets,5,2644,22-11-2022,4,1,2,01-04-2023,Customer Service,Internal,Incomplete,1,150.96,MirandaKeith,23,Terminated,<25,2021,April,0,2.33,0.73,0-1 yr
Breanna,Kerr,02-07-2020,,Area Sales Manager,TNS,Contract,Zone C,Temporary,Unk,Sales,Wireline Construction,27-06-1947,TN,Manager,Male,22815,Asian,Married,Fully Meets,4,2645,25-10-2022,4,3,5,02-11-2022,Technical Skills,Internal,Completed,2,933.2,BreannaKerr,75,Active,55+,,,1,4,2.31,1-3 yr
Saniya,Ho,04-08-2019,,Area Sales Manager,PYZ,Contract,Zone A,Part-Time,Unk,Sales,Project Management - Con,17-06-2001,ID,Manager,Male,87653,Black,Widowed,Fully Meets,1,2646,14-12-2022,4,2,2,15-07-2023,Project Management,External,Failed,3,378.6,SaniyaHo,21,Active,<25,,,0,2.67,3.36,3-5 yr
Rylan,Key,09-01-2019,,Area Sales Manager,WBL,Contract,Zone A,Temporary,Unk,Sales,Project Management - Con,03-11-1950,ID,Coordinator,Male,33659,Hispanic,Single,Fully Meets,5,2647,23-08-2022,5,5,3,28-01-2023,Project Management,Internal,Completed,5,162.93,RylanKey,71,Active,55+,,,1,4.33,3.62,3-5 yr
Nathaly,Stevens,01-10-2022,,Area Sales Manager,NEL,Part-Time,Zone A,Part-Time,Unk,Sales,Fielders,05-07-1994,ID,Engineer,Male,92454,Other,Married,Fully Meets,2,2648,22-04-2023,4,2,1,07-03-2023,Project Management,External,Incomplete,3,294.91,NathalyStevens,28,Active,25-34,,,0,2.33,0.56,0-1 yr
Maximus,Delgado,28-09-2020,02-06-2023,Area Sales Manager,PL,Part-Time,Zone A,Full-Time,Retirement,Sales,Project Management - Con,21-03-1973,NY,Coordinator,Female,59871,White,Widowed,Fully Meets,4,2649,26-12-2022,4,4,1,25-09-2022,Communication Skills,Internal,Passed,1,836.76,MaximusDelgado,49,Terminated,45-54,2023,June,1,3,2.67,1-3 yr
Karley,Long,15-11-2018,,Administrative Assistant,BPC,Part-Time,Zone B,Full-Time,Unk,Sales,Project Management - Con,15-08-1964,WA,Project Manager,Female,28100,Black,Single,Fully Meets,1,2650,24-03-2023,1,1,1,29-08-2022,Communication Skills,Internal,Passed,1,136.23,KarleyLong,58,Active,55+,,,1,1,4.35,3-5 yr
Demarcus,Frazier,24-11-2020,,Administrative Assistant,CCDR,Contract,Zone C,Full-Time,Unk,Sales,Project Management - Con,02-03-1992,WA,Coordinator,Female,30181,Hispanic,Divorced,Fully Meets,2,2651,31-05-2023,1,3,2,12-06-2023,Customer Service,External,Completed,3,236.69,DemarcusFrazier,31,Active,25-34,,,1,2,2.51,1-3 yr
Fernando,Richard,09-07-2023,14-07-2023,Administrative Assistant,SVG,Contract,Zone C,Temporary,Voluntary,Sales,General - Sga,08-03-1954,MA,Manager,Female,15228,Other,Widowed,Fully Meets,4,2652,11-11-2022,1,4,2,23-10-2022,Customer Service,External,Incomplete,1,424.44,FernandoRichard,68,Terminated,55+,2023,July,0,2.33,0.01,0-1 yr
Keon,Gonzalez,20-04-2023,08-05-2023,Area Sales Manager,PYZ,Full-Time,Zone C,Part-Time,Retirement,Sales,Wireline Construction,21-04-1944,MA,Operator,Male,25594,White,Widowed,Fully Meets,1,2653,23-02-2023,4,5,3,24-01-2023,Technical Skills,Internal,Incomplete,3,139.71,KeonGonzalez,78,Terminated,55+,2023,May,0,4,0.05,0-1 yr
Lauryn,Anthony,22-08-2019,07-01-2020,Area Sales Manager,WBL,Full-Time,Zone C,Temporary,Resignation,Sales,General - Con,09-07-1955,MA,Operator,Male,97492,Black,Divorced,Fully Meets,4,2654,07-03-2023,4,1,3,18-03-2023,Communication Skills,External,Passed,3,428.13,LaurynAnthony,67,Terminated,55+,2020,January,1,2.67,0.38,0-1 yr
Amanda,Allison,02-08-2022,07-04-2023,Area Sales Manager,NEL,Contract,Zone A,Part-Time,Voluntary,Sales,General - Con,08-11-1964,AZ,Manager,Male,48881,Black,Divorced,Fully Meets,2,2655,29-08-2022,2,5,5,31-05-2023,Project Management,External,Incomplete,3,972.66,AmandaAllison,57,Terminated,55+,2023,April,0,4,0.68,0-1 yr
Urijah,Houston,31-10-2018,23-01-2020,Area Sales Manager,PL,Part-Time,Zone B,Part-Time,Voluntary,Sales,Aerial,10-02-1957,AZ,Splicer,Male,71509,Hispanic,Single,Fully Meets,4,2656,15-03-2023,5,4,3,25-02-2023,Communication Skills,External,Failed,1,877.57,UrijahHouston,66,Terminated,55+,2020,January,0,4,1.23,1-3 yr
Trace,Brandt,23-11-2021,20-07-2022,Area Sales Manager,BPC,Contract,Zone B,Temporary,Voluntary,Sales,Isp,06-06-1995,AZ,Manager,Male,27097,White,Widowed,Fully Meets,2,2657,04-03-2023,4,3,3,08-05-2023,Project Management,External,Failed,3,751.13,TraceBrandt,27,Terminated,25-34,2022,July,0,3.33,0.65,0-1 yr
Yuliana,Levine,01-07-2023,21-07-2023,Area Sales Manager,CCDR,Full-Time,Zone A,Temporary,Involuntary,Sales,Engineers,28-03-1960,AZ,Technician,Male,74016,Black,Married,Fully Meets,2,2658,22-10-2022,3,1,1,29-06-2023,Technical Skills,External,Passed,1,471.89,YulianaLevine,62,Terminated,55+,2023,July,1,1.67,0.05,0-1 yr
Bailey,Hays,18-07-2022,,Area Sales Manager,SVG,Part-Time,Zone B,Temporary,Unk,Sales,General - Con,13-07-1990,AL,Administrative,Male,71519,Black,Single,Fully Meets,2,2659,22-05-2023,5,3,2,30-08-2022,Customer Service,External,Failed,3,957.63,BaileyHays,32,Active,25-34,,,0,3.33,0.84,0-1 yr
Sanaa,Valenzuela,09-08-2019,,Area Sales Manager,EW,Part-Time,Zone C,Part-Time,Unk,Sales,Shop (Fleet),27-10-1959,TN,Mechanic,Male,33045,Asian,Divorced,Fully Meets,4,2660,23-08-2022,5,1,1,07-09-2022,Project Management,External,Passed,1,788.33,SanaaValenzuela,62,Active,55+,,,1,2.33,3.04,3-5 yr
Avah,Hayes,06-07-2021,,Area Sales Manager,MSC,Part-Time,Zone A,Temporary,Unk,Sales,Engineers,11-08-1970,TN,Administrative,Male,65089,Black,Married,Fully Meets,2,2661,25-02-2023,3,3,2,12-01-2023,Communication Skills,Internal,Completed,4,220.32,AvahHayes,52,Active,45-54,,,1,2.67,1.64,1-3 yr
Cody,Bates,02-02-2021,,Area Sales Manager,TNS,Contract,Zone A,Part-Time,Unk,Sales,General - Con,12-09-1945,ID,Foreman,Male,94177,Asian,Single,Fully Meets,2,2662,08-07-2023,4,1,1,10-03-2023,Project Management,External,Completed,5,406.1,CodyBates,77,Active,55+,,,1,2,2.43,1-3 yr
Eli,Grant,06-01-2023,25-04-2023,Area Sales Manager,PYZ,Part-Time,Zone B,Part-Time,Resignation,Sales,Splicing,21-07-1971,ID,Technician,Male,51278,Hispanic,Divorced,Fully Meets,5,2663,07-08-2022,3,4,1,17-12-2022,Customer Service,External,Passed,4,819.64,EliGrant,51,Terminated,45-54,2023,April,1,2.67,0.3,0-1 yr
Felipe,Rollins,13-11-2021,,Area Sales Manager,WBL,Full-Time,Zone C,Full-Time,Unk,Sales,Project Management - Con,25-06-1961,ID,Manager,Male,14665,Hispanic,Divorced,Fully Meets,1,2664,13-06-2023,5,2,2,13-09-2022,Project Management,External,Incomplete,3,355.84,FelipeRollins,62,Active,55+,,,0,3,1.58,1-3 yr
Abdiel,Good,15-03-2020,,Area Sales Manager,NEL,Contract,Zone A,Part-Time,Unk,Sales,Splicing,14-07-1991,NY,Splicer,Male,33859,Hispanic,Married,Fully Meets,4,2665,05-10-2022,1,5,5,03-09-2022,Communication Skills,Internal,Completed,4,786.38,AbdielGood,31,Active,25-34,,,1,3.67,2.56,1-3 yr
Kaylyn,Frye,07-11-2018,08-01-2022,Area Sales Manager,PL,Part-Time,Zone C,Full-Time,Retirement,Sales,Yard (Material Handling),19-01-1946,WA,Runner,Female,91544,Other,Single,Fully Meets,4,2666,24-05-2023,5,5,3,02-02-2023,Project Management,Internal,Failed,2,460.62,KaylynFrye,77,Terminated,55+,2022,January,0,4.33,3.17,3-5 yr
Marisol,Alvarez,03-10-2019,25-08-2021,Administrative Assistant,BPC,Full-Time,Zone B,Part-Time,Retirement,Sales,Billable Consultants,08-10-1965,WA,Engineer,Female,9760,Other,Widowed,Fully Meets,2,2667,28-12-2022,3,2,3,05-02-2023,Leadership Development,External,Passed,4,821.39,MarisolAlvarez,57,Terminated,55+,2021,August,1,2.67,1.89,1-3 yr
Lane,Willis,12-08-2022,16-04-2023,Administrative Assistant,CCDR,Contract,Zone C,Part-Time,Resignation,Sales,General - Con,12-11-1978,MA,Technician,Female,94176,Asian,Married,Fully Meets,2,2668,28-04-2023,4,4,1,19-01-2023,Project Management,Internal,Passed,3,968.31,LaneWillis,44,Terminated,35-44,2023,April,1,3,0.68,0-1 yr
Jade,Becker,22-12-2018,,Administrative Assistant,SVG,Part-Time,Zone C,Full-Time,Unk,Sales,Field Operations,19-01-1952,MA,Foreman,Female,46445,Black,Single,Fully Meets,1,2669,27-04-2023,4,2,1,17-03-2023,Project Management,Internal,Completed,3,912.22,JadeBecker,71,Active,55+,,,1,2.33,4.34,3-5 yr
Vincent,Logan,27-03-2021,,Area Sales Manager,PYZ,Part-Time,Zone A,Full-Time,Unk,Sales,Engineers,06-03-1994,MA,Engineer,Male,54346,Other,Widowed,Fully Meets,1,2670,26-06-2023,4,2,1,28-06-2023,Project Management,External,Completed,4,144.83,VincentLogan,29,Active,25-34,,,1,2.33,2.25,1-3 yr
Nasir,Glass,18-07-2022,,Area Sales Manager,WBL,Part-Time,Zone C,Temporary,Unk,Sales,Field Operations,23-06-1944,MA,Coordinator,Male,10712,Asian,Widowed,Fully Meets,5,2671,12-02-2023,1,2,5,14-01-2023,Project Management,Internal,Passed,4,425.59,NasirGlass,78,Active,55+,,,1,2.67,0.57,0-1 yr
Quincy,Shannon,09-04-2020,06-05-2023,Area Sales Manager,NEL,Contract,Zone A,Full-Time,Involuntary,Sales,Fielders,23-07-1999,AZ,Engineer,Male,3413,Asian,Married,Fully Meets,1,2672,04-06-2023,5,2,2,18-07-2023,Project Management,Internal,Incomplete,2,118.43,QuincyShannon,23,Terminated,<25,2023,May,0,3,3.07,3-5 yr
Alena,Walter,07-01-2022,,Area Sales Manager,PL,Full-Time,Zone B,Full-Time,Unk,Sales,Splicing,19-07-1999,AZ,Splicer,Male,80938,Other,Single,Fully Meets,4,2673,13-10-2022,5,1,1,11-05-2023,Customer Service,Internal,Incomplete,2,281.27,AlenaWalter,23,Active,<25,,,0,2.33,0.76,0-1 yr
Clay,Compton,15-07-2022,,Area Sales Manager,BPC,Part-Time,Zone A,Part-Time,Unk,Sales,Fielders,16-12-1968,AZ,Engineer,Male,31528,White,Widowed,Fully Meets,1,2674,06-11-2022,1,1,4,05-04-2023,Customer Service,External,Incomplete,5,283.65,ClayCompton,53,Active,45-54,,,0,2,0.31,0-1 yr
Kayden,Fernandez,29-11-2020,16-07-2022,Area Sales Manager,CCDR,Part-Time,Zone C,Part-Time,Resignation,Sales,Engineers,07-06-1946,AL,Engineer,Male,11366,Hispanic,Divorced,Fully Meets,5,2675,30-01-2023,2,4,4,07-10-2022,Customer Service,Internal,Completed,3,475.75,KaydenFernandez,76,Terminated,55+,2022,July,1,3.33,1.63,1-3 yr
Bryson,Giles,20-03-2019,23-09-2020,Area Sales Manager,SVG,Part-Time,Zone C,Part-Time,Resignation,Sales,Engineers,01-08-1972,AL,Engineer,Male,19248,Asian,Single,Fully Meets,2,2676,16-10-2022,4,3,4,11-10-2022,Leadership Development,External,Failed,3,188.07,BrysonGiles,50,Terminated,45-54,2020,September,0,3.67,1.51,1-3 yr
Demarcus,Small,16-03-2019,08-01-2022,Area Sales Manager,EW,Contract,Zone B,Full-Time,Resignation,Sales,Splicing,13-10-1990,TN,Director,Male,8371,Hispanic,Divorced,Fully Meets,1,2677,29-11-2022,2,1,5,30-12-2022,Technical Skills,External,Incomplete,4,843.69,DemarcusSmall,32,Terminated,25-34,2022,January,0,2.67,2.82,1-3 yr
Presley,Dodson,30-05-2021,,Area Sales Manager,MSC,Full-Time,Zone C,Part-Time,Unk,Sales,Field Operations,01-05-1966,ID,Laborer,Male,90990,White,Single,Fully Meets,5,2678,18-07-2023,5,3,3,06-04-2023,Project Management,External,Failed,3,166.28,PresleyDodson,57,Active,55+,,,0,3.67,2.13,1-3 yr
Christine,Giles,17-11-2022,,Area Sales Manager,TNS,Contract,Zone A,Part-Time,Unk,Sales,General - Con,20-10-1951,ID,Foreman,Male,80607,Hispanic,Divorced,Fully Meets,5,2679,02-02-2023,4,4,1,17-08-2022,Communication Skills,External,Completed,2,119.62,ChristineGiles,71,Active,55+,,,1,3,0.21,0-1 yr
Jasmine,Rogers,25-12-2020,04-10-2021,Area Sales Manager,PYZ,Contract,Zone A,Full-Time,Involuntary,Sales,Billable Consultants,24-01-1948,ID,Engineer,Male,30228,Black,Single,Fully Meets,2,2680,31-08-2022,1,4,4,11-05-2023,Customer Service,Internal,Failed,2,400.81,JasmineRogers,74,Terminated,55+,2021,October,0,3,0.77,0-1 yr
Jaime,Greer,16-06-2020,13-08-2021,Area Sales Manager,WBL,Part-Time,Zone C,Full-Time,Involuntary,Sales,Field Operations,04-02-1984,ID,Technician,Male,47652,Black,Married,Fully Meets,1,2681,22-07-2023,3,3,3,26-01-2023,Leadership Development,Internal,Completed,1,318.38,JaimeGreer,39,Terminated,35-44,2021,August,1,3,1.16,1-3 yr
Keagan,Hutchinson,28-07-2020,,Area Sales Manager,NEL,Contract,Zone A,Temporary,Unk,Sales,Field Operations,05-06-1976,NY,Supervisor,Male,73798,Asian,Widowed,Fully Meets,2,2682,02-11-2022,1,2,2,05-05-2023,Communication Skills,External,Failed,3,238.12,KeaganHutchinson,46,Active,45-54,,,0,1.67,2.26,1-3 yr
Charlize,Ballard,31-12-2021,,Area Sales Manager,PL,Contract,Zone A,Temporary,Unk,Sales,General - Con,14-10-1952,WA,Laborer,Female,86439,Other,Divorced,Fully Meets,4,2683,23-12-2022,3,4,2,26-08-2022,Technical Skills,External,Passed,2,412.34,CharlizeBallard,70,Active,55+,,,1,3,0.98,0-1 yr
Kendrick,Pollard,07-02-2022,02-03-2023,Administrative Assistant,BPC,Full-Time,Zone C,Part-Time,Retirement,Sales,General - Sga,07-10-1983,MA,Manager,Female,60915,White,Widowed,Fully Meets,5,2684,14-09-2022,3,4,2,23-01-2023,Communication Skills,Internal,Passed,5,776.58,KendrickPollard,38,Terminated,35-44,2023,March,1,3,1.06,1-3 yr
Meadow,Reed,23-11-2021,29-03-2022,Administrative Assistant,CCDR,Full-Time,Zone B,Temporary,Resignation,Sales,General - Sga,08-08-1964,MA,Supervisor,Female,9417,Black,Divorced,Fully Meets,2,2685,09-07-2023,3,1,1,07-02-2023,Project Management,External,Passed,4,231.34,MeadowReed,58,Terminated,55+,2022,March,1,1.67,0.34,0-1 yr
Ryker,Hopkins,15-08-2021,,Area Sales Manager,PYZ,Contract,Zone C,Part-Time,Unk,Sales,Project Management - Con,09-05-1955,MA,Technician,Male,56247,Other,Single,Fully Meets,4,2686,23-01-2023,5,3,4,12-11-2022,Project Management,External,Completed,1,278.7,RykerHopkins,67,Active,55+,,,1,4,1.44,1-3 yr
Bruno,Ashley,21-06-2021,,Area Sales Manager,WBL,Part-Time,Zone A,Full-Time,Unk,Sales,Engineers,16-03-1945,AZ,Engineer,Male,88522,White,Single,Fully Meets,2,2687,20-02-2023,4,5,5,20-07-2023,Technical Skills,External,Incomplete,1,272.22,BrunoAshley,77,Active,55+,,,0,4.67,1.67,1-3 yr
Luciana,Steele,13-02-2021,,Area Sales Manager,NEL,Contract,Zone B,Full-Time,Unk,Sales,Engineers,09-02-1967,AZ,Engineer,Male,97840,Black,Married,Fully Meets,1,2688,21-11-2022,2,3,3,18-11-2022,Customer Service,External,Completed,2,638.6,LucianaSteele,55,Active,55+,,,1,2.67,1.77,1-3 yr
Johnathon,Serrano,28-12-2020,,Area Sales Manager,PL,Part-Time,Zone C,Part-Time,Unk,Sales,Wireline Construction,09-05-1954,AZ,Foreman,Male,72339,Other,Single,Fully Meets,1,2689,06-10-2022,2,1,1,12-07-2023,Project Management,External,Passed,1,812.6,JohnathonSerrano,68,Active,55+,,,1,1.33,1.77,1-3 yr
Joaquin,Cuevas,12-04-2022,02-09-2022,Area Sales Manager,BPC,Part-Time,Zone B,Part-Time,Involuntary,Sales,Project Management - Con,14-04-1997,AZ,Field Project Manager,Male,28406,Black,Married,Fully Meets,4,2690,29-10-2022,1,3,2,23-02-2023,Technical Skills,External,Completed,1,134.11,JoaquinCuevas,25,Terminated,25-34,2022,September,1,2,0.39,0-1 yr
Soren,Downs,02-01-2019,,Area Sales Manager,CCDR,Part-Time,Zone C,Full-Time,Unk,Sales,General - Sga,29-11-1972,AL,Supervisor,Male,85311,Black,Widowed,Fully Meets,1,2691,21-12-2022,4,1,1,29-12-2022,Project Management,External,Failed,3,934.3,SorenDowns,50,Active,45-54,,,0,2,3.97,3-5 yr
Ralph,Stone,01-08-2020,01-10-2022,Area Sales Manager,SVG,Full-Time,Zone A,Full-Time,Voluntary,Sales,Underground,22-11-1997,TN,Foreman,Male,97985,White,Widowed,Fully Meets,4,2692,04-05-2023,4,5,2,30-05-2023,Communication Skills,External,Completed,1,614.11,RalphStone,25,Terminated,25-34,2022,October,1,3.67,2.17,1-3 yr
Malcolm,Rivas,14-10-2020,,Area Sales Manager,EW,Part-Time,Zone C,Temporary,Unk,Sales,General - Sga,26-09-1987,TN,Assistant,Male,52988,White,Married,Fully Meets,4,2693,06-11-2022,2,5,2,16-05-2023,Project Management,External,Failed,2,175.75,MalcolmRivas,35,Active,35-44,,,0,3,2.06,1-3 yr
Adam,Beltran,26-05-2023,14-07-2023,Area Sales Manager,MSC,Full-Time,Zone C,Full-Time,Involuntary,Sales,Engineers,15-12-1980,ID,Director,Male,16500,Black,Widowed,Fully Meets,4,2694,29-12-2022,3,4,4,08-08-2022,Customer Service,External,Failed,2,167.34,AdamBeltran,42,Terminated,35-44,2023,July,0,3.67,0.13,0-1 yr
Isis,Ortega,26-08-2021,25-11-2022,Area Sales Manager,TNS,Full-Time,Zone A,Temporary,Retirement,Sales,Underground,24-10-1960,ID,Laborer,Male,70237,Other,Married,Fully Meets,2,2695,04-12-2022,5,2,3,25-01-2023,Customer Service,External,Passed,2,123.83,IsisOrtega,62,Terminated,55+,2022,November,1,3.33,1.25,1-3 yr
Meadow,Delgado,20-11-2022,08-02-2023,Area Sales Manager,PYZ,Contract,Zone A,Temporary,Retirement,Sales,Project Management - Con,09-03-1953,ID,Manager,Male,18726,Other,Married,Fully Meets,4,2696,13-05-2023,3,1,3,29-03-2023,Technical Skills,External,Incomplete,2,932.48,MeadowDelgado,70,Terminated,55+,2023,February,0,2.33,0.22,0-1 yr
Benjamin,Goodman,22-02-2020,,Area Sales Manager,WBL,Full-Time,Zone A,Full-Time,Unk,Sales,Splicing,08-02-1964,NY,Laborer,Male,21341,White,Married,Fully Meets,1,2697,30-05-2023,1,5,3,19-02-2023,Project Management,Internal,Completed,4,714.81,BenjaminGoodman,59,Active,55+,,,1,3,3.27,3-5 yr
Jaycee,Alexander,04-04-2021,,Area Sales Manager,NEL,Contract,Zone B,Full-Time,Unk,Sales,Field Operations,01-02-1969,NY,Operator,Male,46549,Hispanic,Single,Fully Meets,4,2698,24-05-2023,5,4,5,12-12-2022,Project Management,Internal,Incomplete,3,152.78,JayceeAlexander,54,Active,45-54,,,0,4.67,2.14,1-3 yr
Cannon,Gray,05-08-2023,,Area Sales Manager,PL,Contract,Zone C,Temporary,Unk,Sales,Engineers,24-08-1985,WA,Engineer,Female,8797,Other,Married,Fully Meets,5,2699,07-12-2022,1,1,5,31-01-2023,Technical Skills,External,Incomplete,2,717.16,CannonGray,37,Active,35-44,,,0,2.33,-0.66,
Brynn,Kennedy,10-01-2023,06-08-2023,Administrative Assistant,BPC,Full-Time,Zone B,Temporary,Resignation,Sales,Project Management - Con,01-09-1992,MA,Manager,Female,20560,Other,Single,Fully Meets,4,2700,17-01-2023,3,5,1,29-06-2023,Technical Skills,External,Failed,1,272.59,BrynnKennedy,30,Terminated,25-34,2023,August,0,3,0.57,0-1 yr
Branden,Ali,19-04-2019,,Administrative Assistant,CCDR,Contract,Zone A,Full-Time,Unk,Sales,Field Operations,06-09-1959,MA,Controller,Female,11623,Black,Married,Fully Meets,5,2701,20-07-2023,5,5,3,20-04-2023,Leadership Development,External,Incomplete,5,155.14,BrandenAli,63,Active,55+,,,0,4.33,4.25,3-5 yr
Sophie,Carrillo,02-10-2019,,Area Sales Manager,BPC,Contract,Zone B,Full-Time,Unk,Sales,Aerial,18-09-1962,MA,Foreman,Male,80318,Asian,Married,Fully Meets,2,2702,12-04-2023,5,1,2,05-09-2022,Communication Skills,Internal,Completed,1,328.74,SophieCarrillo,60,Active,55+,,,1,2.67,3.53,3-5 yr
Saul,Shaw,14-11-2018,,Area Sales Manager,CCDR,Full-Time,Zone A,Part-Time,Unk,Sales,General - Con,07-04-1986,AZ,Laborer,Male,37397,Other,Single,Fully Meets,5,2703,27-05-2023,1,5,4,31-03-2023,Leadership Development,Internal,Passed,2,775.58,SaulShaw,37,Active,35-44,,,1,3.33,4.53,3-5 yr
Isla,Mcdaniel,27-01-2020,19-06-2022,Area Sales Manager,EW,Part-Time,Zone A,Full-Time,Voluntary,Sales,Field Operations,30-07-1998,AZ,Technician,Male,39020,Black,Widowed,Fully Meets,4,2704,14-09-2022,2,4,4,10-12-2022,Leadership Development,Internal,Incomplete,2,499.97,IslaMcdaniel,24,Terminated,<25,2022,June,0,3.33,2.39,1-3 yr
Lea,Cantu,04-11-2018,,Area Sales Manager,MSC,Full-Time,Zone B,Temporary,Unk,Sales,General - Con,24-10-2000,AZ,Supervisor,Female,57908,Hispanic,Divorced,Fully Meets,2,2705,08-07-2023,3,2,2,24-05-2023,Communication Skills,External,Incomplete,1,826.31,LeaCantu,22,Active,<25,,,0,2.33,4.67,3-5 yr
Yadiel,Riggs,13-12-2018,13-01-2019,Area Sales Manager,NEL,Part-Time,Zone A,Part-Time,Involuntary,Sales,Field Operations,24-09-1975,NC,Electrician,Male,39922,Asian,Widowed,Fully Meets,2,2706,18-12-2022,3,2,5,28-03-2023,Leadership Development,Internal,Failed,5,258.38,YadielRiggs,47,Terminated,45-54,2019,January,0,3.33,0.08,0-1 yr
Annalise,Olsen,28-11-2022,,Area Sales Manager,PL,Full-Time,Zone B,Part-Time,Unk,Sales,General - Con,20-08-1992,AL,Foreman,Male,95876,White,Married,Fully Meets,4,2707,28-01-2023,1,2,1,16-11-2022,Customer Service,External,Incomplete,3,412.09,AnnaliseOlsen,30,Active,25-34,,,0,1.33,0.17,0-1 yr
Theodore,Castro,08-06-2022,07-08-2022,Area Sales Manager,PYZ,Full-Time,Zone C,Part-Time,Involuntary,Sales,General - Con,31-07-1965,TN,Foreman,Male,47846,Asian,Married,Fully Meets,2,2708,15-01-2023,1,3,5,04-12-2022,Leadership Development,Internal,Failed,5,294.23,TheodoreCastro,57,Terminated,55+,2022,August,0,3,0.16,0-1 yr
Emily,Freeman,03-04-2022,,Area Sales Manager,SVG,Full-Time,Zone A,Full-Time,Unk,Sales,Field Operations,28-01-1985,ID,Locator,Male,62350,Asian,Married,Fully Meets,2,2709,28-08-2022,1,2,2,15-10-2022,Technical Skills,Internal,Failed,2,415.45,EmilyFreeman,37,Active,35-44,,,0,1.67,0.4,0-1 yr
Madyson,Yates,28-02-2022,,Area Sales Manager,TNS,Part-Time,Zone C,Full-Time,Unk,Sales,Field Operations,14-04-1994,ID,Manager,Male,45874,Black,Single,Fully Meets,5,2710,12-08-2022,4,2,3,20-07-2023,Customer Service,Internal,Failed,5,807.71,MadysonYates,28,Active,25-34,,,0,3,0.45,0-1 yr
Rachel,Bowers,19-08-2021,,Area Sales Manager,WBL,Contract,Zone C,Temporary,Unk,Sales,Field Operations,09-06-1973,ID,Technician,Male,54605,Black,Divorced,Fully Meets,2,2711,07-02-2023,4,2,5,13-09-2022,Leadership Development,Internal,Completed,1,408.39,RachelBowers,49,Active,45-54,,,1,3.67,1.47,1-3 yr
Helen,Humphrey,19-08-2018,,Area Sales Manager,PYZ,Full-Time,Zone A,Full-Time,Unk,Sales,General - Con,08-07-1992,NY,Foreman,Male,42080,Other,Married,Fully Meets,1,2712,24-06-2023,3,2,5,30-01-2023,Communication Skills,External,Passed,1,741.6,HelenHumphrey,30,Active,25-34,,,1,3.33,4.85,3-5 yr
Abagail,Villanueva,15-10-2019,,Area Sales Manager,WBL,Full-Time,Zone A,Full-Time,Unk,Sales,Aerial,09-02-1997,NY,Foreman,Male,92148,Black,Married,Fully Meets,5,2713,22-12-2022,5,2,4,09-04-2023,Technical Skills,External,Completed,3,193.48,AbagailVillanueva,25,Active,25-34,,,1,3.67,3.19,3-5 yr
Julie,Lloyd,23-02-2023,20-04-2023,Area Sales Manager,NEL,Part-Time,Zone C,Temporary,Resignation,Sales,Field Operations,11-07-1972,WA,Tower Hand,Male,3780,Asian,Widowed,Fully Meets,1,2714,20-10-2022,3,1,3,08-01-2023,Technical Skills,Internal,Incomplete,5,831.09,JulieLloyd,50,Terminated,45-54,2023,April,0,2.33,0.15,0-1 yr
Alejandro,Wilkinson,01-02-2023,,Area Sales Manager,PL,Full-Time,Zone B,Temporary,Unk,Sales,Field Operations,18-08-1995,WA,Manager,Female,44669,Asian,Divorced,Fully Meets,4,2715,11-01-2023,3,5,1,14-10-2022,Customer Service,External,Completed,5,573.56,AlejandroWilkinson,27,Active,25-34,,,1,3,-0.06,
Yadiel,Mata,07-05-2023,,Administrative Assistant,BPC,Contract,Zone A,Temporary,Unk,Sales,Executive,21-12-1969,MA,Ceo,Female,22894,Asian,Widowed,Fully Meets,2,2716,28-09-2022,3,2,2,16-01-2023,Leadership Development,Internal,Completed,4,247.11,YadielMata,52,Active,45-54,,,1,2.33,-0.61,
Colt,Sutton,26-05-2020,,Area Sales Manager,PYZ,Full-Time,Zone A,Temporary,Unk,Sales,Field Operations,05-11-1995,MA,Supervisor,Male,77267,Black,Divorced,Fully Meets,1,2717,25-07-2023,1,1,2,25-03-2023,Communication Skills,Internal,Passed,5,866.13,ColtSutton,27,Active,25-34,,,1,1.33,3.16,3-5 yr
Madalyn,Prince,09-02-2022,,Area Sales Manager,WBL,Part-Time,Zone A,Part-Time,Unk,Sales,Aerial,26-01-1999,AZ,Laborer,Male,91638,Other,Married,Fully Meets,5,2718,01-06-2023,3,5,5,13-11-2022,Project Management,Internal,Incomplete,5,760.24,MadalynPrince,24,Active,<25,,,0,4.33,1.31,1-3 yr
Clara,Stewart,20-06-2022,23-03-2023,Area Sales Manager,NEL,Contract,Zone C,Temporary,Voluntary,Sales,Finance & Accounting,11-02-1996,AZ,Intern,Male,35738,Hispanic,Divorced,Fully Meets,4,2719,09-11-2022,5,5,5,25-07-2023,Leadership Development,Internal,Passed,5,992.93,ClaraStewart,26,Terminated,25-34,2023,March,1,5,0.76,0-1 yr
Cheyenne,Herman,08-01-2022,03-09-2022,Area Sales Manager,PL,Contract,Zone A,Temporary,Retirement,Sales,Field Operations,13-08-1994,NC,Top Hand,Female,26500,Asian,Widowed,Fully Meets,4,2720,12-12-2022,3,3,2,09-05-2023,Customer Service,External,Failed,2,960.4,CheyenneHerman,28,Terminated,25-34,2022,September,0,2.67,0.65,0-1 yr
Emerson,Zavala,01-03-2020,,Area Sales Manager,BPC,Full-Time,Zone A,Full-Time,Unk,Sales,Shop (Fleet),15-11-1981,NC,Manager,Male,6085,Hispanic,Married,Fully Meets,4,2721,26-03-2023,1,4,3,19-10-2022,Project Management,Internal,Incomplete,4,173.54,EmersonZavala,41,Active,35-44,,,0,2.67,3.07,3-5 yr
Sawyer,Oneal,05-10-2020,,Area Sales Manager,CCDR,Contract,Zone C,Temporary,Unk,Sales,General - Con,02-12-1979,AL,Technician,Male,15704,White,Single,Fully Meets,2,2722,18-12-2022,3,4,2,17-07-2023,Leadership Development,External,Passed,1,334.08,SawyerOneal,43,Active,35-44,,,1,3,2.2,1-3 yr
Kyleigh,Mathis,12-05-2021,01-07-2022,Area Sales Manager,SVG,Part-Time,Zone C,Temporary,Voluntary,Sales,Field Operations,17-03-1975,TN,Technician,Male,37293,White,Widowed,Fully Meets,2,2723,31-01-2023,3,1,5,22-07-2023,Leadership Development,External,Incomplete,3,763.23,KyleighMathis,47,Terminated,45-54,2022,July,0,3,1.14,1-3 yr
Maximus,Mcdowell,01-01-2023,05-07-2023,Area Sales Manager,EW,Part-Time,Zone B,Temporary,Involuntary,Sales,Catv,15-01-1943,ID,Foreman,Male,96396,Other,Divorced,Fully Meets,1,2724,01-01-2023,5,3,4,03-06-2023,Leadership Development,External,Completed,2,611.51,MaximusMcdowell,80,Terminated,55+,2023,July,1,4,0.51,0-1 yr
Dean,Little,18-11-2019,,Area Sales Manager,MSC,Contract,Zone B,Full-Time,Unk,Sales,Field Operations,21-07-1969,ID,Laborer,Male,25528,White,Single,Fully Meets,4,2725,30-01-2023,4,1,5,29-12-2022,Technical Skills,Internal,Incomplete,2,354.21,DeanLittle,53,Active,45-54,,,0,3.33,3.2,3-5 yr
Martin,Herrera,12-05-2021,07-11-2021,Area Sales Manager,TNS,Contract,Zone B,Full-Time,Retirement,Sales,Wireline Construction,23-02-1971,NY,Groundman,Male,20036,Asian,Single,Fully Meets,2,2726,29-07-2023,2,4,2,16-01-2023,Customer Service,External,Passed,3,502.39,MartinHerrera,52,Terminated,45-54,2021,November,1,2.67,0.49,0-1 yr
Uriah,Briggs,14-02-2020,21-12-2021,Area Sales Manager,PYZ,Contract,Zone C,Full-Time,Resignation,Sales,General - Con,12-10-1984,NY,Lineman,Male,83448,White,Divorced,Fully Meets,5,2727,17-06-2023,1,3,3,31-12-2022,Communication Skills,Internal,Incomplete,2,687.99,UriahBriggs,38,Terminated,35-44,2021,December,0,2.33,1.85,1-3 yr
Kianna,Little,08-05-2020,28-03-2023,Area Sales Manager,WBL,Full-Time,Zone B,Full-Time,Involuntary,Sales,Splicing,07-09-1956,WA,Foreman,Male,16416,Hispanic,Single,Fully Meets,2,2728,03-12-2022,3,2,1,27-01-2023,Project Management,Internal,Completed,5,877.47,KiannaLittle,66,Terminated,55+,2023,March,1,2,2.89,1-3 yr
David,Kirk,10-12-2018,,Area Sales Manager,NEL,Part-Time,Zone B,Full-Time,Unk,Sales,Engineers,10-03-1948,WA,Engineer,Female,83077,Hispanic,Divorced,Fully Meets,2,2729,24-02-2023,3,5,1,06-07-2023,Leadership Development,External,Passed,2,700.04,DavidKirk,75,Active,55+,,,1,3,4.21,3-5 yr
Alexandra,Bryant,08-12-2021,,Area Sales Manager,PL,Contract,Zone B,Part-Time,Unk,Sales,Underground,28-07-1967,VT,Operator,Female,23617,Hispanic,Single,Fully Meets,2,2730,16-09-2022,2,3,4,20-05-2023,Project Management,External,Incomplete,5,486.43,AlexandraBryant,55,Active,55+,,,0,3,0.77,0-1 yr
Denzel,Jensen,31-01-2019,,Administrative Assistant,BPC,Part-Time,Zone C,Full-Time,Unk,Sales,General - Con,30-12-1949,MA,Technician,Female,24569,Other,Married,Fully Meets,1,2731,26-04-2023,2,3,2,20-04-2023,Technical Skills,Internal,Failed,1,897.96,DenzelJensen,73,Active,55+,,,0,2.33,4.23,3-5 yr
Fletcher,Maxwell,31-08-2022,27-04-2023,Area Sales Manager,PYZ,Contract,Zone A,Full-Time,Retirement,Sales,Shop (Fleet),07-04-1989,ME,Shop,Male,37938,Black,Single,Fully Meets,2,2732,04-11-2022,1,5,3,23-02-2023,Customer Service,Internal,Completed,3,147.28,FletcherMaxwell,33,Terminated,25-34,2023,April,1,3,0.65,0-1 yr
Davian,Davis,01-02-2022,,Area Sales Manager,WBL,Contract,Zone A,Temporary,Unk,Sales,General - Sga,05-01-1996,AZ,Administrator,Male,53746,Black,Single,Fully Meets,5,2733,03-04-2023,3,4,1,12-02-2023,Leadership Development,Internal,Completed,5,612.96,DavianDavis,27,Active,25-34,,,1,2.67,1.17,1-3 yr
Maxim,Mooney,02-12-2020,,Area Sales Manager,NEL,Contract,Zone C,Part-Time,Unk,Sales,General - Con,03-12-1948,AZ,Laborer,Female,51967,Black,Married,Fully Meets,4,2734,14-05-2023,2,2,3,22-02-2023,Communication Skills,External,Completed,5,953.92,MaximMooney,74,Active,55+,,,1,2.33,2.44,1-3 yr
Santiago,Rosales,16-10-2020,,Area Sales Manager,PL,Contract,Zone B,Part-Time,Unk,Sales,Field Operations,10-04-2001,NC,Groundman,Female,26584,Asian,Single,Fully Meets,2,2735,02-06-2023,5,1,2,12-11-2022,Leadership Development,External,Incomplete,1,519.23,SantiagoRosales,22,Active,<25,,,0,2.67,2.63,1-3 yr
Zara,Werner,27-05-2020,,Area Sales Manager,BPC,Contract,Zone A,Full-Time,Unk,Sales,General - Con,13-02-1963,AL,Laborer,Male,2091,Other,Married,Fully Meets,5,2736,26-11-2022,4,2,2,05-03-2023,Technical Skills,Internal,Passed,1,297.94,ZaraWerner,59,Active,55+,,,1,2.67,2.5,1-3 yr
Darian,Hansen,20-08-2021,09-10-2021,Area Sales Manager,CCDR,Full-Time,Zone C,Temporary,Retirement,Sales,General - Con,26-05-1972,UT,Technician,Male,84906,Black,Married,Fully Meets,4,2737,20-09-2022,5,5,3,18-04-2023,Communication Skills,Internal,Failed,5,317.55,DarianHansen,50,Terminated,45-54,2021,October,0,4.33,0.14,0-1 yr
Kaeden,Branch,07-02-2019,25-03-2019,Area Sales Manager,SVG,Full-Time,Zone C,Full-Time,Involuntary,Sales,Field Operations,23-09-1957,TN,Laborer,Male,86185,Hispanic,Married,Fully Meets,5,2738,16-03-2023,4,3,1,01-10-2022,Communication Skills,Internal,Incomplete,5,880.42,KaedenBranch,65,Terminated,55+,2019,March,0,2.67,0.13,0-1 yr
Gabriel,Swanson,18-02-2021,26-11-2021,Area Sales Manager,EW,Contract,Zone A,Part-Time,Resignation,Sales,General - Con,21-09-1944,ID,Technician,Male,82332,Black,Single,Fully Meets,4,2739,26-06-2023,1,2,5,21-08-2022,Customer Service,Internal,Completed,1,457.71,GabrielSwanson,78,Terminated,55+,2021,November,1,2.67,0.77,0-1 yr
Madyson,Chapman,02-12-2022,,Area Sales Manager,MSC,Full-Time,Zone B,Part-Time,Unk,Sales,General - Sga,25-09-1983,ID,Construction Manager,Male,34011,Black,Single,Fully Meets,1,2740,06-06-2023,2,5,1,17-05-2023,Communication Skills,Internal,Completed,3,200.27,MadysonChapman,39,Active,35-44,,,1,2.67,0.51,0-1 yr
Kellen,Hill,29-07-2021,05-05-2022,Area Sales Manager,TNS,Full-Time,Zone A,Part-Time,Resignation,Sales,Wireline Construction,27-10-1974,NY,Technician,Male,88627,Asian,Divorced,Fully Meets,4,2741,09-10-2022,4,3,1,26-09-2022,Technical Skills,External,Failed,5,573.08,KellenHill,47,Terminated,45-54,2022,May,0,2.67,0.77,0-1 yr
Samir,Gray,23-04-2022,16-12-2022,Area Sales Manager,PYZ,Full-Time,Zone B,Full-Time,Retirement,Sales,Field Operations,09-10-1991,NH,Foreman,Male,47497,Asian,Married,Fully Meets,2,2742,25-11-2022,5,3,4,05-09-2022,Communication Skills,Internal,Incomplete,4,785.39,SamirGray,31,Terminated,25-34,2022,December,0,4,0.65,0-1 yr
Stephanie,Hampton,31-07-2021,07-04-2022,Area Sales Manager,WBL,Full-Time,Zone B,Temporary,Voluntary,Sales,Field Operations,28-01-1982,WA,Top Hand,Male,16234,Black,Married,Fully Meets,4,2743,31-08-2022,3,2,5,20-04-2023,Technical Skills,Internal,Failed,3,437.36,StephanieHampton,40,Terminated,35-44,2022,April,0,3.33,0.68,0-1 yr
Walter,Mayo,12-06-2020,,Area Sales Manager,NEL,Contract,Zone C,Full-Time,Unk,Sales,Field Operations,21-07-1954,VT,Laborer,Female,25145,Asian,Married,Fully Meets,4,2744,25-06-2023,2,4,2,29-10-2022,Technical Skills,External,Incomplete,5,955.17,WalterMayo,68,Active,55+,,,0,2.67,3.03,3-5 yr
Harley,Greer,25-01-2019,,Area Sales Manager,PL,Contract,Zone B,Part-Time,Unk,Sales,Executive,29-04-2001,VA,Director,Female,71081,Hispanic,Divorced,Fully Meets,5,2745,13-01-2023,1,2,2,12-10-2022,Technical Skills,Internal,Failed,3,542.56,HarleyGreer,21,Active,<25,,,0,1.67,3.97,3-5 yr
Misael,Pratt,24-10-2020,08-04-2023,Administrative Assistant,BPC,Full-Time,Zone A,Full-Time,Involuntary,Sales,Project Management - Con,17-05-1977,MA,Supervisor,Female,39119,Hispanic,Widowed,Fully Meets,5,2746,13-07-2023,4,4,5,12-02-2023,Project Management,External,Incomplete,5,399.23,MisaelPratt,46,Terminated,45-54,2023,April,0,4.33,2.45,1-3 yr
Sneha,Jhaveri,18-08-2018,28-02-2019,Production Technician I,SVG,Part-Time,Zone B,Part-Time,Voluntary,Production,General - Con,23-11-1960,MA,Lineman,Female,2109,Hispanic,Married,Fully Meets,4,2747,13-05-2023,3,1,5,15-10-2022,Technical Skills,External,Failed,2,677.74,SnehaJhaveri,62,Terminated,55+,2019,February,0,3,0.53,0-1 yr
Melinda,Saar-Beckles,11-07-2022,,Production Technician I,PYZ,Full-Time,Zone C,Full-Time,Unk,Production,General - Sga,15-06-1964,MA,Laborer,Female,1801,Hispanic,Widowed,Fully Meets,1,2748,04-08-2023,5,2,5,14-01-2023,Project Management,External,Completed,2,301.42,MelindaSaar-Beckles,59,Active,55+,,,1,4,1.07,1-3 yr
Elizabeth,Meads,15-11-2018,19-11-2018,Production Technician I,BPC,Full-Time,Zone B,Part-Time,Retirement,Production,Technology / It,08-04-1949,MA,Administrator,Female,1760,Black,Widowed,Fully Meets,5,2749,24-06-2023,5,3,4,19-11-2022,Customer Service,External,Failed,5,149.65,ElizabethMeads,74,Terminated,55+,2018,November,0,4,0.01,0-1 yr
Patrick,Moran,04-06-2022,,Production Technician II,TNS,Full-Time,Zone B,Full-Time,Unk,Production,Field Operations,03-04-1949,MA,Laborer,Male,2127,Asian,Divorced,Fully Meets,4,2750,11-07-2023,3,4,4,27-02-2023,Customer Service,Internal,Passed,1,462.45,PatrickMoran,74,Active,55+,,,1,3.67,1.1,1-3 yr
Mathew,Linden,27-10-2018,10-07-2019,Production Technician II,NEL,Full-Time,Zone B,Part-Time,Retirement,Production,Field Operations,15-04-1967,MA,Laborer,Male,1770,Black,Single,Fully Meets,5,2751,27-12-2022,3,1,2,15-02-2023,Communication Skills,External,Incomplete,2,585.76,MathewLinden,55,Terminated,55+,2019,July,0,2,0.7,0-1 yr
Adeel,Osturnka,21-10-2022,09-05-2023,Production Technician I,TNS,Part-Time,Zone A,Temporary,Involuntary,Production,General - Con,28-05-1976,MA,Flagger,Male,2478,Hispanic,Divorced,Fully Meets,4,2752,07-05-2023,3,5,1,06-12-2022,Customer Service,Internal,Incomplete,5,450.64,AdeelOsturnka,46,Terminated,45-54,2023,May,0,3,0.55,0-1 yr
Lisa,Cornett,13-01-2023,24-05-2023,Production Technician I,CCDR,Contract,Zone B,Part-Time,Voluntary,Production,Field Operations,11-06-1984,MA,Driver,Female,2189,Black,Widowed,Fully Meets,4,2753,05-05-2023,3,1,4,18-10-2022,Communication Skills,Internal,Completed,1,437.7,LisaCornett,38,Terminated,35-44,2023,May,1,2.67,0.36,0-1 yr
Louis,Punjabhi,05-04-2020,,Production Technician I,SVG,Full-Time,Zone C,Full-Time,Unk,Production,Engineers,05-05-1977,MA,Engineer,Male,2109,Other,Married,Fully Meets,2,2754,14-02-2023,1,5,1,04-04-2023,Project Management,Internal,Failed,1,823.08,LouisPunjabhi,45,Active,45-54,,,0,2.33,2.86,1-3 yr
Michael,Carey,26-05-2022,,Production Technician I,EW,Contract,Zone B,Temporary,Unk,Production,General - Con,20-11-1955,MA,Technician,Male,1701,Other,Single,Fully Meets,2,2755,15-12-2022,5,5,4,21-12-2022,Technical Skills,Internal,Completed,4,118.68,MichaelCarey,67,Active,55+,,,1,4.67,0.56,0-1 yr
Earnest,Hankard,05-05-2021,,Production Technician II,TNS,Part-Time,Zone A,Part-Time,Unk,Production,Field Operations,21-07-1986,MA,Driller,Male,2155,White,Divorced,Fully Meets,2,2756,30-10-2022,1,3,1,04-04-2023,Communication Skills,External,Completed,5,120.79,EarnestHankard,36,Active,35-44,,,1,1.67,1.49,1-3 yr
Kimberly,Beak,01-07-2023,04-08-2023,Production Technician II,BPC,Part-Time,Zone C,Part-Time,Retirement,Production,Project Management - Con,19-01-1948,MA,Coordinator,Female,2145,Hispanic,Divorced,Fully Meets,2,2757,30-04-2023,3,4,2,19-12-2022,Technical Skills,External,Failed,1,519.35,KimberlyBeak,75,Terminated,55+,2023,August,0,3,0.09,0-1 yr
Jonathan R,LeBel,20-12-2018,13-06-2023,Production Technician I,TNS,Part-Time,Zone A,Full-Time,Involuntary,Production,Wireline Construction,12-02-1946,MA,Lineman,Male,2050,Other,Divorced,Fully Meets,2,2758,15-02-2023,1,3,1,17-05-2023,Technical Skills,External,Incomplete,4,100.17,Jonathan RLeBel,77,Terminated,55+,2023,June,0,1.67,4.48,3-5 yr
Rick,Stoica,26-08-2018,,Production Technician I,PYZ,Full-Time,Zone B,Full-Time,Unk,Production,Aerial,04-05-1989,MA,Lineman,Male,2301,White,Divorced,Fully Meets,2,2759,06-11-2022,3,1,3,30-06-2023,Project Management,Internal,Incomplete,1,662.8,RickStoica,33,Active,25-34,,,0,2.33,4.2,3-5 yr
Adil,Sahoo,06-12-2020,26-08-2022,Production Technician II,BPC,Part-Time,Zone B,Temporary,Voluntary,Production,Fielders,20-07-1969,MA,Engineer,Male,2062,Other,Single,Fully Meets,2,2760,26-09-2022,2,1,4,03-05-2023,Leadership Development,Internal,Completed,3,287.59,AdilSahoo,53,Terminated,45-54,2022,August,1,2.33,1.72,1-3 yr
Barbara,Gaul,13-12-2021,11-06-2022,Production Technician I,EW,Contract,Zone C,Temporary,Resignation,Production,Wireline Construction,07-02-1997,MA,Laborer,Female,2121,Asian,Married,Fully Meets,4,2761,15-02-2023,1,4,3,26-11-2022,Project Management,External,Incomplete,4,653.32,BarbaraGaul,26,Terminated,25-34,2022,June,0,2.67,0.49,0-1 yr
Carla,Demita,27-06-2021,02-01-2022,Production Technician II,CCDR,Part-Time,Zone A,Temporary,Resignation,Production,Field Operations,09-12-1944,MA,Laborer,Female,2343,Asian,Single,Fully Meets,4,2762,08-01-2023,3,1,2,26-04-2023,Leadership Development,Internal,Failed,3,254.85,CarlaDemita,78,Terminated,55+,2022,January,0,2,0.52,0-1 yr
Paula,Gross,19-10-2019,,Production Technician I,NEL,Part-Time,Zone C,Full-Time,Unk,Production,Field Operations,18-05-1991,MA,Construction Manager,Female,2176,Hispanic,Single,Fully Meets,2,2763,05-08-2022,4,2,4,24-11-2022,Technical Skills,External,Completed,4,430.35,PaulaGross,31,Active,25-34,,,1,3.33,2.8,1-3 yr
Francesco A,Barone,26-11-2022,13-01-2023,Production Technician I,WBL,Part-Time,Zone C,Full-Time,Involuntary,Production,Engineers,24-03-1993,MA,Engineer,Male,1810,Black,Single,Fully Meets,2,2764,22-10-2022,2,4,3,14-06-2023,Communication Skills,External,Incomplete,5,755.77,Francesco ABarone,29,Terminated,25-34,2023,January,0,3,0.13,0-1 yr
Rex,England,19-08-2019,,Production Technician I,PL,Full-Time,Zone C,Full-Time,Unk,Production,Wireline Construction,09-07-1967,MA,Administrative,Male,2045,Black,Widowed,Fully Meets,4,2765,05-01-2023,3,1,3,30-03-2023,Customer Service,Internal,Incomplete,2,529.91,RexEngland,55,Active,55+,,,0,2.33,3.38,3-5 yr
Trina,Hendrickson,22-08-2018,14-04-2022,Production Technician II,EW,Part-Time,Zone A,Full-Time,Involuntary,Production,Engineers,28-06-1957,MA,Engineer,Female,2021,Hispanic,Married,Fully Meets,2,2766,22-09-2022,3,5,5,25-03-2023,Technical Skills,External,Completed,1,440.14,TrinaHendrickson,65,Terminated,55+,2022,April,1,4.33,3.64,3-5 yr
Colleen,Volk,04-05-2022,,Production Technician I,BPC,Full-Time,Zone A,Full-Time,Unk,Production,Field Operations,15-01-1949,MA,Technician,Female,2747,Asian,Divorced,Fully Meets,2,2767,14-12-2022,3,3,4,21-01-2023,Customer Service,Internal,Passed,2,972.3,ColleenVolk,73,Active,55+,,,1,3.33,0.61,0-1 yr
Jean,Engdahl,12-06-2022,,Production Technician I,WBL,Part-Time,Zone B,Temporary,Unk,Production,Underground,20-02-1981,MA,Operator,Male,2026,Asian,Married,Fully Meets,2,2768,20-08-2022,2,1,5,24-10-2022,Project Management,Internal,Incomplete,5,176.6,JeanEngdahl,41,Active,35-44,,,0,2.67,0.19,0-1 yr
Paris,Blake,08-11-2018,,Production Technician I,NEL,Contract,Zone A,Part-Time,Unk,Production,Aerial,31-08-1950,MA,Foreman,Male,95073,Other,Widowed,Fully Meets,4,2769,07-08-2022,3,1,3,17-07-2023,Project Management,Internal,Completed,1,747.74,ParisBlake,71,Active,55+,,,1,2.33,3.75,3-5 yr
Neveah,Bird,05-07-2021,,Production Technician I,PL,Part-Time,Zone A,Part-Time,Unk,Production,Field Operations,19-11-1945,MA,Laborer,Male,65497,Black,Divorced,Fully Meets,5,2770,25-02-2023,1,2,3,07-07-2023,Customer Service,External,Passed,5,451.03,NeveahBird,77,Active,55+,,,1,2,1.64,1-3 yr
Tia,Potter,08-07-2020,24-09-2021,Production Technician I,BPC,Full-Time,Zone A,Temporary,Retirement,Production,Wireline Construction,10-03-1950,MA,Laborer,Male,37659,Other,Divorced,Fully Meets,5,2771,28-01-2023,2,4,2,11-12-2022,Technical Skills,Internal,Incomplete,5,255.16,TiaPotter,72,Terminated,55+,2021,September,0,2.67,1.21,1-3 yr
Alexandra,Bean,13-03-2020,,Production Technician I,CCDR,Full-Time,Zone A,Temporary,Unk,Production,Wireline Construction,15-04-1973,MA,Laborer,Male,74626,Other,Married,Fully Meets,1,2772,25-04-2023,2,4,5,06-02-2023,Leadership Development,Internal,Passed,5,258.08,AlexandraBean,50,Active,45-54,,,1,3.67,3.12,3-5 yr
Tony,Grimes,28-12-2022,,Production Technician I,SVG,Full-Time,Zone B,Full-Time,Unk,Production,Splicing,20-06-1964,MA,Laborer,Male,10950,White,Widowed,Fully Meets,2,2773,29-05-2023,2,5,4,02-02-2023,Communication Skills,Internal,Completed,4,697.67,TonyGrimes,58,Active,55+,,,1,3.67,0.42,0-1 yr
Macy,Nielsen,17-03-2020,,Production Technician I,EW,Full-Time,Zone B,Part-Time,Unk,Production,Field Operations,05-06-1993,MA,Laborer,Male,85907,Other,Divorced,Fully Meets,5,2774,28-05-2023,1,5,3,05-08-2023,Communication Skills,Internal,Passed,5,694.23,MacyNielsen,29,Active,25-34,,,1,3,3.2,3-5 yr
Toby,Yates,07-01-2023,,Production Technician I,MSC,Part-Time,Zone B,Temporary,Unk,Production,Field Operations,19-02-1966,MA,Tower Hand,Female,50944,White,Single,Fully Meets,2,2775,04-08-2023,1,4,3,05-11-2022,Technical Skills,Internal,Incomplete,1,703.45,TobyYates,57,Active,55+,,,0,2.67,0.57,0-1 yr
Karlee,Davies,22-12-2021,,Production Technician I,TNS,Full-Time,Zone B,Part-Time,Unk,Production,General - Eng,06-02-1975,MA,Engineer,Male,67113,White,Single,Fully Meets,4,2776,26-12-2022,5,3,5,09-07-2023,Leadership Development,External,Incomplete,1,134.44,KarleeDavies,47,Active,45-54,,,0,4.33,1.01,1-3 yr
Hector,Escobar,29-04-2020,22-11-2022,Production Technician I,PYZ,Part-Time,Zone B,Full-Time,Voluntary,Production,General - Con,31-07-1944,MA,Laborer,Male,37852,Hispanic,Single,Fully Meets,5,2777,02-08-2023,5,1,3,25-07-2023,Communication Skills,Internal,Failed,2,458.37,HectorEscobar,79,Terminated,55+,2022,November,0,3,2.57,1-3 yr
Javon,Mckenzie,02-12-2020,,Production Technician I,WBL,Part-Time,Zone C,Temporary,Unk,Production,Wireless,28-02-1955,MA,Foreman,Male,33896,Asian,Divorced,Fully Meets,5,2778,19-02-2023,1,1,4,06-10-2022,Project Management,External,Failed,5,594.73,JavonMckenzie,68,Active,55+,,,0,2,2.21,1-3 yr
Lilly,Huynh,08-12-2021,20-06-2022,Production Technician I,NEL,Contract,Zone A,Part-Time,Resignation,Production,Field Operations,16-07-1957,MA,Laborer,Male,88158,Hispanic,Married,Fully Meets,2,2779,28-08-2022,4,1,1,13-02-2023,Leadership Development,Internal,Completed,3,330.68,LillyHuynh,65,Terminated,55+,2022,June,1,2,0.53,0-1 yr
Anika,Robbins,13-04-2022,04-08-2023,Production Technician I,PL,Contract,Zone B,Part-Time,Retirement,Production,General - Con,26-04-1951,MA,Foreman,Male,18034,White,Married,Fully Meets,4,2780,29-08-2022,3,5,2,24-12-2022,Communication Skills,Internal,Incomplete,3,625.69,AnikaRobbins,71,Terminated,55+,2023,August,0,3.33,1.31,1-3 yr
Ishaan,Robinson,23-12-2020,23-07-2022,Production Technician I,BPC,Contract,Zone A,Part-Time,Retirement,Production,Field Operations,22-10-1969,MA,Operator,Male,47540,Asian,Divorced,Fully Meets,4,2781,12-02-2023,1,2,2,12-11-2022,Leadership Development,Internal,Completed,5,437.26,IshaanRobinson,53,Terminated,45-54,2022,July,1,1.67,1.58,1-3 yr
Paola,Macdonald,31-03-2019,,Production Technician I,CCDR,Full-Time,Zone C,Temporary,Unk,Production,General - Con,18-06-1987,MA,Laborer,Female,14142,Black,Single,Fully Meets,2,2782,07-10-2022,3,5,3,17-10-2022,Leadership Development,Internal,Passed,2,134.99,PaolaMacdonald,35,Active,35-44,,,1,3.67,3.52,3-5 yr
Lorelei,Sellers,11-06-2023,30-07-2023,Production Technician II,SVG,Part-Time,Zone A,Temporary,Resignation,Production,Wireline Construction,21-10-1977,MA,Technician,Male,68300,White,Married,Fully Meets,1,2783,06-01-2023,3,1,1,20-05-2023,Technical Skills,External,Incomplete,4,880.21,LoreleiSellers,45,Terminated,45-54,2023,July,0,1.67,0.13,0-1 yr
Gillian,Riddle,20-05-2021,31-01-2023,Production Technician II,TNS,Contract,Zone B,Full-Time,Involuntary,Production,Field Operations,08-03-1981,MA,Foreman,Male,85699,White,Divorced,Fully Meets,2,2784,09-01-2023,4,3,4,08-09-2022,Customer Service,Internal,Completed,5,427.99,GillianRiddle,41,Terminated,35-44,2023,January,1,3.67,1.7,1-3 yr
Atticus,White,14-11-2020,,Production Technician II,WBL,Full-Time,Zone C,Full-Time,Unk,Production,Field Operations,06-07-1967,MA,Top Hand,Male,96368,Hispanic,Widowed,Fully Meets,4,2785,15-08-2022,3,1,5,26-11-2022,Technical Skills,Internal,Completed,1,925.68,AtticusWhite,55,Active,55+,,,1,3,1.75,1-3 yr
Virginia,Nunez,29-12-2018,,Production Technician II,PYZ,Contract,Zone A,Full-Time,Unk,Production,Field Operations,13-07-2000,MA,Laborer,Female,33987,Asian,Widowed,Fully Meets,1,2786,07-12-2022,4,3,1,16-06-2023,Communication Skills,External,Incomplete,4,485.05,VirginiaNunez,22,Active,<25,,,0,2.67,3.94,3-5 yr
Caden,Taylor,22-04-2021,,Production Technician II,WBL,Contract,Zone A,Full-Time,Unk,Production,Executive,10-12-1948,MA,Director,Female,93541,White,Divorced,Fully Meets,4,2787,10-04-2023,4,2,5,18-04-2023,Technical Skills,External,Passed,5,720.07,CadenTaylor,74,Active,55+,,,1,3.67,1.97,1-3 yr
Brooks,Leach,03-06-2023,14-07-2023,Production Technician II,NEL,Contract,Zone C,Full-Time,Involuntary,Production,Project Management - Con,07-02-1949,MA,Supervisor,Female,87242,Black,Widowed,Fully Meets,1,2788,29-05-2023,4,1,3,21-01-2023,Project Management,External,Incomplete,5,161.15,BrooksLeach,74,Terminated,55+,2023,July,0,2.67,0.11,0-1 yr
Isabel,Wyatt,26-04-2021,06-07-2021,Production Technician I,CCDR,Contract,Zone B,Temporary,Retirement,Production,Wireless,04-06-1942,MA,Manager,Male,31575,Asian,Divorced,Fully Meets,4,2789,03-12-2022,1,2,2,06-06-2023,Project Management,Internal,Completed,4,899.17,IsabelWyatt,80,Terminated,55+,2021,July,1,1.67,0.19,0-1 yr
Angelo,Henry,30-04-2019,09-10-2019,Production Technician I,EW,Contract,Zone B,Part-Time,Involuntary,Production,Catv,08-08-1959,MA,Laborer,Male,64694,Hispanic,Widowed,Fully Meets,4,2790,03-01-2023,1,5,2,20-09-2022,Communication Skills,External,Incomplete,1,438.31,AngeloHenry,63,Terminated,55+,2019,October,0,2.67,0.44,0-1 yr
Joselyn,Moss,04-07-2021,25-06-2023,Production Technician I,MSC,Contract,Zone B,Temporary,Involuntary,Production,Field Operations,28-10-1946,MA,Driller,Male,43706,White,Widowed,Fully Meets,2,2791,19-01-2023,1,3,1,08-04-2023,Communication Skills,Internal,Passed,3,903.18,JoselynMoss,76,Terminated,55+,2023,June,1,1.67,1.97,1-3 yr
Diamond,Mcclain,24-02-2023,,Production Technician I,NEL,Part-Time,Zone A,Temporary,Unk,Production,Engineers,10-05-1953,MA,Technician,Male,19908,Black,Single,Fully Meets,1,2792,09-09-2022,3,4,4,21-05-2023,Technical Skills,External,Passed,2,607.81,DiamondMcclain,69,Active,55+,,,1,3.67,-0.46,
Eden,Dalton,02-03-2021,,Production Technician I,PL,Full-Time,Zone A,Full-Time,Unk,Production,Yard (Material Handling),19-08-1981,MA,Supervisor,Male,1901,Black,Divorced,Fully Meets,1,2793,27-03-2023,2,5,3,09-10-2022,Project Management,External,Incomplete,1,774.44,EdenDalton,41,Active,35-44,,,0,3.33,2.07,1-3 yr
Emely,Parks,27-12-2021,,Production Technician I,PYZ,Contract,Zone B,Temporary,Unk,Production,Field Operations,16-05-1976,MA,Laborer,Male,1877,Hispanic,Single,Fully Meets,5,2794,03-09-2022,5,4,4,10-01-2023,Customer Service,Internal,Incomplete,3,644.38,EmelyParks,46,Active,45-54,,,0,4.33,0.68,0-1 yr
Corinne,Hopkins,10-07-2022,11-09-2022,Production Technician I,SVG,Part-Time,Zone C,Temporary,Voluntary,Production,General - Eng,26-01-1949,MA,Drafter,Female,74746,Asian,Single,Fully Meets,4,2795,06-06-2023,5,1,1,30-04-2023,Customer Service,Internal,Failed,4,457.74,CorinneHopkins,74,Terminated,55+,2022,September,0,2.33,0.17,0-1 yr
Destiny,Blake,19-09-2022,17-06-2023,Production Technician I,TNS,Contract,Zone A,Full-Time,Voluntary,Production,Engineers,01-09-1991,MA,Program Manager,Female,96469,Asian,Married,Fully Meets,1,2796,05-08-2023,2,4,2,19-10-2022,Communication Skills,External,Incomplete,2,840.27,DestinyBlake,31,Terminated,25-34,2023,June,0,2.67,0.74,0-1 yr
Zaria,Kidd,30-05-2021,,Production Technician I,WBL,Contract,Zone A,Temporary,Unk,Production,Aerial,13-11-1964,MA,Lineman,Male,24994,Other,Married,Exceeds,1,2797,05-08-2022,2,1,2,18-12-2022,Communication Skills,External,Failed,1,559.59,ZariaKidd,57,Active,55+,,,0,1.67,1.18,1-3 yr
Adam,Ingram,07-04-2020,,Production Technician I,BPC,Contract,Zone A,Part-Time,Unk,Production,Engineers,17-05-1969,MA,Planner,Male,89805,Asian,Divorced,Fully Meets,2,2798,29-05-2023,3,4,2,24-04-2023,Leadership Development,External,Completed,1,840.65,AdamIngram,54,Active,45-54,,,1,3,3.14,3-5 yr
Makenna,Foster,20-04-2021,17-09-2022,Production Technician I,CCDR,Part-Time,Zone A,Part-Time,Resignation,Production,Engineers,21-02-1988,MA,Engineer,Male,54859,White,Divorced,Fully Meets,2,2799,01-02-2023,2,1,1,28-07-2023,Communication Skills,Internal,Incomplete,1,543.46,MakennaFoster,34,Terminated,25-34,2022,September,0,1.33,1.41,1-3 yr
Nayeli,Keith,02-08-2019,,Production Technician I,EW,Contract,Zone B,Temporary,Unk,Production,General - Con,10-07-1948,MA,Foreman,Male,69497,Black,Married,Fully Meets,1,2800,20-06-2023,1,2,2,20-12-2022,Customer Service,External,Incomplete,1,729.03,NayeliKeith,74,Active,55+,,,0,1.67,3.88,3-5 yr
Devon,Shannon,11-01-2022,,Production Technician I,MSC,Full-Time,Zone C,Temporary,Unk,Production,Field Operations,28-09-1995,MA,Tower Hand,Male,97933,White,Divorced,Fully Meets,5,2801,20-09-2022,1,3,4,14-06-2023,Leadership Development,External,Incomplete,4,449.65,DevonShannon,26,Active,25-34,,,0,2.67,0.69,0-1 yr
Lucy,Harrington,15-11-2020,,Production Technician I,NEL,Contract,Zone C,Part-Time,Unk,Production,General - Con,11-08-1977,MA,Technician,Female,56662,White,Married,Fully Meets,4,2802,01-07-2023,2,3,5,21-04-2023,Technical Skills,External,Passed,3,213.38,LucyHarrington,45,Active,45-54,,,1,3.33,2.62,1-3 yr
Rebecca,Francis,08-05-2020,,Production Technician I,PL,Part-Time,Zone B,Part-Time,Unk,Production,General - Con,03-09-1965,MA,Foreman,Female,13566,Asian,Married,Fully Meets,5,2803,04-11-2022,4,4,5,29-01-2023,Leadership Development,Internal,Failed,4,106.21,RebeccaFrancis,57,Active,55+,,,0,4.33,2.49,1-3 yr
Salma,Frederick,10-03-2019,,Production Technician II,SVG,Part-Time,Zone B,Full-Time,Unk,Production,Project Management - Con,01-03-1953,MA,Coordinator,Male,4554,Hispanic,Married,Fully Meets,4,2804,05-12-2022,5,4,2,26-01-2023,Leadership Development,Internal,Completed,5,483.07,SalmaFrederick,69,Active,55+,,,1,3.67,3.74,3-5 yr
Avery,Vance,19-04-2022,,Production Technician II,TNS,Full-Time,Zone C,Part-Time,Unk,Production,Field Operations,30-07-1988,MA,Driver,Male,19835,White,Widowed,Fully Meets,1,2805,19-05-2023,5,3,2,18-07-2023,Project Management,Internal,Passed,2,515.31,AveryVance,34,Active,25-34,,,1,3.33,1.08,1-3 yr
Stephany,Jenkins,30-11-2019,,Production Technician II,WBL,Full-Time,Zone A,Part-Time,Unk,Production,Catv,22-06-1962,MA,Supervisor,Female,47920,Asian,Divorced,Fully Meets,2,2806,14-04-2023,1,3,1,27-05-2023,Communication Skills,Internal,Incomplete,5,290.8,StephanyJenkins,60,Active,55+,,,0,1.67,3.37,3-5 yr
Brian,Kelly,06-07-2021,07-01-2023,Production Technician II,BPC,Part-Time,Zone A,Part-Time,Involuntary,Production,Wireline Construction,17-04-1977,MA,Driver,Female,55399,White,Married,Fully Meets,2,2807,13-01-2023,3,2,4,16-04-2023,Customer Service,Internal,Passed,4,977.46,BrianKelly,45,Terminated,45-54,2023,January,1,3,1.51,1-3 yr
Keagan,Villa,27-11-2018,,Production Technician II,CCDR,Part-Time,Zone B,Temporary,Unk,Production,Billable Consultants,25-12-1993,MA,Engineer,Female,35224,Asian,Divorced,Fully Meets,4,2808,13-03-2023,5,2,4,23-09-2022,Communication Skills,External,Passed,5,105.41,KeaganVilla,29,Active,25-34,,,1,3.67,4.29,3-5 yr
Kendra,Foley,30-01-2023,,Production Technician I,WBL,Full-Time,Zone C,Part-Time,Unk,Production,Splicing,24-02-1964,MA,Splicer,Male,39078,Hispanic,Single,Fully Meets,2,2809,13-02-2023,1,1,5,21-12-2022,Technical Skills,Internal,Failed,2,856.23,KendraFoley,59,Active,55+,,,0,2.33,0.04,0-1 yr
Jabari,Stanton,17-11-2022,08-02-2023,Production Technician I,NEL,Full-Time,Zone A,Part-Time,Resignation,Production,Field Operations,10-04-1959,MA,Laborer,Male,72285,Other,Married,Fully Meets,4,2810,13-07-2023,2,5,5,05-04-2023,Technical Skills,Internal,Incomplete,3,964.33,JabariStanton,64,Terminated,55+,2023,February,0,4,0.23,0-1 yr
Phoenix,Farley,13-08-2018,28-05-2020,Production Technician I,PL,Part-Time,Zone A,Full-Time,Voluntary,Production,Field Operations,04-01-1996,MA,Laborer,Male,82960,Hispanic,Widowed,Fully Meets,2,2811,13-04-2023,3,4,3,04-11-2022,Technical Skills,External,Completed,3,589.88,PhoenixFarley,27,Terminated,25-34,2020,May,1,3.33,1.79,1-3 yr
Aurora,Bass,02-07-2021,09-07-2023,Production Technician I,BPC,Part-Time,Zone B,Temporary,Resignation,Production,General - Eng,16-05-1946,MA,Manager,Male,44272,White,Divorced,Fully Meets,4,2812,14-08-2022,3,2,5,25-11-2022,Leadership Development,External,Incomplete,4,663.36,AuroraBass,76,Terminated,55+,2023,July,0,3.33,2.02,1-3 yr
Enrique,Parks,28-06-2022,,Production Technician I,CCDR,Contract,Zone B,Full-Time,Unk,Production,Wireline Construction,27-08-1973,MA,Vp,Male,56124,Other,Single,Fully Meets,1,2813,28-08-2022,4,4,2,20-04-2023,Technical Skills,Internal,Completed,2,249.88,EnriqueParks,49,Active,45-54,,,1,3.33,0.17,0-1 yr
Kylie,Cox,25-01-2019,,Production Technician I,SVG,Part-Time,Zone A,Temporary,Unk,Production,Field Operations,28-09-1975,MA,Technician,Male,19550,Hispanic,Single,Fully Meets,2,2814,13-07-2023,4,1,1,31-07-2023,Leadership Development,Internal,Passed,2,809.89,KylieCox,47,Active,45-54,,,1,2,4.46,3-5 yr
Luke,Burke,23-07-2023,,Production Technician I,EW,Contract,Zone C,Part-Time,Unk,Production,Project Management - Con,29-07-1978,MA,Manager,Female,62651,Asian,Single,Fully Meets,4,2815,22-09-2022,2,5,3,10-05-2023,Project Management,Internal,Completed,5,224.58,LukeBurke,44,Active,35-44,,,1,3.33,-0.83,
Ricardo,Mcdonald,25-07-2022,,Production Technician I,MSC,Full-Time,Zone C,Temporary,Unk,Production,General - Con,04-12-1992,MA,Splicer,Female,15802,Black,Married,Fully Meets,5,2816,13-07-2023,4,2,4,17-03-2023,Project Management,External,Incomplete,3,251.78,RicardoMcdonald,30,Active,25-34,,,0,3.33,0.97,0-1 yr
Camila,Hodges,11-01-2023,,Production Technician I,TNS,Contract,Zone A,Part-Time,Unk,Production,Field Operations,12-09-1998,MA,Laborer,Male,79678,White,Widowed,Fully Meets,4,2817,12-08-2022,4,1,5,13-01-2023,Technical Skills,External,Failed,2,314,CamilaHodges,23,Active,<25,,,0,3.33,-0.42,
Tripp,Sanders,28-07-2023,30-07-2023,Production Technician I,PYZ,Part-Time,Zone B,Temporary,Involuntary,Production,Fielders,19-01-1964,MA,Engineer,Male,9992,Hispanic,Single,Exceeds,2,2818,21-06-2023,4,3,3,27-02-2023,Technical Skills,External,Completed,5,453.51,TrippSanders,59,Terminated,55+,2023,July,1,3.33,0.01,0-1 yr
Davin,Wade,06-05-2023,,Production Technician I,WBL,Full-Time,Zone C,Part-Time,Unk,Production,General - Con,03-02-2000,MA,Flagger,Male,74805,White,Widowed,Fully Meets,4,2819,31-12-2022,2,3,4,31-07-2023,Leadership Development,Internal,Failed,2,595.4,DavinWade,22,Active,<25,,,0,3,-0.34,
Pierce,Bender,18-09-2022,,Production Technician I,NEL,Full-Time,Zone C,Temporary,Unk,Production,Wireline Construction,09-07-1979,MA,Laborer,Male,42750,Hispanic,Divorced,Fully Meets,2,2820,16-10-2022,2,1,5,23-10-2022,Project Management,External,Completed,2,606.3,PierceBender,43,Active,35-44,,,1,2.67,0.08,0-1 yr
Marin,Mosley,08-09-2019,10-09-2021,Production Technician I,PL,Full-Time,Zone B,Temporary,Retirement,Production,Field Operations,22-09-1998,MA,Technician,Male,36681,Hispanic,Single,Fully Meets,2,2821,12-04-2023,2,5,5,06-03-2023,Technical Skills,Internal,Incomplete,5,841.22,MarinMosley,24,Terminated,<25,2021,September,0,4,2.01,1-3 yr
Barrett,Sosa,30-08-2019,,Production Technician I,BPC,Part-Time,Zone B,Part-Time,Unk,Production,Aerial,15-03-1959,MA,Lineman,Female,87892,White,Divorced,Fully Meets,4,2822,24-05-2023,2,3,3,18-09-2022,Communication Skills,Internal,Failed,4,912.5,BarrettSosa,64,Active,55+,,,0,2.67,3.73,3-5 yr
Eliezer,Briggs,22-05-2023,,Production Technician I,CCDR,Contract,Zone B,Part-Time,Unk,Production,General - Con,07-12-1985,MA,Operator,Female,59827,White,Divorced,Fully Meets,2,2823,23-01-2023,5,2,1,04-09-2022,Communication Skills,External,Incomplete,2,196.27,EliezerBriggs,37,Active,35-44,,,0,2.67,-0.33,
Talan,Garrett,02-03-2021,,Production Technician II,EW,Part-Time,Zone A,Full-Time,Unk,Production,Wireline Construction,25-12-1962,MA,Laborer,Male,3624,Hispanic,Widowed,Fully Meets,5,2824,09-09-2022,1,4,1,07-09-2022,Project Management,Internal,Incomplete,1,224.09,TalanGarrett,59,Active,55+,,,0,2,1.52,1-3 yr
Van,Griffin,13-02-2023,,Production Technician II,MSC,Full-Time,Zone C,Temporary,Unk,Production,Project Management - Eng,29-12-1982,MA,Project Manager,Male,80760,Hispanic,Widowed,Fully Meets,4,2825,22-02-2023,5,4,4,02-11-2022,Technical Skills,External,Completed,2,363.8,VanGriffin,40,Active,35-44,,,1,4.33,0.02,0-1 yr
Roger,Kaufman,11-08-2022,01-12-2022,Production Technician II,TNS,Contract,Zone B,Full-Time,Involuntary,Production,General - Con,13-04-1954,MA,Technician,Female,96266,Hispanic,Married,Fully Meets,5,2826,29-06-2023,4,3,4,13-07-2023,Customer Service,Internal,Failed,2,656.05,RogerKaufman,69,Terminated,55+,2022,December,0,3.67,0.31,0-1 yr
Ignacio,Mcintyre,19-02-2020,10-12-2022,Production Technician II,PYZ,Full-Time,Zone A,Full-Time,Involuntary,Production,Field Operations,09-08-1980,MA,Driver,Female,23357,Other,Married,Fully Meets,4,2827,30-08-2022,4,4,5,07-09-2022,Leadership Development,Internal,Incomplete,1,629.85,IgnacioMcintyre,42,Terminated,35-44,2022,December,0,4.33,2.81,1-3 yr
Jaydon,Lambert,15-10-2021,26-03-2023,Production Technician II,WBL,Full-Time,Zone A,Temporary,Retirement,Production,Field Operations,11-05-1944,MA,Technician,Female,95784,Black,Single,Fully Meets,2,2828,26-02-2023,5,5,3,30-01-2023,Communication Skills,Internal,Completed,3,915.92,JaydonLambert,78,Terminated,55+,2023,March,1,4.33,1.44,1-3 yr
Serenity,Carlson,16-11-2022,,Production Technician I,WBL,Part-Time,Zone B,Part-Time,Unk,Production,Engineers,14-04-1947,MA,Director,Male,11197,Other,Single,Fully Meets,2,2829,07-02-2023,2,5,3,26-10-2022,Customer Service,External,Passed,3,487.27,SerenityCarlson,75,Active,55+,,,1,3.33,0.23,0-1 yr
Leslie,Maynard,30-06-2022,03-02-2023,Production Technician I,NEL,Full-Time,Zone B,Part-Time,Resignation,Production,General - Eng,26-05-1994,MA,Administrative,Male,62490,White,Married,Fully Meets,1,2830,09-12-2022,1,2,2,06-12-2022,Project Management,External,Completed,1,266.42,LeslieMaynard,28,Terminated,25-34,2023,February,1,1.67,0.6,0-1 yr
Craig,Sherman,28-07-2021,,Production Technician I,PL,Full-Time,Zone C,Full-Time,Unk,Production,Aerial,29-04-1952,MA,Lineman,Male,20276,White,Widowed,Fully Meets,2,2831,13-07-2023,5,1,4,09-02-2023,Communication Skills,External,Incomplete,1,277.22,CraigSherman,71,Active,55+,,,0,3.33,1.96,1-3 yr
Lilyana,Huffman,21-11-2021,,Production Technician I,BPC,Contract,Zone C,Full-Time,Unk,Production,Field Operations,03-01-1975,MA,Laborer,Male,31155,White,Married,Fully Meets,5,2832,14-11-2022,4,5,5,23-12-2022,Customer Service,Internal,Incomplete,1,545.87,LilyanaHuffman,47,Active,45-54,,,0,4.67,0.98,0-1 yr
Jacey,Reeves,12-10-2020,,Production Technician I,CCDR,Contract,Zone A,Full-Time,Unk,Production,General - Con,25-03-1989,MA,Laborer,Male,11072,Asian,Married,Fully Meets,2,2833,02-09-2022,2,5,2,24-08-2022,Leadership Development,External,Incomplete,3,182.84,JaceyReeves,33,Active,25-34,,,0,3,1.89,1-3 yr
Madyson,Silva,02-10-2018,17-09-2020,Production Technician I,SVG,Full-Time,Zone A,Full-Time,Involuntary,Production,General - Con,16-11-1943,MA,Technician,Female,95191,Asian,Divorced,Fully Meets,5,2834,30-04-2023,5,3,3,10-06-2023,Technical Skills,External,Completed,4,149.67,MadysonSilva,79,Terminated,55+,2020,September,1,3.67,1.96,1-3 yr
Liberty,Poole,17-07-2021,27-02-2023,Production Technician I,EW,Contract,Zone C,Part-Time,Resignation,Production,Engineers,11-04-1995,MA,Project Manager,Female,81501,White,Divorced,Fully Meets,5,2835,30-03-2023,4,5,3,22-11-2022,Customer Service,Internal,Completed,4,939.72,LibertyPoole,27,Terminated,25-34,2023,February,1,4,1.62,1-3 yr
Antonio,Romero,13-04-2022,,Production Technician I,MSC,Contract,Zone C,Part-Time,Unk,Production,Catv,07-10-1988,MA,Lineman,Female,8731,Black,Divorced,Fully Meets,2,2836,13-08-2022,5,4,1,18-05-2023,Customer Service,External,Completed,5,410.04,AntonioRomero,33,Active,25-34,,,1,3.33,0.33,0-1 yr
Jaylen,Butler,20-03-2021,18-02-2023,Production Technician I,TNS,Part-Time,Zone C,Temporary,Involuntary,Production,Splicing,10-07-1944,MA,Intern,Male,32946,Asian,Single,Fully Meets,4,2837,08-08-2022,4,1,4,08-06-2023,Communication Skills,External,Incomplete,1,945.59,JaylenButler,78,Terminated,55+,2023,February,0,3,1.92,1-3 yr
Gloria,Marks,09-09-2021,05-11-2021,Production Technician I,PYZ,Part-Time,Zone A,Temporary,Voluntary,Production,General - Sga,13-05-1945,MA,Director,Male,93005,Black,Single,Fully Meets,5,2838,03-07-2023,4,4,2,18-05-2023,Communication Skills,Internal,Completed,4,539.06,GloriaMarks,78,Terminated,55+,2021,November,1,3.33,0.16,0-1 yr
Jaylee,Cunningham,06-12-2019,28-03-2022,Production Technician I,WBL,Part-Time,Zone C,Part-Time,Voluntary,Production,General - Con,06-09-1969,MA,Foreman,Male,72072,Black,Married,Fully Meets,1,2839,23-10-2022,1,4,5,07-08-2022,Customer Service,External,Incomplete,2,837.22,JayleeCunningham,53,Terminated,45-54,2022,March,0,3.33,2.31,1-3 yr
Jordon,Wyatt,26-04-2023,19-05-2023,Production Technician I,NEL,Contract,Zone B,Part-Time,Voluntary,Production,Fielders,29-04-2000,MA,Engineer,Male,74671,Hispanic,Divorced,Fully Meets,2,2840,07-05-2023,3,2,3,04-10-2022,Customer Service,Internal,Incomplete,3,360.08,JordonWyatt,23,Terminated,<25,2023,May,0,2.67,0.06,0-1 yr
Darien,Doyle,06-04-2019,,Production Technician I,PL,Contract,Zone B,Temporary,Unk,Production,General - Con,14-10-1961,MA,Foreman,Male,6774,Hispanic,Married,Fully Meets,5,2841,10-10-2022,2,2,2,22-04-2023,Customer Service,Internal,Completed,2,405.48,DarienDoyle,61,Active,55+,,,1,2,3.51,3-5 yr
Ryan,Rollins,19-10-2020,28-02-2023,Production Technician I,BPC,Part-Time,Zone B,Temporary,Voluntary,Production,General - Con,16-07-1965,MA,Laborer,Female,90492,Black,Widowed,Fully Meets,1,2842,10-11-2022,2,1,5,22-12-2022,Project Management,Internal,Failed,4,577.78,RyanRollins,57,Terminated,55+,2023,February,0,2.67,2.36,1-3 yr
Manuel,Haley,22-11-2021,,Production Technician II,SVG,Full-Time,Zone C,Temporary,Unk,Production,General - Con,02-12-1942,MA,Technician,Male,31013,Black,Married,Fully Meets,1,2843,03-10-2022,5,1,4,01-10-2022,Leadership Development,External,Completed,2,102.16,ManuelHaley,79,Active,55+,,,1,3.33,0.86,0-1 yr
Litzy,Lloyd,30-12-2020,25-07-2023,Production Technician II,TNS,Contract,Zone A,Part-Time,Retirement,Production,Engineers,07-09-1942,MA,Technician,Male,31828,Asian,Widowed,Fully Meets,5,2844,14-07-2023,2,5,2,28-08-2022,Leadership Development,Internal,Passed,5,336.98,LitzyLloyd,80,Terminated,55+,2023,July,1,3,2.57,1-3 yr
Jett,York,03-09-2020,,Production Technician II,WBL,Full-Time,Zone B,Part-Time,Unk,Production,General - Con,18-06-1979,MA,Foreman,Female,60312,White,Single,Fully Meets,4,2845,14-11-2022,3,4,2,06-02-2023,Customer Service,External,Completed,2,764.22,JettYork,43,Active,35-44,,,1,3,2.2,1-3 yr
Natalia,Bush,14-10-2019,19-08-2022,Production Technician II,BPC,Contract,Zone C,Full-Time,Resignation,Production,Wireless,02-09-1955,MA,Technician,Female,31642,White,Divorced,Fully Meets,5,2846,05-04-2023,1,1,4,02-09-2022,Communication Skills,Internal,Incomplete,2,326.54,NataliaBush,67,Terminated,55+,2022,August,0,2,2.85,1-3 yr
Mallory,Carey,19-02-2021,18-09-2021,Production Technician II,CCDR,Part-Time,Zone C,Full-Time,Involuntary,Production,Underground,26-06-1966,MA,Laborer,Female,81717,Black,Married,Fully Meets,2,2847,01-12-2022,1,2,2,16-07-2023,Customer Service,Internal,Completed,3,762.23,MalloryCarey,56,Terminated,55+,2021,September,1,1.67,0.58,0-1 yr
Pierre,Tate,13-03-2022,02-09-2022,Production Technician I,BPC,Full-Time,Zone A,Temporary,Involuntary,Production,Project Management - Con,28-01-1946,MA,Project Manager,Male,59518,White,Single,Exceeds,1,2848,11-08-2022,2,1,1,21-07-2023,Customer Service,Internal,Failed,2,510.12,PierreTate,76,Terminated,55+,2022,September,0,1.33,0.47,0-1 yr
Shannon,Hurst,02-10-2018,,Production Technician I,CCDR,Part-Time,Zone C,Full-Time,Unk,Production,General - Con,27-07-1949,MA,Technician,Male,4583,Hispanic,Single,Fully Meets,5,2849,09-02-2023,5,1,1,06-05-2023,Technical Skills,Internal,Failed,3,706.23,ShannonHurst,73,Active,55+,,,0,2.33,4.36,3-5 yr
Carleigh,Schultz,06-10-2022,16-10-2022,Production Technician I,EW,Full-Time,Zone C,Part-Time,Retirement,Production,General - Con,29-07-1972,MA,Technician,Male,6816,Hispanic,Divorced,Exceeds,1,2850,31-03-2023,4,1,4,26-04-2023,Technical Skills,External,Passed,2,634.36,CarleighSchultz,50,Terminated,45-54,2022,October,1,3,0.03,0-1 yr
Rihanna,Briggs,21-09-2020,,Production Technician I,MSC,Full-Time,Zone B,Part-Time,Unk,Production,Field Operations,05-03-1967,MA,Construction Manager,Male,26839,Black,Divorced,Fully Meets,4,2851,16-10-2022,4,3,3,16-07-2023,Communication Skills,Internal,Failed,2,718.77,RihannaBriggs,55,Active,55+,,,0,3.33,2.07,1-3 yr
Eden,Levy,06-12-2021,,Production Technician I,NEL,Part-Time,Zone C,Temporary,Unk,Production,Field Operations,20-11-1946,MA,Laborer,Male,87984,Other,Widowed,Fully Meets,1,2852,02-02-2023,2,1,2,23-06-2023,Communication Skills,Internal,Incomplete,3,820.39,EdenLevy,76,Active,55+,,,0,1.67,1.16,1-3 yr
Nathanial,Davis,16-11-2022,21-03-2023,Production Technician I,PL,Contract,Zone B,Part-Time,Voluntary,Production,General - Con,06-04-1994,MA,Operator,Male,70147,Other,Widowed,Needs Improvement,5,2853,31-07-2023,5,1,1,01-01-2023,Leadership Development,Internal,Passed,1,835.07,NathanialDavis,29,Terminated,25-34,2023,March,1,2.33,0.34,0-1 yr
Eileen,Beard,02-08-2022,27-07-2023,Production Technician I,PYZ,Part-Time,Zone A,Full-Time,Resignation,Production,Executive,18-12-1945,MA,Executive,Female,76409,Hispanic,Married,Needs Improvement,2,2854,05-03-2023,1,3,4,18-04-2023,Project Management,External,Incomplete,4,670.82,EileenBeard,77,Terminated,55+,2023,July,0,2.67,0.98,0-1 yr
Kale,Potter,19-01-2022,,Production Technician I,SVG,Part-Time,Zone C,Full-Time,Unk,Production,Field Operations,18-02-1979,MA,Clerk,Female,75727,Black,Single,Needs Improvement,4,2855,27-03-2023,3,5,5,05-09-2022,Technical Skills,External,Passed,1,596.23,KalePotter,44,Active,35-44,,,1,4.33,1.18,1-3 yr
Sage,Boyer,09-04-2022,,Production Technician I,TNS,Full-Time,Zone A,Temporary,Unk,Production,Sales & Marketing,16-08-1952,MA,Director,Female,14553,White,Married,Needs Improvement,5,2856,23-01-2023,4,5,2,03-01-2023,Customer Service,Internal,Completed,2,842.67,SageBoyer,70,Active,55+,,,1,3.67,0.79,0-1 yr
Dane,Owens,19-07-2019,08-08-2022,Production Technician I,WBL,Full-Time,Zone A,Part-Time,Involuntary,Production,General - Con,01-11-1974,MA,Laborer,Male,93847,White,Single,Fully Meets,2,2857,24-12-2022,5,2,5,25-12-2022,Customer Service,Internal,Completed,3,229.18,DaneOwens,48,Terminated,45-54,2022,August,1,4,3.06,3-5 yr
Colin,Simpson,02-09-2021,14-11-2022,Production Technician I,BPC,Full-Time,Zone C,Temporary,Retirement,Production,Engineers,14-01-1974,MA,Engineer,Male,22983,Other,Married,Fully Meets,5,2858,12-07-2023,1,2,5,10-11-2022,Project Management,Internal,Failed,3,851.72,ColinSimpson,49,Terminated,45-54,2022,November,0,2.67,1.2,1-3 yr
Rachel,Buckley,01-02-2019,,Production Technician I,CCDR,Full-Time,Zone C,Part-Time,Unk,Production,Field Operations,07-03-1945,MA,Engineer,Male,36227,Other,Divorced,Needs Improvement,2,2859,19-08-2022,1,3,3,23-09-2022,Technical Skills,Internal,Completed,1,798.08,RachelBuckley,77,Active,55+,,,1,2.33,3.55,3-5 yr
Maria,Cameron,13-04-2023,26-05-2023,Production Technician I,EW,Part-Time,Zone C,Part-Time,Voluntary,Production,General - Con,31-10-1961,MA,Laborer,Male,54190,Black,Married,Fully Meets,2,2860,31-01-2023,2,1,4,13-09-2022,Leadership Development,External,Passed,3,587.16,MariaCameron,61,Terminated,55+,2023,May,1,2.33,0.12,0-1 yr
Judith,Savage,06-10-2018,,Production Technician I,MSC,Full-Time,Zone C,Full-Time,Unk,Production,General - Con,13-07-1986,MA,Technician,Male,31403,White,Widowed,Fully Meets,2,2861,21-07-2023,2,4,5,07-11-2022,Project Management,External,Completed,2,828.48,JudithSavage,37,Active,35-44,,,1,3.67,4.79,3-5 yr
Randall,West,24-03-2020,24-03-2022,Production Technician II,SVG,Part-Time,Zone B,Part-Time,Voluntary,Production,Engineers,14-07-1943,MA,Engineer,Male,13985,Other,Single,Fully Meets,4,2862,10-03-2023,1,2,3,11-04-2023,Communication Skills,Internal,Incomplete,3,192.39,RandallWest,79,Terminated,55+,2022,March,0,2,2,1-3 yr
Caitlin,Palmer,08-10-2021,,Production Technician II,EW,Full-Time,Zone B,Temporary,Unk,Production,Yard (Material Handling),09-12-1943,MA,Coordinator,Male,14407,Other,Widowed,Needs Improvement,4,2863,13-03-2023,2,2,1,08-12-2022,Customer Service,Internal,Completed,4,422.27,CaitlinPalmer,79,Active,55+,,,1,1.67,1.43,1-3 yr
Luke,Heath,16-05-2022,,Production Technician II,MSC,Part-Time,Zone B,Full-Time,Unk,Production,Field Operations,26-12-1995,MA,Technician,Male,37065,Asian,Single,Fully Meets,2,2864,16-11-2022,1,3,4,16-06-2023,Leadership Development,External,Failed,4,242.25,LukeHeath,26,Active,25-34,,,0,2.67,0.5,0-1 yr
Esperanza,Horne,10-05-2022,17-10-2022,Production Technician II,TNS,Part-Time,Zone C,Part-Time,Voluntary,Production,General - Con,27-08-1969,MA,Foreman,Female,26583,White,Divorced,Fully Meets,1,2865,23-10-2022,2,2,3,22-03-2023,Customer Service,External,Passed,4,653.99,EsperanzaHorne,53,Terminated,45-54,2022,October,1,2.33,0.44,0-1 yr
Jadon,Mata,16-11-2021,,Production Technician II,BPC,Part-Time,Zone C,Temporary,Unk,Production,Field Operations,07-09-1951,MA,Driller,Female,49151,Hispanic,Single,Fully Meets,2,2866,09-07-2023,3,3,2,11-04-2023,Project Management,External,Passed,5,792.46,JadonMata,71,Active,55+,,,1,2.67,1.64,1-3 yr
Gillian,Hawkins,25-02-2019,,Production Technician II,CCDR,Part-Time,Zone A,Temporary,Unk,Production,Technology / It,15-06-1994,MA,Manager,Female,75033,White,Single,Fully Meets,2,2867,07-03-2023,3,1,3,21-02-2023,Leadership Development,External,Incomplete,4,317.26,GillianHawkins,28,Active,25-34,,,0,2.33,4.03,3-5 yr
Lisa,Griffin,01-07-2022,,Production Technician I,TNS,Full-Time,Zone A,Temporary,Unk,Production,Executive,25-05-1946,MA,Vp,Male,64530,Black,Married,Fully Meets,5,2868,13-02-2023,3,4,1,17-06-2023,Leadership Development,External,Failed,5,866.79,LisaGriffin,76,Active,55+,,,0,2.67,0.62,0-1 yr
Nelson,Carpenter,17-12-2022,,Production Technician I,PYZ,Contract,Zone A,Full-Time,Unk,Production,Aerial,22-03-1943,MA,Lineman,Male,53404,Black,Widowed,Fully Meets,2,2869,24-03-2023,2,5,4,04-05-2023,Leadership Development,Internal,Completed,2,422.63,NelsonCarpenter,80,Active,55+,,,1,3.67,0.27,0-1 yr
Sanai,Sweeney,26-07-2023,31-07-2023,Production Technician I,WBL,Part-Time,Zone B,Part-Time,Retirement,Production,Sales & Marketing,08-09-1950,MA,Vp,Male,32806,Black,Married,Fully Meets,4,2870,28-11-2022,5,3,2,24-02-2023,Project Management,Internal,Passed,5,413.42,SanaiSweeney,72,Terminated,55+,2023,July,1,3.33,0.01,0-1 yr
Tania,Taylor,11-03-2022,02-08-2022,Production Technician I,NEL,Contract,Zone A,Part-Time,Resignation,Production,Catv,27-04-1953,MA,Project Manager,Male,46150,Hispanic,Divorced,Fully Meets,5,2871,31-05-2023,2,5,2,16-10-2022,Communication Skills,External,Incomplete,5,900.02,TaniaTaylor,70,Terminated,55+,2022,August,0,3,0.39,0-1 yr
Greta,Horne,29-06-2020,20-05-2021,Production Technician I,PL,Contract,Zone B,Full-Time,Voluntary,Production,Wireline Construction,03-12-1967,MA,Operator,Male,97145,Hispanic,Married,Fully Meets,2,2872,08-06-2023,3,5,1,20-03-2023,Communication Skills,Internal,Passed,3,573.84,GretaHorne,55,Terminated,55+,2021,May,1,3,0.89,0-1 yr
Jordyn,Snyder,28-03-2022,,Production Technician I,BPC,Part-Time,Zone A,Full-Time,Unk,Production,Field Operations,12-09-1998,MA,Supervisor,Male,92640,Hispanic,Divorced,Fully Meets,4,2873,15-12-2022,4,2,3,05-06-2023,Project Management,Internal,Failed,2,801.16,JordynSnyder,24,Active,<25,,,0,3,0.72,0-1 yr
Alex,Collins,14-02-2022,,Production Technician I,CCDR,Part-Time,Zone A,Full-Time,Unk,Production,Fielders,12-12-1953,MA,Engineer,Male,26011,White,Divorced,Fully Meets,1,2874,14-03-2023,3,5,1,27-09-2022,Project Management,Internal,Passed,5,107.25,AlexCollins,69,Active,55+,,,1,3,1.08,1-3 yr
Harley,Walker,25-12-2020,13-09-2021,Production Technician I,SVG,Full-Time,Zone C,Temporary,Involuntary,Production,General - Con,03-06-1981,MA,Administrative,Female,60773,Black,Divorced,Fully Meets,4,2875,12-06-2023,3,5,4,17-09-2022,Project Management,External,Incomplete,1,892.56,HarleyWalker,42,Terminated,35-44,2021,September,0,4,0.72,0-1 yr
Luka,Novak,27-04-2023,,Production Technician I,EW,Part-Time,Zone A,Temporary,Unk,Production,Field Operations,09-04-1957,MA,Warehouse Technician,Female,91201,Asian,Divorced,Fully Meets,4,2876,21-12-2022,3,3,2,05-07-2023,Project Management,External,Failed,1,429.89,LukaNovak,65,Active,55+,,,0,2.67,-0.35,
Skylar,Riggs,11-11-2022,07-12-2022,Production Technician I,MSC,Contract,Zone B,Part-Time,Resignation,Production,Project Management - Con,28-12-1944,MA,Manager,Female,51590,Asian,Widowed,Fully Meets,2,2877,02-03-2023,2,4,1,10-12-2022,Customer Service,Internal,Failed,4,664.5,SkylarRiggs,78,Terminated,55+,2022,December,0,2.33,0.07,0-1 yr
Shania,Barrera,04-05-2021,12-10-2021,Production Technician I,TNS,Part-Time,Zone A,Part-Time,Resignation,Production,General - Sga,11-08-1957,MA,Contracts,Male,26501,Black,Married,Fully Meets,2,2878,09-12-2022,2,3,3,01-12-2022,Project Management,Internal,Incomplete,5,925.8,ShaniaBarrera,65,Terminated,55+,2021,October,0,2.67,0.44,0-1 yr
Trystan,Fernandez,20-12-2018,,Production Technician I,PYZ,Full-Time,Zone A,Full-Time,Unk,Production,Executive,15-11-1962,MA,Vp,Male,97759,Black,Married,Fully Meets,2,2879,07-01-2023,1,5,2,15-06-2023,Customer Service,External,Failed,3,118.94,TrystanFernandez,60,Active,55+,,,0,2.67,4.05,3-5 yr
Aimee,Berg,11-06-2021,03-12-2022,Production Technician I,WBL,Contract,Zone A,Temporary,Retirement,Production,General - Con,21-08-2000,MA,Safety Manager,Female,89647,Black,Single,Fully Meets,4,2880,13-01-2023,1,1,2,15-02-2023,Project Management,Internal,Failed,4,932.34,AimeeBerg,22,Terminated,<25,2022,December,0,1.33,1.48,1-3 yr
Kyson,Scott,07-06-2023,,Production Technician I,NEL,Contract,Zone B,Full-Time,Unk,Production,Field Operations,22-04-1956,MA,Laborer,Male,19510,Asian,Divorced,Fully Meets,4,2881,20-10-2022,5,4,1,18-05-2023,Leadership Development,External,Incomplete,1,624.59,KysonScott,66,Active,55+,,,0,3.33,-0.63,
Lamar,Kirk,21-05-2019,05-01-2020,Production Technician I,PL,Part-Time,Zone B,Full-Time,Retirement,Production,Shop (Fleet),29-11-1978,MA,Welder,Male,85827,Asian,Widowed,Fully Meets,4,2882,10-01-2023,3,2,5,21-04-2023,Leadership Development,Internal,Failed,4,835.35,LamarKirk,44,Terminated,35-44,2020,January,0,3.33,0.63,0-1 yr
Slade,Lynn,01-03-2019,,Production Technician II,CCDR,Part-Time,Zone C,Full-Time,Unk,Production,General - Con,02-07-1960,MA,Operator,Male,74091,Hispanic,Married,Fully Meets,4,2883,14-06-2023,4,3,4,11-05-2023,Customer Service,External,Completed,4,597.63,SladeLynn,62,Active,55+,,,1,3.67,4.29,3-5 yr
Riley,Leon,26-02-2022,,Production Technician II,SVG,Part-Time,Zone A,Part-Time,Unk,Production,Wireline Construction,14-09-1979,MA,Technician,Male,76359,Other,Married,Fully Meets,2,2884,08-08-2022,3,2,4,01-05-2023,Technical Skills,External,Passed,4,974.28,RileyLeon,42,Active,35-44,,,1,3,0.45,0-1 yr
Humberto,Yoder,14-04-2022,10-10-2022,Production Technician II,EW,Full-Time,Zone B,Part-Time,Voluntary,Production,Field Operations,27-01-1977,MA,Groundman,Male,61247,Asian,Single,Fully Meets,1,2885,20-01-2023,1,5,5,29-12-2022,Communication Skills,External,Passed,1,176.13,HumbertoYoder,46,Terminated,45-54,2022,October,1,3.67,0.49,0-1 yr
Michelle,Pearson,06-08-2020,,Production Technician II,MSC,Contract,Zone A,Temporary,Unk,Production,Field Operations,30-10-1983,MA,Supervisor,Male,93231,Asian,Married,Fully Meets,2,2886,17-02-2023,5,5,1,09-07-2023,Technical Skills,External,Incomplete,4,263.04,MichellePearson,39,Active,35-44,,,0,3.67,2.53,1-3 yr
Natalya,Reyes,28-01-2020,15-02-2022,Production Technician II,TNS,Full-Time,Zone A,Temporary,Voluntary,Production,Shop (Fleet),27-04-1987,MA,Shop,Female,22862,Black,Married,Fully Meets,5,2887,24-06-2023,5,1,1,15-04-2023,Communication Skills,Internal,Completed,5,411.52,NatalyaReyes,36,Terminated,35-44,2022,February,1,2.33,2.05,1-3 yr
Celia,Mcpherson,17-04-2021,18-03-2022,Production Technician II,PYZ,Contract,Zone A,Temporary,Retirement,Production,Wireless,26-04-1983,MA,Foreman,Female,74469,White,Widowed,Fully Meets,5,2888,01-06-2023,5,2,5,17-03-2023,Customer Service,External,Completed,4,119.5,CeliaMcpherson,40,Terminated,35-44,2022,March,1,4,0.92,0-1 yr
Matias,Barton,29-09-2019,28-06-2023,Production Technician II,WBL,Part-Time,Zone A,Temporary,Resignation,Production,Fielders,25-10-1988,MA,Engineer,Female,53693,Hispanic,Single,Fully Meets,1,2889,10-06-2023,2,2,1,13-10-2022,Customer Service,Internal,Passed,2,817.04,MatiasBarton,34,Terminated,25-34,2023,June,1,1.67,3.75,3-5 yr
Caitlyn,Vaughan,07-10-2022,,Production Technician I,TNS,Full-Time,Zone A,Full-Time,Unk,Production,General - Sga,20-07-1988,MA,Director,Male,89622,Black,Single,Fully Meets,2,2890,17-01-2023,3,5,5,10-10-2022,Technical Skills,Internal,Completed,5,838.84,CaitlynVaughan,34,Active,25-34,,,1,4.33,0.28,0-1 yr
Addyson,Pollard,11-08-2021,07-11-2021,Production Technician I,PYZ,Contract,Zone A,Temporary,Resignation,Production,Wireline Construction,16-08-1995,MA,Laborer,Male,7700,Black,Widowed,Fully Meets,1,2891,27-05-2023,5,2,3,31-12-2022,Technical Skills,External,Incomplete,4,767.51,AddysonPollard,27,Terminated,25-34,2021,November,0,3.33,0.24,0-1 yr
Laila,Wiggins,10-04-2021,01-11-2022,Production Technician I,WBL,Contract,Zone A,Full-Time,Resignation,Production,Catv,06-12-1960,MA,Lineman,Male,26250,Hispanic,Divorced,Fully Meets,2,2892,05-02-2023,2,1,5,10-08-2022,Technical Skills,External,Passed,5,990.52,LailaWiggins,62,Terminated,55+,2022,November,1,2.67,1.56,1-3 yr
Terrance,Wiggins,24-02-2022,,Production Technician I,NEL,Full-Time,Zone A,Temporary,Unk,Production,Field Operations,25-01-1945,MA,Foreman,Male,73855,White,Divorced,Fully Meets,2,2893,14-10-2022,3,1,1,05-06-2023,Leadership Development,Internal,Completed,5,205.24,TerranceWiggins,77,Active,55+,,,1,1.67,0.64,0-1 yr
Aliza,Pace,01-07-2022,,Production Technician I,PL,Part-Time,Zone B,Full-Time,Unk,Production,Field Operations,22-07-1949,MA,Foreman,Male,34327,White,Single,Fully Meets,4,2894,20-01-2023,1,4,4,30-06-2023,Customer Service,Internal,Completed,5,203.06,AlizaPace,73,Active,55+,,,1,3,0.56,0-1 yr
Mauricio,Stein,04-04-2023,20-06-2023,Production Technician I,BPC,Full-Time,Zone A,Temporary,Voluntary,Production,Field Operations,11-04-1998,MA,Top Hand,Male,9647,Asian,Married,Fully Meets,2,2895,31-05-2023,1,2,5,15-11-2022,Project Management,External,Incomplete,4,555.6,MauricioStein,25,Terminated,25-34,2023,June,0,2.67,0.21,0-1 yr
Gia,Winters,25-10-2021,,Production Technician I,CCDR,Full-Time,Zone B,Part-Time,Unk,Production,Field Operations,28-11-1979,MA,Laborer,Male,68059,Other,Divorced,Fully Meets,4,2896,01-07-2023,5,4,1,01-07-2023,Technical Skills,Internal,Passed,5,794.92,GiaWinters,43,Active,35-44,,,1,3.33,1.68,1-3 yr
Aidyn,Cuevas,04-03-2022,02-07-2023,Production Technician I,SVG,Full-Time,Zone C,Part-Time,Voluntary,Production,Field Operations,10-06-1963,MA,Mechanic,Female,48860,Hispanic,Widowed,Fully Meets,4,2897,04-04-2023,3,5,2,26-11-2022,Leadership Development,Internal,Passed,2,926.17,AidynCuevas,59,Terminated,55+,2023,July,1,3.33,1.33,1-3 yr
Angel,Santos,20-12-2019,,Production Technician I,EW,Contract,Zone A,Full-Time,Unk,Production,Field Operations,09-01-1987,MA,Coordinator,Female,53945,Other,Single,Fully Meets,4,2898,20-11-2022,1,4,3,22-06-2023,Leadership Development,Internal,Completed,1,832.37,AngelSantos,35,Active,35-44,,,1,2.67,2.92,1-3 yr
Johnathan,Huerta,11-09-2020,31-03-2022,Production Technician I,MSC,Part-Time,Zone B,Part-Time,Resignation,Production,Project Management - Con,29-04-1992,MA,Coordinator,Male,26846,Other,Single,Fully Meets,5,2899,24-10-2022,1,5,3,26-03-2023,Leadership Development,Internal,Completed,5,128.8,JohnathanHuerta,30,Terminated,25-34,2022,March,1,3,1.55,1-3 yr
Katelyn,Garner,31-10-2021,12-07-2023,Production Technician I,TNS,Part-Time,Zone B,Temporary,Resignation,Production,General - Con,01-10-1952,MA,Locator,Male,32806,White,Widowed,Exceeds,2,2900,29-10-2022,1,4,1,16-01-2023,Customer Service,External,Passed,4,255.02,KatelynGarner,70,Terminated,55+,2023,July,1,2,1.69,1-3 yr
Deshawn,Ayers,21-10-2018,24-04-2019,Production Technician I,PYZ,Part-Time,Zone A,Part-Time,Involuntary,Production,Wireline Construction,21-12-1991,MA,Foreman,Female,52065,White,Single,Fully Meets,4,2901,20-05-2023,1,4,5,13-07-2023,Leadership Development,Internal,Incomplete,4,674.34,DeshawnAyers,31,Terminated,25-34,2019,April,0,3.33,0.51,0-1 yr
Siena,Meadows,07-01-2021,,Production Technician I,WBL,Part-Time,Zone B,Part-Time,Unk,Production,Field Operations,11-03-1961,MA,Laborer,Female,34499,Black,Widowed,Fully Meets,1,2902,23-10-2022,5,4,3,31-03-2023,Project Management,External,Incomplete,2,778.36,SienaMeadows,61,Active,55+,,,0,4,1.79,1-3 yr
Presley,Padilla,09-02-2023,07-05-2023,Production Technician I,NEL,Part-Time,Zone A,Full-Time,Resignation,Production,Engineers,26-02-1998,MA,Engineer,Male,14416,Asian,Single,Needs Improvement,5,2903,09-08-2022,3,3,5,22-06-2023,Customer Service,External,Failed,2,906.63,PresleyPadilla,24,Terminated,<25,2023,May,0,3.67,0.24,0-1 yr
Marquis,Atkinson,15-02-2020,20-10-2020,Production Technician I,PL,Full-Time,Zone A,Part-Time,Retirement,Production,Project Management - Con,05-10-1946,MA,Technician,Female,84227,Other,Widowed,Exceeds,4,2904,27-08-2022,4,2,4,06-05-2023,Technical Skills,External,Failed,4,986.01,MarquisAtkinson,75,Terminated,55+,2020,October,0,3.33,0.68,0-1 yr
Gillian,Williams,14-10-2022,,Production Technician II,PL,Full-Time,Zone C,Full-Time,Unk,Production,Yard (Material Handling),05-12-1973,MA,Warehouse,Male,96294,Asian,Divorced,Fully Meets,1,2905,10-09-2022,2,5,1,14-10-2022,Leadership Development,External,Passed,5,846.88,GillianWilliams,48,Active,45-54,,,1,2.67,-0.09,
Anabel,Hanna,02-10-2018,,Production Technician II,PYZ,Contract,Zone B,Part-Time,Unk,Production,Field Operations,11-02-1979,MA,Technician,Male,87232,Asian,Divorced,Needs Improvement,5,2906,15-07-2023,2,5,4,06-12-2022,Technical Skills,External,Incomplete,1,998.74,AnabelHanna,44,Active,35-44,,,0,3.67,4.78,3-5 yr
Celeste,Branch,22-06-2020,,Production Technician II,SVG,Full-Time,Zone C,Part-Time,Unk,Production,Yard (Material Handling),04-03-1962,MA,Supervisor,Male,38430,White,Widowed,Needs Improvement,4,2907,15-03-2023,1,4,5,12-02-2023,Communication Skills,External,Completed,4,510.69,CelesteBranch,61,Active,55+,,,1,3.33,2.73,1-3 yr
Shyanne,Cooper,19-03-2021,,Production Technician II,TNS,Contract,Zone C,Temporary,Unk,Production,Project Management - Con,06-04-1980,MA,Coordinator,Male,49657,Asian,Single,Exceeds,1,2908,14-05-2023,4,2,5,28-11-2022,Leadership Development,External,Passed,1,100.55,ShyanneCooper,43,Active,35-44,,,1,3.67,2.15,1-3 yr
Nancy,Barrett,28-03-2019,,Production Technician II,WBL,Full-Time,Zone C,Part-Time,Unk,Production,Field Operations,02-10-1941,MA,Laborer,Female,45022,Hispanic,Single,Needs Improvement,1,2909,13-02-2023,2,4,4,12-05-2023,Technical Skills,Internal,Passed,4,818.39,NancyBarrett,81,Active,55+,,,1,3.33,3.88,3-5 yr
Ronan,Burke,01-05-2022,,Production Technician II,BPC,Part-Time,Zone A,Full-Time,Unk,Production,Field Operations,10-01-1946,MA,Laborer,Female,89600,White,Divorced,Exceeds,1,2910,05-05-2023,5,1,3,19-09-2022,Technical Skills,Internal,Incomplete,1,763.78,RonanBurke,77,Active,55+,,,0,3,1.01,1-3 yr
Estrella,Ho,07-08-2018,,Production Technician I,TNS,Part-Time,Zone A,Full-Time,Unk,Production,Finance & Accounting,17-12-1952,MA,Administrative,Male,3468,Asian,Divorced,Exceeds,2,2911,27-10-2022,5,2,2,28-03-2023,Technical Skills,Internal,Passed,1,292.36,EstrellaHo,69,Active,55+,,,1,3,4.22,3-5 yr
Conor,Petty,01-05-2022,,Production Technician I,PYZ,Full-Time,Zone C,Temporary,Unk,Production,Project Management - Con,30-05-1962,MA,Field Project Manager,Male,72466,Black,Widowed,Needs Improvement,4,2912,07-07-2023,3,5,3,11-01-2023,Communication Skills,Internal,Completed,2,990.45,ConorPetty,61,Active,55+,,,1,3.67,1.18,1-3 yr
Cheyanne,Munoz,03-12-2019,,Production Technician I,WBL,Full-Time,Zone B,Part-Time,Unk,Production,Splicing,15-10-1950,MA,Splicer,Male,70198,Hispanic,Divorced,Needs Improvement,2,2913,05-05-2023,4,1,2,01-12-2022,Communication Skills,External,Completed,3,989.75,CheyanneMunoz,72,Active,55+,,,1,2.33,3.42,3-5 yr
Jaycee,Osborn,02-01-2020,03-08-2023,Production Technician I,NEL,Full-Time,Zone C,Part-Time,Retirement,Production,Splicing,02-12-1972,MA,Laborer,Male,56864,Hispanic,Widowed,Exceeds,2,2914,29-05-2023,5,3,3,15-10-2022,Communication Skills,Internal,Failed,1,194.13,JayceeOsborn,50,Terminated,45-54,2023,August,0,3.67,3.58,3-5 yr
Jordyn,Patel,30-04-2022,02-08-2023,Production Technician I,PL,Full-Time,Zone B,Part-Time,Involuntary,Production,Field Operations,03-09-1992,MA,Technician,Male,14468,Asian,Widowed,Exceeds,1,2915,29-04-2023,3,4,2,25-03-2023,Technical Skills,Internal,Incomplete,2,993.79,JordynPatel,30,Terminated,25-34,2023,August,0,3,1.26,1-3 yr
Michael,Acosta,04-07-2020,07-03-2021,Production Technician I,BPC,Part-Time,Zone C,Temporary,Resignation,Production,General - Sga,27-01-1953,MA,Administrator,Male,92604,White,Single,Needs Improvement,2,2916,20-02-2023,4,4,2,09-10-2022,Technical Skills,Internal,Incomplete,2,932.4,MichaelAcosta,70,Terminated,55+,2021,March,0,3.33,0.67,0-1 yr
Janiah,Ball,05-02-2020,,Production Technician I,CCDR,Contract,Zone A,Part-Time,Unk,Production,Field Operations,25-12-1991,MA,Technician,Male,79382,Other,Widowed,Exceeds,4,2917,17-01-2023,1,4,5,15-10-2022,Customer Service,External,Passed,3,636.37,JaniahBall,31,Active,25-34,,,1,3.33,2.95,1-3 yr
Brice,Medina,22-12-2018,21-07-2022,Production Technician I,SVG,Part-Time,Zone B,Full-Time,Retirement,Production,Field Operations,08-05-1979,MA,Lineman,Female,2719,Black,Widowed,Exceeds,4,2918,11-12-2022,4,3,1,28-08-2022,Project Management,External,Failed,1,333.03,BriceMedina,43,Terminated,35-44,2022,July,0,2.67,3.58,3-5 yr
Ismael,Bowers,21-04-2019,,Production Technician I,EW,Full-Time,Zone A,Part-Time,Unk,Production,Field Operations,07-11-1988,MA,Administrative,Female,29718,White,Single,Needs Improvement,5,2919,11-06-2023,5,1,2,23-04-2023,Technical Skills,Internal,Failed,1,195.63,IsmaelBowers,34,Active,25-34,,,0,2.67,4.14,3-5 yr
Caden,Silva,03-04-2020,,Production Technician I,MSC,Full-Time,Zone A,Part-Time,Unk,Production,Field Operations,11-02-1959,MA,Technician,Male,80589,Hispanic,Single,Exceeds,5,2920,04-02-2023,2,4,4,27-09-2022,Technical Skills,External,Completed,2,140.27,CadenSilva,64,Active,55+,,,1,3.33,2.84,1-3 yr
Yadira,Dean,22-09-2018,10-10-2019,Production Technician I,TNS,Full-Time,Zone B,Part-Time,Retirement,Production,Aerial,08-08-1957,MA,Lineman,Female,66834,Asian,Divorced,Exceeds,2,2921,15-03-2023,5,2,3,11-01-2023,Customer Service,External,Incomplete,1,465.54,YadiraDean,65,Terminated,55+,2019,October,0,3.33,1.05,1-3 yr
Miles,Roberts,14-10-2022,06-07-2023,Production Technician I,BPC,Part-Time,Zone B,Full-Time,Involuntary,Production,General - Con,25-04-1993,MA,Laborer,Female,69281,Other,Married,Exceeds,5,2922,29-04-2023,4,2,5,19-05-2023,Technical Skills,External,Incomplete,1,713.3,MilesRoberts,30,Terminated,25-34,2023,July,0,3.67,0.73,0-1 yr
Joel,Spence,12-02-2022,22-09-2022,Production Technician I,CCDR,Part-Time,Zone A,Part-Time,Voluntary,Production,Field Operations,01-07-1980,MA,Technician,Female,79321,White,Married,Needs Improvement,4,2923,06-05-2023,5,1,2,15-10-2022,Technical Skills,Internal,Failed,4,632.73,JoelSpence,42,Terminated,35-44,2022,September,0,2.67,0.61,0-1 yr
Kole,Garrison,23-03-2021,20-07-2023,Production Technician I,EW,Contract,Zone B,Part-Time,Retirement,Production,Field Operations,15-05-1979,MA,Foreman,Male,84575,Asian,Married,Exceeds,5,2924,16-05-2023,5,4,4,31-10-2022,Technical Skills,External,Failed,1,244.84,KoleGarrison,44,Terminated,35-44,2023,July,0,4.33,2.32,1-3 yr
Kaylin,Andersen,30-08-2018,11-07-2021,Production Technician II,CCDR,Part-Time,Zone B,Temporary,Involuntary,Production,General - Sga,18-09-1972,MA,Administrator,Male,65881,Other,Divorced,Exceeds,4,2925,30-07-2023,1,3,1,14-04-2023,Communication Skills,External,Failed,4,689.93,KaylinAndersen,50,Terminated,45-54,2021,July,0,1.67,2.86,1-3 yr
Yareli,Valdez,10-12-2022,02-07-2023,Production Technician II,SVG,Part-Time,Zone B,Temporary,Voluntary,Production,Field Operations,08-12-1999,MA,Driver,Male,27671,Black,Widowed,Needs Improvement,5,2926,10-09-2022,1,1,1,17-03-2023,Technical Skills,Internal,Failed,3,459.59,YareliValdez,22,Terminated,<25,2023,July,0,1,0.56,0-1 yr
Rubi,Sanford,04-02-2023,25-07-2023,Production Technician II,EW,Part-Time,Zone A,Part-Time,Voluntary,Production,General - Sga,18-02-1982,MA,Supervisor,Male,53549,Black,Divorced,Exceeds,1,2927,31-07-2023,4,2,2,15-10-2022,Technical Skills,External,Failed,4,597.54,RubiSanford,41,Terminated,35-44,2023,July,0,2.67,0.47,0-1 yr
Jayden,Bolton,10-01-2021,,Production Technician II,MSC,Full-Time,Zone B,Part-Time,Unk,Production,General - Con,12-04-1972,MA,Lineman,Female,49168,Hispanic,Divorced,Fully Meets,5,2928,28-08-2022,5,4,1,21-06-2023,Communication Skills,External,Incomplete,2,175.63,JaydenBolton,50,Active,45-54,,,0,3.33,1.63,1-3 yr
Izabella,Watson,19-08-2020,14-11-2021,Production Technician II,TNS,Full-Time,Zone B,Temporary,Voluntary,Production,Field Operations,05-06-1986,MA,Laborer,Female,70404,White,Widowed,Needs Improvement,2,2929,28-01-2023,1,3,4,23-09-2022,Project Management,Internal,Passed,5,120.14,IzabellaWatson,36,Terminated,35-44,2021,November,1,2.67,1.24,1-3 yr
Jon,Galvan,21-04-2023,,Production Technician II,PYZ,Part-Time,Zone A,Full-Time,Unk,Production,Wireless,20-03-1999,MA,Supervisor,Female,13746,Black,Widowed,Exceeds,2,2930,19-06-2023,1,4,2,23-02-2023,Technical Skills,External,Failed,5,871.29,JonGalvan,24,Active,<25,,,0,2.33,0.16,0-1 yr
Halle,Chan,29-01-2020,09-01-2021,Production Technician I,MSC,Full-Time,Zone B,Temporary,Retirement,Production,Field Operations,11-07-1969,MA,Technician,Male,12946,Hispanic,Single,Exceeds,2,2931,20-09-2022,5,4,4,23-07-2023,Leadership Development,External,Passed,1,485.84,HalleChan,53,Terminated,45-54,2021,January,1,4.33,0.95,0-1 yr
Braeden,Moss,19-08-2021,25-05-2023,Production Technician I,TNS,Part-Time,Zone A,Full-Time,Involuntary,Production,Finance & Accounting,13-01-1948,MA,Intern,Male,6449,Hispanic,Widowed,Fully Meets,4,2932,28-04-2023,4,4,3,17-05-2023,Communication Skills,External,Completed,2,275.36,BraedenMoss,75,Terminated,55+,2023,May,1,3.67,1.76,1-3 yr
Fernando,Mcdowell,18-03-2021,,Production Technician I,PYZ,Full-Time,Zone A,Part-Time,Unk,Production,Wireline Construction,13-03-1949,MA,Laborer,Male,52150,White,Single,Needs Improvement,1,2933,02-05-2023,3,1,4,02-07-2023,Communication Skills,External,Incomplete,3,933.67,FernandoMcdowell,74,Active,55+,,,0,2.67,2.12,1-3 yr
Triston,Ewing,24-10-2021,29-08-2022,Production Technician I,WBL,Contract,Zone B,Temporary,Resignation,Production,Field Operations,14-11-1963,MA,Laborer,Male,63659,Asian,Widowed,Fully Meets,2,2934,16-11-2022,4,3,1,14-03-2023,Technical Skills,Internal,Passed,4,927.08,TristonEwing,59,Terminated,55+,2022,August,1,2.67,0.85,0-1 yr
Pablo,Yates,03-10-2020,06-05-2023,Production Technician I,NEL,Contract,Zone B,Part-Time,Involuntary,Production,Wireline Construction,09-12-1995,MA,Groundman,Male,6131,White,Divorced,Fully Meets,5,2935,14-02-2023,5,1,1,25-07-2023,Communication Skills,External,Passed,4,395.52,PabloYates,27,Terminated,25-34,2023,May,1,2.33,2.59,1-3 yr
Jordan,Hayes,21-02-2023,,Production Technician I,PL,Contract,Zone C,Part-Time,Unk,Production,General - Con,15-09-1984,MA,Lineman,Male,80724,Asian,Married,Needs Improvement,1,2936,18-09-2022,4,3,1,23-12-2022,Leadership Development,Internal,Completed,3,123.26,JordanHayes,38,Active,35-44,,,1,2.67,-0.43,
Kianna,Wilkerson,01-08-2020,,Production Technician I,BPC,Contract,Zone A,Temporary,Unk,Production,Yard (Material Handling),23-07-1952,MA,Supervisor,Male,53421,Black,Married,Needs Improvement,2,2937,09-12-2022,1,4,4,25-07-2023,Leadership Development,Internal,Completed,3,198.45,KiannaWilkerson,70,Active,55+,,,1,3,2.35,1-3 yr
Paul,Steele,08-01-2023,10-05-2023,Production Technician I,CCDR,Full-Time,Zone C,Full-Time,Involuntary,Production,Aerial,11-12-1972,MA,Lineman,Male,43780,White,Married,Needs Improvement,1,2938,30-01-2023,2,5,1,18-05-2023,Communication Skills,Internal,Passed,2,478.07,PaulSteele,50,Terminated,45-54,2023,May,1,2.67,0.33,0-1 yr
Jason,Moyer,26-07-2022,08-11-2022,Production Technician I,SVG,Contract,Zone B,Full-Time,Resignation,Production,General - Eng,23-07-1980,MA,Administrative,Female,40426,Hispanic,Single,Needs Improvement,2,2939,13-04-2023,4,3,3,06-09-2022,Project Management,External,Completed,3,285.5,JasonMoyer,42,Terminated,35-44,2022,November,1,3.33,0.29,0-1 yr
Larissa,Taylor,31-08-2020,09-06-2023,Production Technician I,EW,Contract,Zone A,Part-Time,Resignation,Production,Yard (Material Handling),05-12-1972,MA,Supervisor,Female,2982,Black,Single,Needs Improvement,5,2940,18-04-2023,5,1,3,14-06-2023,Communication Skills,External,Passed,2,490.26,LarissaTaylor,50,Terminated,45-54,2023,June,1,3,2.77,1-3 yr
Aryanna,Larson,05-11-2022,22-02-2023,Production Technician I,MSC,Part-Time,Zone B,Full-Time,Involuntary,Production,Engineers,26-04-1994,MA,Engineer,Male,16333,Hispanic,Divorced,Needs Improvement,2,2941,14-12-2022,5,2,5,11-11-2022,Customer Service,Internal,Completed,3,828.68,AryannaLarson,28,Terminated,25-34,2023,February,1,4,0.3,0-1 yr
Eliana,Hammond,30-05-2019,08-01-2020,Production Technician I,TNS,Full-Time,Zone C,Part-Time,Retirement,Production,General - Sga,01-03-1949,MA,Technician,Female,21328,Black,Widowed,Needs Improvement,2,2942,17-10-2022,3,3,4,20-02-2023,Technical Skills,External,Incomplete,2,858.29,ElianaHammond,73,Terminated,55+,2020,January,0,3.33,0.61,0-1 yr
Adrien,Krause,09-12-2019,,Production Technician I,PYZ,Full-Time,Zone B,Part-Time,Unk,Production,General - Sga,14-02-1963,MA,Laborer,Female,26651,Other,Single,Needs Improvement,2,2943,18-10-2022,4,1,5,04-04-2023,Communication Skills,External,Completed,3,494.19,AdrienKrause,59,Active,55+,,,1,3.33,2.86,1-3 yr
Annie,Galloway,10-05-2019,,Production Technician I,WBL,Part-Time,Zone C,Part-Time,Unk,Production,General - Eng,08-04-1952,MA,Engineer,Female,62663,Other,Widowed,Needs Improvement,1,2944,21-05-2023,2,4,1,17-02-2023,Communication Skills,Internal,Passed,4,502.56,AnnieGalloway,71,Active,55+,,,1,2.33,4.03,3-5 yr
Kamryn,Mckinney,03-09-2019,18-03-2022,Production Technician I,NEL,Full-Time,Zone B,Temporary,Voluntary,Production,Aerial,21-08-1976,MA,Foreman,Male,26477,White,Widowed,Needs Improvement,4,2945,21-09-2022,4,2,1,01-07-2023,Communication Skills,External,Failed,5,826.82,KamrynMckinney,46,Terminated,45-54,2022,March,0,2.33,2.54,1-3 yr
Dahlia,Waller,13-09-2018,,Production Technician II,BPC,Contract,Zone A,Full-Time,Unk,Production,Splicing,29-06-1984,MA,Technician,Male,8439,Black,Divorced,Needs Improvement,2,2946,20-01-2023,4,5,3,12-07-2023,Leadership Development,Internal,Failed,4,655.83,DahliaWaller,38,Active,35-44,,,0,4,4.35,3-5 yr
Alonzo,Bradley,10-06-2021,,Production Technician II,CCDR,Part-Time,Zone C,Temporary,Unk,Production,Wireline Construction,18-08-1958,MA,Foreman,Male,11214,Asian,Divorced,Fully Meets,1,2947,11-02-2023,3,4,2,13-08-2022,Project Management,External,Incomplete,1,543.81,AlonzoBradley,64,Active,55+,,,0,3,1.67,1-3 yr
Harley,Soto,08-10-2019,16-06-2023,Production Technician II,SVG,Contract,Zone B,Temporary,Involuntary,Production,Shop (Fleet),29-10-1999,MA,Manager,Male,10150,Other,Single,Needs Improvement,2,2948,04-10-2022,2,4,5,01-11-2022,Technical Skills,Internal,Failed,1,482.47,HarleySoto,22,Terminated,<25,2023,June,0,3.67,3.69,3-5 yr
Belen,Vasquez,03-06-2021,14-04-2023,Production Technician II,EW,Contract,Zone A,Temporary,Voluntary,Production,Splicing,04-11-1957,MA,Splicer,Female,92718,Hispanic,Single,Fully Meets,4,2949,02-02-2023,2,2,2,09-03-2023,Communication Skills,Internal,Passed,3,310.41,BelenVasquez,65,Terminated,55+,2023,April,1,2,1.86,1-3 yr
Charlize,Rocha,14-09-2018,04-01-2019,Production Technician II,MSC,Part-Time,Zone C,Temporary,Involuntary,Production,People Services,04-01-1943,MA,Manager,Female,75308,White,Married,Needs Improvement,4,2950,21-08-2022,3,3,5,19-03-2023,Technical Skills,Internal,Completed,2,331.52,CharlizeRocha,79,Terminated,55+,2019,January,1,3.67,0.31,0-1 yr
Aleena,David,26-05-2019,,Production Technician II,TNS,Full-Time,Zone C,Part-Time,Unk,Production,General - Con,05-10-1943,MA,Foreman,Female,16532,Black,Widowed,Fully Meets,2,2951,31-05-2023,3,1,3,07-09-2022,Leadership Development,External,Passed,3,973.96,AleenaDavid,79,Active,55+,,,1,2.33,4.01,3-5 yr
Bridger,Alvarado,05-07-2019,,Production Technician II,PYZ,Contract,Zone C,Full-Time,Unk,Production,General - Eng,26-04-1952,MA,Technician,Female,16292,Black,Widowed,Fully Meets,4,2952,01-04-2023,5,3,2,08-05-2023,Communication Skills,Internal,Completed,3,149.09,BridgerAlvarado,70,Active,55+,,,1,3.33,3.74,3-5 yr
Cannon,Morgan,05-11-2019,,Production Technician I,TNS,Full-Time,Zone B,Full-Time,Unk,Production,Field Operations,19-03-1957,MA,Technician,Male,95723,Other,Widowed,Fully Meets,5,2953,01-06-2023,2,3,4,11-12-2022,Leadership Development,External,Incomplete,4,925.16,CannonMorgan,66,Active,55+,,,0,3,3.57,3-5 yr
Weston,Ramsey,22-07-2019,18-10-2021,Production Technician I,WBL,Part-Time,Zone B,Part-Time,Voluntary,Production,Field Operations,10-08-1955,MA,Coordinator,Female,10422,Black,Widowed,Fully Meets,2,2954,24-07-2023,5,2,1,23-10-2022,Project Management,External,Passed,2,833.13,WestonRamsey,68,Terminated,55+,2021,October,1,2.67,2.24,1-3 yr
Adison,Ray,21-09-2020,22-03-2023,Production Technician I,PYZ,Full-Time,Zone A,Part-Time,Retirement,Production,General - Con,14-06-1959,MA,Technician,Male,17669,Other,Married,Fully Meets,1,2955,12-06-2023,5,2,3,04-06-2023,Project Management,External,Failed,5,191.49,AdisonRay,64,Terminated,55+,2023,March,0,3.33,2.5,1-3 yr
Aarav,Espinoza,11-11-2019,,Production Technician I,WBL,Part-Time,Zone C,Full-Time,Unk,Production,Engineers,15-12-1999,MA,Project Manager,Male,51029,Hispanic,Widowed,Fully Meets,2,2956,06-02-2023,5,4,1,13-10-2022,Customer Service,External,Passed,3,474.15,AaravEspinoza,23,Active,<25,,,1,3.33,3.24,3-5 yr
Destiney,Barry,08-02-2021,,Production Technician I,NEL,Part-Time,Zone B,Temporary,Unk,Production,Field Operations,13-01-1960,MA,Foreman,Male,58080,Hispanic,Single,Fully Meets,1,2957,21-02-2023,1,3,4,30-08-2022,Project Management,External,Failed,1,550.42,DestineyBarry,63,Active,55+,,,0,2.67,2.03,1-3 yr
Ulises,Herring,01-06-2020,,Production Technician I,PL,Contract,Zone C,Full-Time,Unk,Production,People Services,09-04-1945,MA,Administration,Male,8328,Black,Divorced,Fully Meets,4,2958,16-05-2023,1,2,4,09-02-2023,Technical Skills,External,Incomplete,1,681.23,UlisesHerring,78,Active,55+,,,0,2.33,2.95,1-3 yr
Marquis,Cardenas,26-10-2022,01-11-2022,Production Technician I,BPC,Part-Time,Zone A,Temporary,Resignation,Production,Aerial,30-08-1942,MA,Lineman,Male,1015,Hispanic,Widowed,Fully Meets,2,2959,05-07-2023,1,5,2,06-07-2023,Customer Service,Internal,Incomplete,5,657.64,MarquisCardenas,80,Terminated,55+,2022,November,0,2.67,0.02,0-1 yr
Miya,Cruz,12-02-2019,17-04-2023,Production Technician I,CCDR,Full-Time,Zone C,Part-Time,Resignation,Production,General - Con,21-09-1976,MA,Technician,Female,30280,White,Divorced,Fully Meets,2,2960,23-09-2022,2,4,3,16-12-2022,Project Management,Internal,Incomplete,4,449.66,MiyaCruz,46,Terminated,45-54,2023,April,0,3,4.18,3-5 yr
Erin,Floyd,19-10-2022,22-07-2023,Production Technician I,SVG,Full-Time,Zone A,Full-Time,Voluntary,Production,Field Operations,20-12-1977,MA,Laborer,Female,24889,Asian,Divorced,Fully Meets,2,2961,12-02-2023,2,2,4,19-01-2023,Leadership Development,External,Passed,5,587.25,ErinFloyd,45,Terminated,45-54,2023,July,1,2.67,0.76,0-1 yr
Gerald,Johnston,12-12-2019,,Production Technician I,EW,Full-Time,Zone A,Full-Time,Unk,Production,Engineers,03-10-1982,MA,Technician,Female,2798,Hispanic,Single,Fully Meets,1,2962,19-12-2022,1,2,3,28-08-2022,Customer Service,Internal,Failed,2,198.55,GeraldJohnston,40,Active,35-44,,,0,2,3.02,3-5 yr
Kendrick,Snyder,29-11-2021,,Production Technician I,MSC,Full-Time,Zone B,Full-Time,Unk,Production,Field Operations,04-09-1975,MA,Driver,Male,1654,Other,Married,Fully Meets,2,2963,02-10-2022,1,3,2,08-06-2023,Customer Service,External,Completed,5,629.24,KendrickSnyder,47,Active,45-54,,,1,2,0.84,0-1 yr
Alyssa,Proctor,15-05-2021,,Production Technician I,TNS,Part-Time,Zone B,Full-Time,Unk,Production,Field Operations,02-06-1958,MA,Driller,Female,88998,Other,Divorced,Fully Meets,2,2964,15-12-2022,4,1,3,14-10-2022,Communication Skills,Internal,Incomplete,2,614.06,AlyssaProctor,64,Active,55+,,,0,2.67,1.59,1-3 yr
Manuel,Stout,27-01-2023,06-05-2023,Production Technician I,PYZ,Contract,Zone B,Temporary,Involuntary,Production,Field Operations,04-01-1957,MA,Driller,Female,90813,Hispanic,Divorced,Fully Meets,1,2965,13-07-2023,4,4,5,07-03-2023,Project Management,External,Completed,3,426.26,ManuelStout,66,Terminated,55+,2023,May,1,4.33,0.27,0-1 yr
Joanna,Bradley,03-07-2020,02-07-2023,Production Technician I,WBL,Full-Time,Zone A,Temporary,Voluntary,Production,Aerial,23-04-1961,MA,Laborer,Male,24429,White,Divorced,Fully Meets,4,2966,06-03-2023,5,2,5,17-10-2022,Project Management,Internal,Passed,5,197.73,JoannaBradley,61,Terminated,55+,2023,July,1,4,3,1-3 yr
Sade,Smith,26-12-2022,25-06-2023,Production Technician I,NEL,Full-Time,Zone A,Part-Time,Retirement,Production,Field Operations,06-12-1983,MA,Administrator,Female,2130,Other,Married,Fully Meets,4,2967,11-08-2022,2,3,1,21-07-2023,Customer Service,External,Incomplete,3,145.68,SadeSmith,38,Terminated,35-44,2023,June,0,2,0.5,0-1 yr
Lowan M,Biden,23-12-2018,,Production Technician I,CCDR,Part-Time,Zone B,Temporary,Unk,Production,General - Con,05-06-1981,MA,Technician,Female,2027,Black,Single,Fully Meets,4,2968,23-05-2023,1,5,4,20-11-2022,Customer Service,Internal,Failed,3,764.74,Lowan MBiden,41,Active,35-44,,,0,3.33,4.41,3-5 yr
Lauren,Peters,28-09-2020,16-10-2021,Production Technician II,WBL,Contract,Zone A,Part-Time,Voluntary,Production,General - Con,28-12-1987,MA,Laborer,Female,1886,Hispanic,Married,Fully Meets,2,2969,21-11-2022,4,5,5,18-10-2022,Customer Service,Internal,Passed,3,405.4,LaurenPeters,34,Terminated,25-34,2021,October,1,4.67,1.05,1-3 yr
Shenice,Gold,16-09-2020,10-09-2021,Production Technician I,MSC,Full-Time,Zone B,Temporary,Voluntary,Production,General - Con,30-04-1982,MA,Clerk,Female,2451,Hispanic,Widowed,Fully Meets,5,2970,23-10-2022,5,5,5,16-01-2023,Leadership Development,External,Failed,4,689.49,SheniceGold,40,Terminated,35-44,2021,September,0,5,0.98,0-1 yr
Brigit,McCarthy,09-02-2020,14-03-2021,Production Technician II,TNS,Contract,Zone C,Temporary,Involuntary,Production,Aerial,07-10-1996,MA,Splicer,Female,2149,White,Divorced,Fully Meets,1,2971,14-10-2022,3,5,4,12-04-2023,Project Management,Internal,Incomplete,2,141.14,BrigitMcCarthy,26,Terminated,25-34,2021,March,0,4,1.09,1-3 yr
Cherly,Robinson,13-02-2023,,Production Technician I,TNS,Full-Time,Zone B,Part-Time,Unk,Production,General - Con,03-04-1948,MA,Laborer,Female,1460,Other,Widowed,Fully Meets,1,2972,24-11-2022,3,4,3,01-03-2023,Leadership Development,Internal,Passed,1,788.69,CherlyRobinson,74,Active,55+,,,1,3.33,-0.22,
Jacquelyn,Williams,01-12-2019,,Production Technician I,SVG,Part-Time,Zone C,Part-Time,Unk,Production,General - Con,14-06-1951,MA,Flagger,Female,2109,Other,Married,Fully Meets,5,2973,09-12-2022,1,3,3,13-07-2023,Technical Skills,Internal,Failed,5,458.81,JacquelynWilliams,71,Active,55+,,,0,2.33,3.02,3-5 yr
Kayla,Peterson,04-11-2022,,Production Technician I,SVG,Full-Time,Zone C,Part-Time,Unk,Production,Field Operations,06-02-1945,MA,Laborer,Female,1749,Black,Single,Fully Meets,5,2974,26-11-2022,4,5,4,27-04-2023,Project Management,Internal,Passed,5,140.91,KaylaPeterson,77,Active,55+,,,1,4.33,0.06,0-1 yr
Bradley J,Knapp,14-04-2021,22-06-2022,Production Technician I,WBL,Full-Time,Zone A,Temporary,Voluntary,Production,Billable Consultants,17-06-1948,MA,Engineer,Male,1721,Asian,Married,Fully Meets,4,2975,29-12-2022,2,3,4,12-07-2023,Leadership Development,External,Completed,5,551.76,Bradley JKnapp,74,Terminated,55+,2022,June,1,3,1.19,1-3 yr
Richard,Newman,13-08-2021,12-10-2021,Production Technician I,TNS,Full-Time,Zone A,Temporary,Involuntary,Production,Field Operations,19-01-1992,MA,Laborer,Male,2136,Hispanic,Divorced,Fully Meets,1,2976,02-09-2022,4,3,1,09-06-2023,Communication Skills,Internal,Passed,5,720.1,RichardNewman,30,Terminated,25-34,2021,October,1,2.67,0.16,0-1 yr
Benjamin,Burkett,28-08-2020,,Production Technician II,NEL,Part-Time,Zone A,Temporary,Unk,Production,Yard (Material Handling),10-12-1987,MA,Supervisor,Male,1890,Black,Divorced,Fully Meets,2,2977,21-03-2023,2,4,3,01-04-2023,Project Management,Internal,Passed,4,640.05,BenjaminBurkett,35,Active,35-44,,,1,3,2.56,1-3 yr
Sam,Athwal,16-08-2022,,Production Technician I,CCDR,Full-Time,Zone C,Part-Time,Unk,Production,Yard (Material Handling),11-09-1981,MA,Supervisor,Male,2199,Hispanic,Divorced,Fully Meets,4,2978,29-08-2022,5,2,4,02-11-2022,Communication Skills,Internal,Failed,1,470.62,SamAthwal,40,Active,35-44,,,0,3.67,0.04,0-1 yr
Lauren,Mahoney,26-02-2022,,Production Technician I,PL,Full-Time,Zone A,Temporary,Unk,Production,Field Operations,16-06-2001,MA,Laborer,Female,2189,Other,Widowed,Fully Meets,2,2979,08-01-2023,4,5,4,10-06-2023,Leadership Development,External,Failed,4,257.87,LaurenMahoney,21,Active,<25,,,0,4.33,0.87,0-1 yr
Theresa,Tinto,30-12-2019,,Production Technician I,SVG,Part-Time,Zone A,Temporary,Unk,Production,General - Con,09-09-1957,MA,Technician,Female,1876,Hispanic,Divorced,Fully Meets,2,2980,06-02-2023,1,3,5,17-02-2023,Customer Service,External,Passed,4,970.09,TheresaTinto,65,Active,55+,,,1,3,3.1,3-5 yr
Caroline,Cierpiszewski,23-07-2022,06-03-2023,Production Technician I,TNS,Part-Time,Zone B,Full-Time,Voluntary,Production,Aerial,25-12-1979,MA,Foreman,Female,2044,Black,Single,Fully Meets,1,2981,21-09-2022,5,3,2,25-06-2023,Communication Skills,External,Completed,2,197.96,CarolineCierpiszewski,42,Terminated,35-44,2023,March,1,3.33,0.62,0-1 yr
Tanya,Foreman,14-10-2018,,Production Technician II,WBL,Full-Time,Zone B,Temporary,Unk,Production,Field Operations,24-01-1952,MA,Technician,Female,2170,Other,Married,Fully Meets,2,2982,13-09-2022,5,4,3,31-10-2022,Project Management,External,Failed,2,166.78,TanyaForeman,70,Active,55+,,,0,4,3.92,3-5 yr
Roger,Walker,20-02-2021,,Production Technician II,PL,Full-Time,Zone C,Temporary,Unk,Production,Splicing,15-04-1962,MA,Lineman,Male,2459,Hispanic,Widowed,Fully Meets,2,2983,01-07-2023,4,5,4,25-06-2023,Project Management,External,Passed,4,267.6,RogerWalker,61,Active,55+,,,1,4.33,2.36,1-3 yr
Tayana,Jeannite,28-03-2020,21-11-2020,Production Technician II,PYZ,Contract,Zone B,Temporary,Voluntary,Production,Engineers,03-04-1975,MA,Engineer,Female,1821,Black,Divorced,Fully Meets,5,2984,09-12-2022,4,1,1,24-05-2023,Project Management,Internal,Incomplete,1,671.21,TayanaJeannite,47,Terminated,45-54,2020,November,0,2,0.65,0-1 yr
Anthony,Heitzman,05-02-2019,10-07-2020,Production Technician I,SVG,Contract,Zone A,Part-Time,Retirement,Production,General - Sga,17-09-1970,MA,Supervisor,Male,2149,Hispanic,Married,Fully Meets,1,2985,14-07-2023,3,5,2,25-10-2022,Customer Service,Internal,Failed,4,813.43,AnthonyHeitzman,52,Terminated,45-54,2020,July,0,3.33,1.43,1-3 yr
Violeta,Ferreira,19-04-2023,,Production Technician I,NEL,Full-Time,Zone B,Temporary,Unk,Production,General - Eng,11-01-1971,MA,Coordinator,Female,2176,Asian,Single,Fully Meets,1,2986,12-07-2023,4,5,3,20-02-2023,Communication Skills,Internal,Completed,1,501.89,VioletaFerreira,52,Active,45-54,,,1,4,0.23,0-1 yr
Geoff,Dickinson,24-09-2020,,Production Technician I,TNS,Contract,Zone B,Full-Time,Unk,Production,Shop (Fleet),20-02-1966,MA,Welder,Male,2180,Other,Single,Fully Meets,4,2987,06-07-2023,4,3,3,20-01-2023,Leadership Development,External,Failed,4,133.4,GeoffDickinson,57,Active,55+,,,0,3.33,2.78,1-3 yr
Justice,Gentry,14-11-2020,15-01-2023,Production Technician I,MSC,Full-Time,Zone A,Part-Time,Resignation,Production,General - Con,18-01-1972,MA,Lineman,Male,85255,Hispanic,Married,Fully Meets,1,2988,15-07-2023,4,4,4,03-01-2023,Customer Service,Internal,Failed,4,312.8,JusticeGentry,51,Terminated,45-54,2023,January,0,4,2.17,1-3 yr
Kason,Kramer,16-09-2021,,Production Technician I,TNS,Contract,Zone B,Temporary,Unk,Production,Engineers,26-05-1942,MA,Project Manager,Female,75699,Hispanic,Widowed,Fully Meets,4,2989,18-06-2023,2,3,3,24-11-2022,Communication Skills,External,Failed,3,272.76,KasonKramer,81,Active,55+,,,0,2.67,1.75,1-3 yr
Alfredo,Perry,21-04-2019,,Production Technician I,PYZ,Full-Time,Zone C,Part-Time,Unk,Production,General - Con,28-05-1999,MA,Laborer,Female,64116,White,Single,Fully Meets,2,2990,21-05-2023,2,2,3,14-05-2023,Project Management,External,Passed,3,494.03,AlfredoPerry,23,Active,<25,,,1,2.33,4.08,3-5 yr
Skyler,Drake,13-03-2020,,Production Technician I,WBL,Contract,Zone A,Full-Time,Unk,Production,General - Con,17-03-1999,MA,Technician,Female,5676,White,Single,Exceeds,2,2991,23-08-2022,5,5,3,02-12-2022,Project Management,Internal,Completed,3,722.92,SkylerDrake,23,Active,<25,,,1,4.33,2.44,1-3 yr
Moshe,Copeland,16-04-2022,20-04-2023,Production Technician I,NEL,Full-Time,Zone A,Part-Time,Resignation,Production,Field Operations,18-10-1973,MA,Laborer,Female,59966,Asian,Married,Fully Meets,4,2992,07-12-2022,1,4,2,03-02-2023,Leadership Development,Internal,Passed,1,125.34,MosheCopeland,49,Terminated,45-54,2023,April,1,2.33,1.01,1-3 yr
Harley,Nunez,18-03-2019,23-11-2022,Production Technician I,PL,Full-Time,Zone A,Full-Time,Involuntary,Production,General - Con,07-01-1946,MA,Technician,Male,81311,White,Widowed,Fully Meets,4,2993,14-12-2022,5,5,1,03-11-2022,Communication Skills,Internal,Incomplete,3,559.24,HarleyNunez,76,Terminated,55+,2022,November,0,3.67,3.69,3-5 yr
Sammy,Walter,18-02-2022,,Production Technician I,BPC,Part-Time,Zone B,Temporary,Unk,Production,Engineers,10-05-1953,MA,Engineer,Male,14098,Other,Married,Fully Meets,4,2994,16-12-2022,5,5,3,14-12-2022,Project Management,External,Incomplete,1,936.24,SammyWalter,69,Active,55+,,,0,4.33,0.82,0-1 yr
Ronnie,Haas,03-09-2018,29-11-2018,Production Technician I,CCDR,Full-Time,Zone A,Full-Time,Resignation,Production,General - Con,17-10-1954,MA,Technician,Male,43823,Other,Single,Needs Improvement,4,2995,19-01-2023,1,5,2,03-07-2023,Technical Skills,Internal,Passed,1,440.35,RonnieHaas,68,Terminated,55+,2018,November,1,2.67,0.24,0-1 yr
Kira,Robertson,15-06-2022,16-08-2022,Production Technician I,SVG,Contract,Zone B,Temporary,Involuntary,Production,General - Con,30-09-1989,MA,Locator,Female,30175,Other,Widowed,Fully Meets,4,2996,27-08-2022,3,2,2,30-09-2022,Technical Skills,Internal,Passed,2,727.12,KiraRobertson,32,Terminated,25-34,2022,August,1,2.33,0.17,0-1 yr
Jaqueline,Ford,14-02-2022,,Production Technician I,EW,Contract,Zone B,Part-Time,Unk,Production,General - Con,30-06-1985,MA,Operator,Female,14649,Other,Married,Fully Meets,2,2997,30-11-2022,1,2,5,16-02-2023,Communication Skills,External,Completed,4,433.14,JaquelineFord,37,Active,35-44,,,1,2.67,0.79,0-1 yr
Trace,Cherry,09-07-2023,,Production Technician I,MSC,Contract,Zone C,Part-Time,Unk,Production,General - Con,02-06-1968,MA,Groundman,Male,19677,White,Widowed,Needs Improvement,1,2998,04-02-2023,4,3,3,17-10-2022,Customer Service,External,Failed,1,764.14,TraceCherry,54,Active,45-54,,,0,3.33,-0.42,
Travis,Cardenas,28-10-2018,04-08-2019,Production Technician I,TNS,Contract,Zone B,Part-Time,Voluntary,Production,Field Operations,16-03-1970,MA,Project Manager,Male,3588,Asian,Divorced,Fully Meets,2,2999,24-01-2023,2,1,4,14-06-2023,Customer Service,Internal,Passed,5,800.21,TravisCardenas,52,Terminated,45-54,2019,August,1,2.33,0.77,0-1 yr
Reyna,Hicks,09-07-2022,,Production Technician I,PYZ,Contract,Zone B,Full-Time,Unk,Production,Isp,27-09-1973,MA,Technician,Male,52789,Other,Single,Fully Meets,1,3000,17-07-2023,2,2,5,11-05-2023,Technical Skills,External,Incomplete,2,172.72,ReynaHicks,49,Active,45-54,,,0,3,1.02,1-3 yr
Trent,Sandoval,27-09-2018,12-12-2022,Production Technician I,WBL,Full-Time,Zone C,Part-Time,Retirement,Production,General - Con,15-10-1942,MA,Laborer,Male,5140,Asian,Widowed,Fully Meets,5,3001,13-04-2023,5,4,3,26-12-2022,Communication Skills,Internal,Passed,5,346.93,TrentSandoval,80,Terminated,55+,2022,December,1,4,4.21,3-5 yr
Reginald,Dougherty,27-10-2020,,Production Technician II,BPC,Full-Time,Zone A,Part-Time,Unk,Production,General - Con,16-05-1991,MA,Laborer,Female,55498,White,Widowed,Fully Meets,2,3002,10-09-2022,3,3,3,05-02-2023,Leadership Development,Internal,Passed,4,247.81,ReginaldDougherty,31,Active,25-34,,,1,3,1.87,1-3 yr
Paul,Greer,01-10-2021,,Production Technician II,CCDR,Full-Time,Zone A,Part-Time,Unk,Production,Field Operations,31-08-1990,MA,Groundman,Female,40722,Other,Single,Fully Meets,5,3003,17-01-2023,4,3,5,16-11-2022,Technical Skills,Internal,Passed,4,144.84,PaulGreer,32,Active,25-34,,,1,4,1.3,1-3 yr
Tiara,Velez,29-08-2019,19-06-2022,Production Technician II,EW,Full-Time,Zone B,Full-Time,Retirement,Production,General - Con,24-01-1996,MA,Laborer,Female,77466,Asian,Divorced,Fully Meets,5,3004,21-10-2022,4,3,4,07-03-2023,Technical Skills,Internal,Incomplete,1,183.63,TiaraVelez,26,Terminated,25-34,2022,June,0,3.67,2.81,1-3 yr
Mareli,Wilson,29-12-2020,,Production Technician II,MSC,Contract,Zone C,Part-Time,Unk,Production,General - Con,20-01-1943,MA,Technician,Female,57657,Hispanic,Widowed,Fully Meets,2,3005,18-01-2023,4,5,1,21-03-2023,Communication Skills,Internal,Passed,5,997.4,MareliWilson,80,Active,55+,,,1,3.33,2.05,1-3 yr
Efrain,Underwood,04-10-2022,,Production Technician II,NEL,Part-Time,Zone C,Full-Time,Unk,Production,Field Operations,26-07-1968,MA,Laborer,Female,88958,Asian,Single,Fully Meets,1,3006,28-02-2023,3,5,2,13-05-2023,Communication Skills,External,Passed,3,415.18,EfrainUnderwood,54,Active,45-54,,,1,3.33,0.4,0-1 yr
Madeline,Powell,21-03-2019,25-09-2022,Production Technician II,PL,Part-Time,Zone A,Full-Time,Resignation,Production,General - Con,13-10-1949,MA,Technician,Female,22812,Black,Married,Fully Meets,2,3007,15-05-2023,2,5,3,19-07-2023,Customer Service,External,Incomplete,5,147.35,MadelinePowell,73,Terminated,55+,2022,September,0,3.33,3.52,3-5 yr
Alfred,Goodman,03-04-2020,27-12-2021,Production Technician II,PYZ,Full-Time,Zone A,Full-Time,Involuntary,Production,General - Sga,06-03-1977,MA,Construction Manager,Female,96960,Black,Widowed,Fully Meets,4,3008,09-04-2023,2,1,4,15-03-2023,Leadership Development,Internal,Incomplete,3,967.08,AlfredGoodman,46,Terminated,45-54,2021,December,0,2.33,1.73,1-3 yr
Aracely,Kelly,02-06-2019,14-07-2021,Production Technician I,EW,Part-Time,Zone C,Part-Time,Resignation,Production,Billable Consultants,01-05-1997,MA,Engineer,Male,14887,White,Married,Fully Meets,2,3009,27-10-2022,1,2,4,20-11-2022,Leadership Development,Internal,Incomplete,4,637.86,AracelyKelly,25,Terminated,25-34,2021,July,0,2.33,2.12,1-3 yr
Morgan,Velazquez,31-05-2019,04-09-2020,Production Technician I,MSC,Part-Time,Zone C,Temporary,Retirement,Production,General - Con,15-03-1947,MA,Flagger,Male,33080,Other,Married,Fully Meets,1,3010,19-11-2022,1,5,5,11-09-2022,Project Management,External,Failed,3,299.13,MorganVelazquez,75,Terminated,55+,2020,September,0,3.67,1.26,1-3 yr
Isla,Becker,06-01-2020,04-05-2020,Production Technician I,TNS,Part-Time,Zone A,Full-Time,Involuntary,Production,Engineers,11-02-1954,MA,Engineer,Female,51348,Hispanic,Widowed,Fully Meets,5,3011,07-12-2022,4,4,3,11-10-2022,Leadership Development,External,Incomplete,3,935.75,IslaBecker,68,Terminated,55+,2020,May,0,3.67,0.33,0-1 yr
Scott,Sanford,19-08-2018,18-02-2021,Production Technician I,BPC,Contract,Zone A,Temporary,Retirement,Production,General - Sga,28-05-1950,MA,Manager,Female,3143,Asian,Single,Exceeds,1,3012,22-01-2023,3,5,1,22-09-2022,Technical Skills,External,Failed,3,494.02,ScottSanford,72,Terminated,55+,2021,February,0,3,2.5,1-3 yr
Deja,Ritter,18-05-2019,,Production Technician I,CCDR,Full-Time,Zone C,Full-Time,Unk,Production,Splicing,25-03-1982,MA,Splicer,Female,35422,Asian,Widowed,PIP,1,3013,13-07-2023,5,2,4,23-05-2023,Leadership Development,Internal,Incomplete,4,776.3,DejaRitter,41,Active,35-44,,,0,3.67,4.15,3-5 yr
Amelia,Gamble,23-11-2022,09-12-2022,Production Technician I,EW,Contract,Zone B,Temporary,Resignation,Production,Field Operations,17-07-1967,MA,Flagger,Male,81914,Hispanic,Single,PIP,2,3014,19-03-2023,3,4,2,01-02-2023,Leadership Development,Internal,Completed,3,326.37,AmeliaGamble,55,Terminated,55+,2022,December,1,3,0.04,0-1 yr
Pranav,Middleton,02-12-2020,,Production Technician I,MSC,Part-Time,Zone C,Part-Time,Unk,Production,General - Sga,14-06-1976,MA,Clerk,Male,56005,Hispanic,Single,PIP,2,3015,04-12-2022,5,5,5,18-11-2022,Customer Service,External,Completed,1,108.95,PranavMiddleton,46,Active,45-54,,,1,5,2,1-3 yr
Moshe,Hunter,05-01-2022,,Production Technician I,NEL,Part-Time,Zone A,Part-Time,Unk,Production,Finance & Accounting,02-07-2000,MA,Accounting,Male,19295,Black,Widowed,PIP,4,3016,29-11-2022,3,1,2,26-01-2023,Communication Skills,Internal,Completed,4,550.9,MosheHunter,22,Active,<25,,,1,2,0.9,0-1 yr
Arjun,Gibson,16-04-2023,04-08-2023,Production Technician I,PL,Full-Time,Zone B,Full-Time,Voluntary,Production,Field Operations,12-12-1994,MA,Laborer,Female,89360,Other,Divorced,PIP,5,3017,28-09-2022,3,5,3,19-08-2022,Technical Skills,Internal,Incomplete,4,795.89,ArjunGibson,27,Terminated,25-34,2023,August,0,3.67,0.3,0-1 yr
Alaina,Jenkins,10-10-2020,23-06-2023,Production Technician I,PYZ,Contract,Zone C,Part-Time,Retirement,Production,Project Management - Con,13-06-1974,MA,Manager,Female,77355,Black,Widowed,PIP,2,3018,13-09-2022,1,1,4,02-04-2023,Communication Skills,External,Passed,1,980.49,AlainaJenkins,48,Terminated,45-54,2023,June,1,2,2.7,1-3 yr
Elyse,Morrow,15-04-2022,04-07-2023,Production Technician I,SVG,Contract,Zone B,Full-Time,Voluntary,Production,Finance & Accounting,21-09-1979,MA,Administrative,Female,26467,Asian,Married,PIP,2,3019,11-09-2022,3,4,2,18-11-2022,Technical Skills,External,Failed,1,155.46,ElyseMorrow,43,Terminated,35-44,2023,July,0,3,1.22,1-3 yr
Lincoln,Brady,25-07-2023,,Production Technician I,TNS,Part-Time,Zone C,Part-Time,Unk,Production,General - Con,07-01-1944,MA,Technician,Male,8903,Black,Widowed,PIP,2,3020,28-07-2023,2,5,1,19-06-2023,Project Management,External,Completed,2,367.74,LincolnBrady,79,Active,55+,,,1,2.67,0.01,0-1 yr
Allisson,Braun,31-08-2020,,Production Technician I,WBL,Contract,Zone A,Temporary,Unk,Production,Wireline Construction,14-05-1987,MA,Administrative,Male,95247,Other,Single,PIP,2,3021,19-10-2022,5,3,4,04-08-2023,Customer Service,External,Passed,3,115.55,AllissonBraun,35,Active,35-44,,,1,4,2.13,1-3 yr
Leonel,Chang,10-10-2018,17-05-2020,Production Technician I,BPC,Full-Time,Zone C,Full-Time,Retirement,Production,Splicing,16-07-1976,MA,Laborer,Male,23955,Other,Married,PIP,1,3022,05-02-2023,2,2,3,15-12-2022,Communication Skills,External,Completed,3,848.52,LeonelChang,46,Terminated,45-54,2020,May,1,2.33,1.6,1-3 yr
Marshall,Lucas,15-01-2019,03-04-2021,Production Technician II,TNS,Contract,Zone B,Part-Time,Retirement,Production,General - Con,30-01-1958,MA,Technician,Female,46410,Black,Widowed,PIP,2,3023,19-09-2022,3,5,3,04-05-2023,Project Management,Internal,Passed,5,321.61,MarshallLucas,64,Terminated,55+,2021,April,1,3.67,2.21,1-3 yr
Haiden,Scott,26-12-2021,,Production Technician II,BPC,Contract,Zone A,Full-Time,Unk,Production,Project Management - Con,28-03-1962,MA,Supervisor,Female,51804,Hispanic,Widowed,Fully Meets,2,3024,05-03-2023,4,5,5,21-12-2022,Technical Skills,External,Passed,4,957.12,HaidenScott,60,Active,55+,,,1,4.67,1.19,1-3 yr
Kyan,Miranda,23-05-2022,,Production Technician II,CCDR,Contract,Zone C,Temporary,Unk,Production,Project Management - Con,29-03-1999,MA,Technician,Female,10677,Black,Married,Fully Meets,1,3025,25-01-2023,3,4,5,27-08-2022,Communication Skills,External,Incomplete,3,177.63,KyanMiranda,23,Active,<25,,,0,4,0.68,0-1 yr
Ayanna,Garrison,23-08-2022,,Production Technician II,EW,Contract,Zone C,Part-Time,Unk,Production,Project Management - Con,05-08-1943,MA,Lineman,Female,80801,Asian,Divorced,Fully Meets,2,3026,17-10-2022,3,2,4,02-11-2022,Customer Service,External,Passed,3,864.03,AyannaGarrison,79,Active,55+,,,1,3,0.15,0-1 yr
Alan,Woods,27-05-2023,28-07-2023,Production Technician II,MSC,Part-Time,Zone A,Full-Time,Voluntary,Production,General - Eng,08-05-1943,MA,Administrative,Female,7984,White,Single,Fully Meets,5,3027,17-02-2023,3,2,4,05-07-2023,Communication Skills,External,Incomplete,4,707.06,AlanWoods,79,Terminated,55+,2023,July,0,3,0.17,0-1 yr
Teagan,Phelps,10-08-2018,25-07-2021,Production Technician II,NEL,Contract,Zone B,Temporary,Resignation,Production,Engineers,02-05-2000,MA,Engineer,Female,32254,Asian,Married,Fully Meets,2,3028,01-04-2023,5,4,1,20-10-2022,Communication Skills,Internal,Completed,4,690.29,TeaganPhelps,22,Terminated,<25,2021,July,1,3.33,2.96,1-3 yr
Malachi,Burnett,24-10-2021,03-02-2023,Production Technician II,PL,Contract,Zone C,Full-Time,Voluntary,Production,Finance & Accounting,14-06-1959,MA,Clerk,Female,5819,Asian,Widowed,Fully Meets,4,3029,08-02-2023,1,1,3,03-07-2023,Project Management,External,Incomplete,1,721.83,MalachiBurnett,63,Terminated,55+,2023,February,0,1.67,1.28,1-3 yr
Kadin,Mcdowell,05-07-2022,03-01-2023,Production Technician II,PYZ,Full-Time,Zone C,Part-Time,Voluntary,Production,Wireline Construction,10-08-1953,MA,Laborer,Female,51064,White,Single,Fully Meets,1,3030,05-12-2022,2,2,5,24-12-2022,Technical Skills,Internal,Passed,2,287.34,KadinMcdowell,69,Terminated,55+,2023,January,1,3,0.5,0-1 yr
Reed,Brandt,22-01-2022,03-03-2023,Production Technician I,SVG,Contract,Zone B,Temporary,Resignation,Production,Project Management - Con,13-07-1960,MA,Supervisor,Male,88435,Asian,Married,Fully Meets,1,3031,20-12-2022,2,3,2,31-12-2022,Technical Skills,External,Incomplete,2,783.36,ReedBrandt,62,Terminated,55+,2023,March,0,2.33,1.11,1-3 yr
Cristofer,Schwartz,27-03-2023,23-07-2023,Production Technician I,EW,Part-Time,Zone A,Full-Time,Voluntary,Production,General - Con,10-11-1941,MA,Supervisor,Male,48042,Asian,Married,Fully Meets,2,3032,06-07-2023,1,3,2,28-10-2022,Technical Skills,External,Passed,1,709.78,CristoferSchwartz,81,Terminated,55+,2023,July,1,2,0.32,0-1 yr
Jaelynn,Salazar,26-08-2019,09-03-2022,Production Technician I,MSC,Contract,Zone C,Part-Time,Voluntary,Production,Engineers,17-03-1946,MA,Field Project Manager,Male,54212,White,Divorced,Fully Meets,2,3033,28-08-2022,3,3,5,08-01-2023,Customer Service,Internal,Incomplete,4,714.64,JaelynnSalazar,76,Terminated,55+,2022,March,0,3.67,2.54,1-3 yr
Macie,Hayes,16-10-2021,,Production Technician I,TNS,Full-Time,Zone B,Temporary,Unk,Production,Field Operations,04-05-1967,MA,Foreman,Female,26202,White,Single,Fully Meets,2,3034,11-10-2022,1,4,2,25-11-2022,Leadership Development,Internal,Passed,2,947.76,MacieHayes,55,Active,55+,,,1,2.33,0.99,0-1 yr
Rodney,Snow,14-06-2019,,Production Technician I,PYZ,Contract,Zone C,Temporary,Unk,Production,Engineers,14-09-1950,MA,Director,Female,33464,Other,Divorced,Fully Meets,1,3035,06-04-2023,2,4,5,09-05-2023,Customer Service,Internal,Completed,1,498.19,RodneySnow,72,Active,55+,,,1,3.67,3.81,3-5 yr
Reece,Potts,05-07-2020,,Production Technician I,WBL,Full-Time,Zone B,Temporary,Unk,Production,Technology / It,28-06-1957,MA,Administrator,Female,94333,White,Widowed,Fully Meets,2,3036,25-02-2023,1,4,2,19-06-2023,Technical Skills,Internal,Failed,3,516.4,ReecePotts,65,Active,55+,,,0,2.33,2.64,1-3 yr
Catalina,Eaton,02-03-2020,,Production Technician I,NEL,Full-Time,Zone C,Full-Time,Unk,Production,Field Operations,06-10-1989,MA,Director,Male,38200,Asian,Married,Fully Meets,4,3037,14-01-2023,3,4,2,01-05-2023,Leadership Development,Internal,Failed,5,374.69,CatalinaEaton,33,Active,25-34,,,0,3,2.87,1-3 yr
Heidi,Manning,11-11-2020,28-04-2021,Production Technician I,PL,Part-Time,Zone B,Temporary,Involuntary,Production,Field Operations,20-08-1955,MA,Laborer,Male,76217,White,Divorced,Fully Meets,2,3038,06-10-2022,5,5,5,17-08-2022,Customer Service,Internal,Incomplete,5,244.22,HeidiManning,67,Terminated,55+,2021,April,0,5,0.46,0-1 yr
Marquis,Johns,22-12-2019,,Production Technician I,BPC,Contract,Zone B,Temporary,Unk,Production,Project Management - Con,24-03-1966,MA,Supervisor,Female,91829,Other,Single,Fully Meets,5,3039,03-08-2023,4,2,1,05-01-2023,Leadership Development,Internal,Completed,2,130.81,MarquisJohns,57,Active,55+,,,1,2.33,3.61,3-5 yr
Areli,Torres,14-12-2020,,Production Technician I,CCDR,Full-Time,Zone A,Full-Time,Unk,Production,Field Operations,01-02-1984,MA,Groundman,Female,31946,White,Divorced,Fully Meets,5,3040,23-10-2022,5,1,4,30-12-2022,Technical Skills,Internal,Passed,5,321.03,AreliTorres,38,Active,35-44,,,1,3.33,1.86,1-3 yr
Rey,Morton,20-06-2020,,Production Technician I,SVG,Contract,Zone C,Full-Time,Unk,Production,General - Con,22-04-2000,MA,Laborer,Female,2308,White,Single,Fully Meets,2,3041,18-05-2023,5,5,4,28-07-2023,Project Management,Internal,Completed,4,354.82,ReyMorton,23,Active,<25,,,1,4.67,2.91,1-3 yr
Deven,Gillespie,09-06-2023,12-07-2023,Production Technician I,EW,Contract,Zone B,Temporary,Resignation,Production,Fielders,24-06-1961,MA,Engineer,Female,44194,White,Widowed,Exceeds,4,3042,13-01-2023,4,1,2,03-02-2023,Technical Skills,Internal,Incomplete,2,513.54,DevenGillespie,61,Terminated,55+,2023,July,0,2.33,0.09,0-1 yr
Rowan,Gilbert,25-09-2022,,Production Technician I,MSC,Contract,Zone C,Full-Time,Unk,Production,Catv,06-03-1963,MA,Supervisor,Male,48124,Black,Widowed,Exceeds,2,3043,01-05-2023,5,3,3,21-02-2023,Customer Service,External,Completed,5,658.12,RowanGilbert,60,Active,55+,,,1,3.67,0.6,0-1 yr
Cullen,Ruiz,26-08-2020,30-12-2020,Production Technician I,TNS,Contract,Zone B,Part-Time,Retirement,Production,General - Con,27-02-1966,MA,Laborer,Male,16165,White,Single,Exceeds,2,3044,07-06-2023,1,1,3,20-12-2022,Leadership Development,Internal,Passed,2,643.75,CullenRuiz,57,Terminated,55+,2020,December,1,1.67,0.34,0-1 yr
Kamron,Goodwin,28-08-2019,,Production Technician I,PYZ,Full-Time,Zone C,Temporary,Unk,Production,General - Eng,10-02-1968,MA,Engineer,Male,64494,Other,Single,Exceeds,2,3045,12-01-2023,5,4,1,03-03-2023,Communication Skills,External,Incomplete,2,290.75,KamronGoodwin,54,Active,45-54,,,0,3.33,3.38,3-5 yr
Claudia,Melton,02-06-2023,09-07-2023,Production Technician II,TNS,Part-Time,Zone A,Full-Time,Resignation,Production,Wireline Construction,05-06-1983,MA,Supervisor,Female,85307,Other,Single,Exceeds,4,3046,06-03-2023,2,5,3,14-01-2023,Communication Skills,Internal,Passed,2,767.56,ClaudiaMelton,39,Terminated,35-44,2023,July,1,3.33,0.1,0-1 yr
Francesca,Lowe,12-09-2018,,Production Technician II,PYZ,Full-Time,Zone C,Full-Time,Unk,Production,Engineers,03-10-1965,MA,Administrative,Female,33237,White,Married,Exceeds,5,3047,13-11-2022,4,2,1,13-06-2023,Customer Service,External,Passed,1,507.74,FrancescaLowe,57,Active,55+,,,1,2.33,4.17,3-5 yr
Violet,Horn,15-07-2023,,Production Technician II,WBL,Contract,Zone B,Part-Time,Unk,Production,Isp,13-03-1978,MA,Apprentice,Female,34381,White,Married,Fully Meets,2,3048,04-02-2023,2,2,3,08-01-2023,Customer Service,Internal,Completed,2,919.75,VioletHorn,44,Active,35-44,,,1,2.33,-0.44,
Carlie,Wagner,02-07-2023,25-07-2023,Production Technician II,NEL,Part-Time,Zone A,Temporary,Involuntary,Production,General - Con,12-05-1948,MA,Laborer,Female,96062,Asian,Married,Fully Meets,4,3049,10-10-2022,5,3,2,20-01-2023,Project Management,External,Incomplete,4,510.95,CarlieWagner,74,Terminated,55+,2023,July,0,3.33,0.06,0-1 yr
Harmony,Pruitt,10-02-2020,,Production Technician II,PL,Contract,Zone C,Full-Time,Unk,Production,Splicing,22-09-1970,MA,Splicer,Female,78746,White,Single,Fully Meets,4,3050,26-09-2022,1,3,4,06-11-2022,Project Management,External,Completed,2,826.19,HarmonyPruitt,52,Active,45-54,,,1,2.67,2.63,1-3 yr
Briley,Huerta,27-08-2021,01-05-2022,Production Technician II,BPC,Contract,Zone B,Temporary,Voluntary,Production,Underground,13-02-1972,MA,Lineman,Female,96336,Asian,Widowed,Fully Meets,5,3051,09-02-2023,3,5,5,02-05-2023,Leadership Development,External,Incomplete,1,992.48,BrileyHuerta,51,Terminated,45-54,2022,May,0,4.33,0.68,0-1 yr
Ean,Barajas,25-01-2020,05-02-2023,Production Technician II,CCDR,Full-Time,Zone A,Full-Time,Involuntary,Production,General - Sga,09-06-1948,MA,Project Coordinator,Female,60154,White,Single,Fully Meets,5,3052,22-07-2023,5,1,3,01-10-2022,Technical Skills,External,Incomplete,3,824.73,EanBarajas,75,Terminated,55+,2023,February,0,3,3.03,3-5 yr
Dayana,Gregory,26-03-2020,08-10-2021,Production Technician II,SVG,Part-Time,Zone A,Full-Time,Resignation,Production,General - Con,04-01-1958,MA,Lineman,Female,34734,Asian,Widowed,Fully Meets,2,3053,03-02-2023,2,1,3,04-07-2023,Communication Skills,External,Failed,2,588.35,DayanaGregory,65,Terminated,55+,2021,October,0,2,1.54,1-3 yr
Zaniyah,Mccarthy,23-10-2020,,Production Technician I,SVG,Contract,Zone C,Full-Time,Unk,Production,Field Operations,26-10-1949,MA,Laborer,Male,59668,White,Married,Fully Meets,1,3054,14-11-2022,5,5,2,07-06-2023,Leadership Development,External,Incomplete,5,144.66,ZaniyahMccarthy,73,Active,55+,,,0,4,2.06,1-3 yr
Matthias,Simon,27-12-2020,07-12-2021,Production Technician I,EW,Part-Time,Zone A,Part-Time,Retirement,Production,Field Operations,04-11-1987,MA,Technician,Male,83604,Other,Divorced,Fully Meets,2,3055,29-09-2022,5,1,3,05-04-2023,Technical Skills,Internal,Failed,3,833.23,MatthiasSimon,34,Terminated,25-34,2021,December,0,3,0.94,0-1 yr
Lyric,Butler,21-06-2022,,Production Technician I,MSC,Part-Time,Zone A,Temporary,Unk,Production,Wireless,29-10-1943,MA,Manager,Female,56056,Other,Divorced,Fully Meets,5,3056,08-04-2023,5,5,2,20-06-2023,Communication Skills,External,Passed,1,535.51,LyricButler,79,Active,55+,,,1,4,0.8,0-1 yr
Bridger,Duran,09-11-2022,09-07-2023,Production Technician I,TNS,Full-Time,Zone A,Temporary,Retirement,Production,General - Con,01-02-1988,MA,Laborer,Female,58387,Black,Divorced,Fully Meets,4,3057,06-02-2023,1,2,5,28-05-2023,Leadership Development,Internal,Completed,4,961.84,BridgerDuran,35,Terminated,35-44,2023,July,1,2.67,0.66,0-1 yr
Amirah,Cline,11-02-2019,30-07-2020,Production Technician I,PYZ,Part-Time,Zone A,Temporary,Involuntary,Production,Yard (Material Handling),19-08-1965,MA,Coordinator,Male,93290,Asian,Divorced,Fully Meets,1,3058,04-07-2023,4,1,1,17-03-2023,Leadership Development,Internal,Completed,1,193.58,AmirahCline,57,Terminated,55+,2020,July,1,2,1.46,1-3 yr
Izaiah,Gallagher,28-03-2021,,Production Technician I,WBL,Part-Time,Zone A,Temporary,Unk,Production,Project Management - Con,05-08-1972,MA,Coordinator,Female,73253,White,Widowed,Fully Meets,1,3059,28-03-2023,2,1,3,10-07-2023,Communication Skills,External,Completed,1,164.35,IzaiahGallagher,50,Active,45-54,,,1,2,2,1-3 yr
Marcelo,Galvan,29-08-2020,,Production Technician I,NEL,Part-Time,Zone A,Part-Time,Unk,Production,Yard (Material Handling),03-01-1951,MA,Coordinator,Male,13893,Asian,Widowed,Fully Meets,2,3060,14-09-2022,5,2,4,30-08-2022,Customer Service,Internal,Failed,3,165.67,MarceloGalvan,71,Active,55+,,,0,3.67,2.04,1-3 yr
Kaylynn,Odom,03-01-2023,05-08-2023,Production Technician I,PL,Part-Time,Zone C,Full-Time,Resignation,Production,Wireline Construction,26-09-1956,MA,Foreman,Male,51434,Other,Married,Fully Meets,4,3061,19-07-2023,5,1,3,10-09-2022,Technical Skills,External,Incomplete,5,602.56,KaylynnOdom,66,Terminated,55+,2023,August,0,3,0.59,0-1 yr
Oliver,Dalton,28-11-2022,,Production Technician I,BPC,Part-Time,Zone A,Temporary,Unk,Production,General - Con,16-11-1987,MA,Supervisor,Female,71004,Asian,Divorced,Fully Meets,1,3062,20-05-2023,3,4,1,26-07-2023,Leadership Development,Internal,Passed,1,312.91,OliverDalton,35,Active,35-44,,,1,2.67,0.47,0-1 yr
Patience,Henry,22-12-2021,03-08-2023,Production Technician I,CCDR,Contract,Zone B,Part-Time,Voluntary,Production,Field Operations,21-10-1983,MA,Supervisor,Female,46847,Other,Widowed,Fully Meets,5,3063,06-10-2022,1,5,1,28-09-2022,Project Management,External,Failed,3,767.52,PatienceHenry,38,Terminated,35-44,2023,August,0,2.33,1.61,1-3 yr
London,Pennington,08-07-2023,,Production Technician I,SVG,Contract,Zone A,Full-Time,Unk,Production,Field Operations,23-08-1962,MA,Laborer,Female,76345,Other,Divorced,Fully Meets,4,3064,02-12-2022,2,2,5,31-07-2023,Project Management,Internal,Incomplete,5,166.35,LondonPennington,60,Active,55+,,,0,3,-0.6,
Anna,Salazar,21-04-2021,21-09-2021,Production Technician I,EW,Part-Time,Zone A,Temporary,Resignation,Production,Field Operations,07-10-1976,MA,Tower Hand,Female,15364,Black,Divorced,Fully Meets,4,3065,01-12-2022,3,1,2,11-06-2023,Project Management,Internal,Incomplete,1,997.24,AnnaSalazar,46,Terminated,45-54,2021,September,0,2,0.42,0-1 yr
Vicente,Davis,28-07-2022,20-10-2022,Production Technician I,MSC,Full-Time,Zone B,Full-Time,Retirement,Production,Field Operations,12-04-1967,MA,Operator,Male,2005,Hispanic,Divorced,Fully Meets,1,3066,04-12-2022,5,4,1,18-10-2022,Communication Skills,External,Failed,3,258.73,VicenteDavis,55,Terminated,55+,2022,October,0,3.33,0.23,0-1 yr
Annabel,Lewis,05-11-2019,,Production Technician I,TNS,Part-Time,Zone B,Part-Time,Unk,Production,Field Operations,21-03-1982,MA,Technician,Male,50527,Hispanic,Single,Fully Meets,4,3067,26-12-2022,3,1,2,01-09-2022,Communication Skills,External,Completed,1,483.26,AnnabelLewis,40,Active,35-44,,,1,2,3.14,3-5 yr
Alana,Nunez,22-05-2022,08-12-2022,Production Technician I,PYZ,Full-Time,Zone A,Temporary,Resignation,Production,Finance & Accounting,02-05-1947,MA,Assistant,Male,21620,Asian,Single,Fully Meets,5,3068,12-05-2023,3,2,1,18-11-2022,Customer Service,External,Completed,3,261.81,AlanaNunez,76,Terminated,55+,2022,December,1,2,0.55,0-1 yr
Jaylen,Donaldson,19-10-2019,03-12-2021,Production Technician II,WBL,Full-Time,Zone A,Temporary,Involuntary,Production,General - Con,14-02-1999,MA,Clerk,Female,92533,White,Married,Fully Meets,4,3069,14-05-2023,1,2,3,10-05-2023,Technical Skills,External,Incomplete,1,767.33,JaylenDonaldson,24,Terminated,<25,2021,December,0,2,2.12,1-3 yr
Malakai,Shelton,25-12-2019,24-07-2021,Production Technician II,BPC,Full-Time,Zone C,Temporary,Involuntary,Production,Wireline Construction,05-05-1972,MA,Laborer,Female,7528,White,Divorced,Fully Meets,1,3070,15-04-2023,1,5,4,05-12-2022,Communication Skills,External,Failed,5,848.76,MalakaiShelton,50,Terminated,45-54,2021,July,0,3.33,1.58,1-3 yr
Erick,Wood,04-11-2022,26-11-2022,Production Technician II,CCDR,Full-Time,Zone B,Part-Time,Voluntary,Production,General - Con,26-01-1956,MA,Lineman,Female,34566,Black,Married,Fully Meets,2,3071,19-09-2022,1,4,2,30-05-2023,Project Management,External,Incomplete,4,647.01,ErickWood,66,Terminated,55+,2022,November,0,2.33,0.06,0-1 yr
Daniel,Frye,26-04-2023,30-05-2023,Production Technician II,EW,Full-Time,Zone B,Part-Time,Involuntary,Production,Wireless,15-02-1986,MA,Foreman,Female,48363,Asian,Divorced,Fully Meets,1,3072,01-11-2022,2,4,1,19-01-2023,Project Management,Internal,Failed,1,230.6,DanielFrye,36,Terminated,35-44,2023,May,0,2.33,0.09,0-1 yr
Jayvon,Simpson,26-10-2022,16-05-2023,Production Technician II,MSC,Contract,Zone A,Part-Time,Retirement,Production,General - Con,26-04-1987,MA,Laborer,Female,27147,Black,Single,Fully Meets,4,3073,03-01-2023,2,3,5,28-01-2023,Customer Service,Internal,Completed,1,681.4,JayvonSimpson,35,Terminated,35-44,2023,May,1,3.33,0.55,0-1 yr
Bryant,Singleton,14-07-2020,27-06-2022,Production Technician II,NEL,Contract,Zone A,Full-Time,Resignation,Production,Splicing,04-10-1963,MA,Splicer,Female,79280,Hispanic,Single,Fully Meets,1,3074,23-10-2022,1,3,2,03-07-2023,Leadership Development,Internal,Passed,1,356.98,BryantSingleton,59,Terminated,55+,2022,June,1,2,1.95,1-3 yr
Adam,Meza,12-03-2023,,Production Technician II,PL,Full-Time,Zone B,Part-Time,Unk,Production,Fielders,09-01-1969,MA,Engineer,Female,18316,Other,Single,Fully Meets,5,3075,20-07-2023,5,3,1,20-02-2023,Leadership Development,External,Completed,4,602.12,AdamMeza,54,Active,45-54,,,1,3,0.36,0-1 yr
Omari,Keller,26-04-2023,,Production Technician II,PYZ,Part-Time,Zone C,Full-Time,Unk,Production,General - Con,26-05-1998,MA,Foreman,Male,3738,White,Married,Fully Meets,5,3076,08-10-2022,2,1,5,14-11-2022,Communication Skills,External,Passed,5,547.83,OmariKeller,24,Active,<25,,,1,2.67,-0.55,
Asher,Miles,17-09-2022,12-06-2023,Production Technician I,CCDR,Contract,Zone A,Temporary,Involuntary,Production,General - Con,16-08-1958,MA,Clerk,Male,16185,Hispanic,Married,Fully Meets,1,3077,05-07-2023,2,1,2,31-10-2022,Project Management,External,Failed,3,726.88,AsherMiles,64,Terminated,55+,2023,June,0,1.67,0.73,0-1 yr
Makaila,Baxter,08-01-2021,01-04-2023,Production Technician I,SVG,Contract,Zone B,Part-Time,Voluntary,Production,General - Con,14-04-1960,MA,Foreman,Male,10871,Black,Widowed,Fully Meets,1,3078,28-01-2023,1,1,5,05-03-2023,Leadership Development,Internal,Completed,1,548.95,MakailaBaxter,62,Terminated,55+,2023,April,1,2.33,2.23,1-3 yr
Tommy,Carter,18-12-2020,16-09-2022,Production Technician I,EW,Part-Time,Zone B,Part-Time,Retirement,Production,Aerial,09-07-1973,MA,Engineer,Female,54361,Black,Single,Fully Meets,4,3079,12-11-2022,3,5,3,28-06-2023,Communication Skills,External,Completed,4,519.81,TommyCarter,49,Terminated,45-54,2022,September,1,3.67,1.74,1-3 yr
Zavier,Reese,12-09-2020,22-11-2022,Production Technician I,MSC,Contract,Zone B,Part-Time,Voluntary,Production,General - Con,19-06-1999,MA,Lineman,Female,82524,Hispanic,Widowed,Fully Meets,2,3080,05-02-2023,3,3,5,25-03-2023,Technical Skills,Internal,Incomplete,5,121.62,ZavierReese,23,Terminated,<25,2022,November,0,3.67,2.19,1-3 yr
Colt,Kemp,20-10-2020,,Production Technician I,TNS,Part-Time,Zone C,Part-Time,Unk,Production,Finance & Accounting,17-03-1980,MA,Controller,Male,18410,White,Widowed,Fully Meets,2,3081,20-04-2023,3,3,1,28-08-2022,Customer Service,Internal,Completed,2,316.38,ColtKemp,43,Active,35-44,,,1,2.33,2.5,1-3 yr
Marco,Robles,18-11-2022,,Production Technician I,PYZ,Part-Time,Zone A,Part-Time,Unk,Production,Field Operations,04-10-1988,MA,Manager,Female,53176,Other,Single,Fully Meets,1,3082,30-07-2023,4,3,4,15-05-2023,Project Management,External,Incomplete,4,696.51,MarcoRobles,34,Active,25-34,,,0,3.67,0.7,0-1 yr
Nick,Palmer,14-01-2023,,Production Technician I,WBL,Contract,Zone C,Full-Time,Unk,Production,Aerial,24-05-1967,MA,Laborer,Male,55790,Asian,Widowed,Fully Meets,2,3083,24-02-2023,4,4,3,08-05-2023,Technical Skills,External,Completed,2,413.66,NickPalmer,55,Active,55+,,,1,3.67,0.11,0-1 yr
Mekhi,Hopkins,27-10-2020,08-06-2022,Production Technician I,NEL,Part-Time,Zone A,Temporary,Voluntary,Production,General - Con,29-06-1996,MA,Clerk,Male,64716,Black,Widowed,Fully Meets,4,3084,06-12-2022,5,3,3,14-03-2023,Customer Service,External,Completed,5,109.14,MekhiHopkins,26,Terminated,25-34,2022,June,1,3.67,1.61,1-3 yr
Eileen,Oneal,29-08-2020,,Production Technician I,PL,Full-Time,Zone C,Full-Time,Unk,Production,Field Operations,04-03-1963,MA,Operator,Female,21299,Asian,Single,Fully Meets,2,3085,10-12-2022,4,3,5,23-02-2023,Technical Skills,External,Failed,2,855.84,EileenOneal,59,Active,55+,,,0,4,2.28,1-3 yr
Alani,Cooley,23-12-2019,05-08-2023,Production Technician I,BPC,Part-Time,Zone B,Temporary,Retirement,Production,Aerial,29-03-1987,MA,Foreman,Female,51176,Asian,Divorced,Fully Meets,1,3086,13-07-2023,4,2,2,27-06-2023,Communication Skills,Internal,Incomplete,2,288.09,AlaniCooley,36,Terminated,35-44,2023,August,0,2.67,3.62,3-5 yr
Corinne,Campos,03-07-2023,,Production Technician I,CCDR,Contract,Zone B,Part-Time,Unk,Production,Project Management - Con,08-02-1948,MA,Coordinator,Female,51274,Black,Married,Fully Meets,4,3087,23-08-2022,4,3,4,08-07-2023,Communication Skills,Internal,Passed,2,776.34,CorinneCampos,74,Active,55+,,,1,3.67,-0.86,
Heaven,Nelson,26-09-2022,,Production Technician I,SVG,Part-Time,Zone B,Part-Time,Unk,Production,Field Operations,20-03-1944,MA,Technician,Female,52777,Other,Married,Fully Meets,5,3088,05-11-2022,5,3,5,25-05-2023,Customer Service,External,Incomplete,3,732.88,HeavenNelson,78,Active,55+,,,0,4.33,0.11,0-1 yr
Baylee,Castaneda,09-05-2020,25-07-2023,Production Technician I,EW,Contract,Zone A,Temporary,Voluntary,Production,Field Operations,16-05-1963,MA,Laborer,Female,51728,Black,Single,Fully Meets,4,3089,08-06-2023,5,3,5,02-01-2023,Leadership Development,Internal,Failed,4,788.1,BayleeCastaneda,60,Terminated,55+,2023,July,0,4.33,3.21,3-5 yr
Morgan,Roth,08-03-2023,,Production Technician I,MSC,Part-Time,Zone B,Part-Time,Unk,Production,Field Operations,14-02-1957,MA,Foreman,Male,54485,Black,Married,Fully Meets,5,3090,15-01-2023,3,2,4,24-11-2022,Technical Skills,Internal,Incomplete,4,284.29,MorganRoth,65,Active,55+,,,0,3,-0.14,
Kali,Hensley,27-02-2019,31-08-2020,Production Technician I,TNS,Contract,Zone B,Part-Time,Involuntary,Production,Billable Consultants,06-03-1958,MA,Technician,Male,6649,White,Single,Fully Meets,5,3091,10-02-2023,2,2,4,10-11-2022,Project Management,External,Completed,5,872.29,KaliHensley,64,Terminated,55+,2020,August,1,2.67,1.51,1-3 yr
Beckett,Sandoval,12-01-2020,12-07-2023,Production Technician II,TNS,Contract,Zone A,Full-Time,Voluntary,Production,Field Operations,10-12-1979,MA,Lineman,Female,48374,Other,Married,Fully Meets,2,3092,15-04-2023,4,4,1,07-10-2022,Leadership Development,Internal,Passed,1,372.99,BeckettSandoval,43,Terminated,35-44,2023,July,1,3,3.5,3-5 yr
Isabell,Meadows,29-06-2019,10-01-2021,Production Technician II,PYZ,Full-Time,Zone B,Full-Time,Voluntary,Production,Splicing,21-09-1976,MA,Labor,Female,31227,Asian,Divorced,Fully Meets,2,3093,31-12-2022,3,4,5,25-04-2023,Communication Skills,Internal,Passed,5,229.87,IsabellMeadows,46,Terminated,45-54,2021,January,1,4,1.54,1-3 yr
Jordin,Alexander,15-07-2021,29-09-2021,Production Technician II,WBL,Contract,Zone C,Full-Time,Voluntary,Production,Engineers,18-10-1963,MA,Engineer,Female,84169,Other,Widowed,Fully Meets,1,3094,26-04-2023,2,3,1,01-03-2023,Project Management,Internal,Failed,2,544.31,JordinAlexander,59,Terminated,55+,2021,September,0,2,0.21,0-1 yr
Frederick,Carney,19-08-2022,,Production Technician II,NEL,Contract,Zone A,Part-Time,Unk,Production,Field Operations,11-03-1943,MA,Administrative,Female,69905,Other,Divorced,Fully Meets,4,3095,21-07-2023,5,2,3,26-08-2022,Communication Skills,Internal,Failed,4,461.79,FrederickCarney,80,Active,55+,,,0,3.33,0.92,0-1 yr
Baron,Lindsey,23-09-2019,09-04-2023,Production Technician II,PL,Contract,Zone B,Part-Time,Involuntary,Production,Engineers,07-09-1974,MA,Technician,Female,59014,Hispanic,Single,Fully Meets,5,3096,05-05-2023,1,3,2,29-04-2023,Technical Skills,Internal,Failed,1,108.99,BaronLindsey,48,Terminated,45-54,2023,April,0,2,3.54,3-5 yr
Rigoberto,Gentry,11-10-2020,06-01-2021,Production Technician II,BPC,Part-Time,Zone C,Temporary,Retirement,Production,Project Management - Con,11-06-1961,MA,Administrator,Female,97514,White,Married,Fully Meets,4,3097,08-09-2022,5,3,4,30-12-2022,Project Management,Internal,Incomplete,5,166.08,RigobertoGentry,61,Terminated,55+,2021,January,0,4,0.24,0-1 yr
Rayne,Chambers,18-08-2021,,Production Technician II,CCDR,Full-Time,Zone A,Full-Time,Unk,Production,Fielders,09-06-1944,MA,Technician,Male,20436,Black,Widowed,Fully Meets,4,3098,23-05-2023,3,5,4,04-10-2022,Leadership Development,External,Passed,1,801.69,RayneChambers,79,Active,55+,,,1,4,1.76,1-3 yr
Laila,Simmons,17-12-2022,,Production Technician I,CCDR,Full-Time,Zone A,Temporary,Unk,Production,Fielders,02-09-1965,MA,Engineer,Male,44977,Black,Divorced,Exceeds,4,3099,07-09-2022,5,4,4,31-05-2023,Technical Skills,Internal,Passed,4,355.34,LailaSimmons,57,Active,55+,,,1,4.33,-0.28,
Carsen,Schmidt,25-10-2020,28-12-2021,Production Technician I,SVG,Contract,Zone B,Temporary,Retirement,Production,General - Con,08-06-1950,MA,Laborer,Female,58513,White,Single,Fully Meets,5,3100,25-04-2023,1,5,2,16-07-2023,Technical Skills,External,Incomplete,4,136.94,CarsenSchmidt,72,Terminated,55+,2021,December,0,2.67,1.17,1-3 yr
Bethany,Mckay,23-01-2023,,Production Technician I,EW,Full-Time,Zone B,Full-Time,Unk,Production,General - Con,09-03-1961,MA,Technician,Female,79029,Asian,Single,Fully Meets,2,3101,08-06-2023,5,4,1,21-05-2023,Technical Skills,Internal,Completed,4,849.63,BethanyMckay,62,Active,55+,,,1,3.33,0.37,0-1 yr
Eden,Robles,15-03-2019,03-08-2022,Production Technician I,MSC,Full-Time,Zone C,Part-Time,Resignation,Production,Field Operations,10-10-1992,MA,Laborer,Male,11092,Black,Widowed,Exceeds,2,3102,01-01-2023,1,2,3,09-04-2023,Customer Service,Internal,Incomplete,5,524.34,EdenRobles,30,Terminated,25-34,2022,August,0,2,3.39,3-5 yr
Abel,Snow,06-07-2023,23-07-2023,Production Technician I,TNS,Full-Time,Zone A,Part-Time,Involuntary,Production,Field Operations,16-01-1960,MA,Supervisor,Male,87665,Asian,Single,Fully Meets,4,3103,26-01-2023,2,5,2,25-02-2023,Technical Skills,External,Failed,1,141.25,AbelSnow,63,Terminated,55+,2023,July,0,3,0.05,0-1 yr
Ashton,Winters,29-05-2022,,Production Technician I,PYZ,Contract,Zone C,Part-Time,Unk,Production,General - Con,14-01-1944,MA,Technician,Female,71716,Black,Married,Fully Meets,2,3104,11-10-2022,5,2,3,02-08-2023,Project Management,Internal,Incomplete,3,852.79,AshtonWinters,78,Active,55+,,,0,3.33,0.37,0-1 yr
Josie,Melton,07-06-2020,09-07-2022,Production Technician I,WBL,Full-Time,Zone B,Temporary,Resignation,Production,Fielders,12-05-1943,MA,Engineer,Male,86764,Black,Married,Fully Meets,1,3105,31-10-2022,2,1,2,30-08-2022,Technical Skills,External,Failed,3,805.93,JosieMelton,79,Terminated,55+,2022,July,0,1.67,2.09,1-3 yr
Bruno,Jimenez,21-03-2020,,Production Technician I,NEL,Part-Time,Zone A,Temporary,Unk,Production,Field Operations,30-03-2000,MA,Warehouse Manager,Male,33599,Hispanic,Divorced,Fully Meets,4,3106,29-04-2023,5,1,2,06-05-2023,Communication Skills,External,Incomplete,3,957.31,BrunoJimenez,23,Active,<25,,,0,2.67,3.1,3-5 yr
Elijah,Barr,21-06-2021,11-11-2022,Production Technician I,PL,Full-Time,Zone A,Temporary,Voluntary,Production,Wireline Construction,26-12-1971,MA,Operator,Female,5797,Black,Widowed,Fully Meets,4,3107,10-12-2022,2,1,4,16-05-2023,Leadership Development,Internal,Failed,1,855.26,ElijahBarr,50,Terminated,45-54,2022,November,0,2.33,1.39,1-3 yr
Oswaldo,Hanson,22-10-2021,12-05-2022,Production Technician I,BPC,Full-Time,Zone B,Temporary,Retirement,Production,General - Con,05-07-1945,MA,Laborer,Female,91007,Hispanic,Married,Fully Meets,2,3108,15-07-2023,1,4,1,07-07-2023,Customer Service,External,Completed,1,755.13,OswaldoHanson,78,Terminated,55+,2022,May,1,2,0.55,0-1 yr
Samara,Roberson,20-10-2018,,Production Technician I,CCDR,Full-Time,Zone A,Temporary,Unk,Production,Fielders,25-04-1999,MA,Engineer,Female,93749,White,Married,PIP,2,3109,06-10-2022,1,2,1,12-06-2023,Customer Service,External,Failed,1,260.84,SamaraRoberson,23,Active,<25,,,0,1.33,3.96,3-5 yr
Luis,Frazier,16-03-2022,,Production Technician I,SVG,Contract,Zone C,Full-Time,Unk,Production,Wireline Construction,11-02-1956,MA,Apprentice,Female,51909,Hispanic,Single,Fully Meets,2,3110,30-12-2022,1,2,1,29-10-2022,Technical Skills,External,Completed,3,299.97,LuisFrazier,66,Active,55+,,,1,1.33,0.79,0-1 yr
Jaquan,Hancock,13-12-2018,,Production Technician I,EW,Part-Time,Zone B,Temporary,Unk,Production,Field Operations,07-05-1958,MA,Technician,Female,71638,Other,Divorced,Fully Meets,1,3111,27-07-2023,2,5,2,06-06-2023,Leadership Development,Internal,Incomplete,1,374.9,JaquanHancock,65,Active,55+,,,0,3,4.62,3-5 yr
Emanuel,George,08-10-2021,11-08-2022,Production Technician I,MSC,Part-Time,Zone B,Full-Time,Involuntary,Production,Shop (Fleet),15-11-1946,MA,Mechanic,Male,85416,Asian,Single,Fully Meets,4,3112,20-02-2023,5,2,3,23-09-2022,Technical Skills,Internal,Passed,5,168.79,EmanuelGeorge,76,Terminated,55+,2022,August,1,3.33,0.84,0-1 yr
Giselle,Calderon,03-02-2019,02-04-2019,Production Technician II,TNS,Contract,Zone C,Full-Time,Voluntary,Production,Project Management - Con,02-07-1981,MA,Coordinator,Female,96092,White,Divorced,Fully Meets,4,3113,07-10-2022,5,2,5,19-11-2022,Leadership Development,Internal,Passed,5,236.27,GiselleCalderon,41,Terminated,35-44,2019,April,1,4,0.16,0-1 yr
Cullen,French,30-09-2018,,Production Technician II,PYZ,Contract,Zone C,Full-Time,Unk,Production,Isp,06-07-1957,MA,Technician,Female,46346,Asian,Divorced,Fully Meets,2,3114,24-08-2022,2,2,2,10-01-2023,Technical Skills,Internal,Passed,5,569.5,CullenFrench,65,Active,55+,,,1,2,3.9,3-5 yr
Braiden,Kirby,12-07-2021,17-08-2021,Production Technician II,WBL,Contract,Zone A,Temporary,Voluntary,Production,Project Management - Con,01-01-1964,MA,Supervisor,Female,10137,Hispanic,Divorced,Fully Meets,4,3115,29-06-2023,1,3,5,02-07-2023,Technical Skills,Internal,Incomplete,3,386.26,BraidenKirby,59,Terminated,55+,2021,August,0,3,0.1,0-1 yr
Johnathan,Harmon,04-03-2021,,Production Technician II,NEL,Part-Time,Zone B,Temporary,Unk,Production,Field Operations,24-10-1981,MA,Lineman,Female,97547,Hispanic,Married,Fully Meets,5,3116,18-03-2023,2,1,4,23-08-2022,Project Management,External,Failed,4,323.12,JohnathanHarmon,41,Active,35-44,,,0,2.33,2.04,1-3 yr
Camren,Bridges,27-10-2019,,Production Technician II,PL,Part-Time,Zone C,Part-Time,Unk,Production,General - Sga,14-12-1941,MA,Lineman,Female,48509,White,Married,Fully Meets,2,3117,30-08-2022,2,3,1,16-04-2023,Communication Skills,External,Passed,5,461.57,CamrenBridges,80,Active,55+,,,1,2,2.84,1-3 yr
Jeramiah,Chandler,28-01-2019,14-12-2020,Production Technician II,BPC,Part-Time,Zone A,Full-Time,Voluntary,Production,Catv,14-12-1956,MA,Technician,Female,48848,Black,Divorced,Fully Meets,2,3118,25-10-2022,3,2,3,06-11-2022,Technical Skills,External,Incomplete,2,543.74,JeramiahChandler,65,Terminated,55+,2020,December,0,2.67,1.88,1-3 yr
Dana,Stevenson,10-01-2021,,Production Technician I,NEL,Part-Time,Zone C,Part-Time,Unk,Production,General - Con,05-06-1993,MA,Laborer,Male,71016,Other,Single,Fully Meets,5,3119,23-12-2022,4,5,2,26-02-2023,Leadership Development,External,Passed,1,899.2,DanaStevenson,29,Active,25-34,,,1,3.67,1.95,1-3 yr
Angelique,Hogan,05-08-2021,02-03-2023,Production Technician I,PL,Part-Time,Zone A,Full-Time,Resignation,Production,Aerial,03-02-1946,MA,Lineman,Female,28645,Asian,Widowed,Fully Meets,4,3120,10-04-2023,1,5,3,05-07-2023,Project Management,External,Incomplete,2,144.25,AngeliqueHogan,77,Terminated,55+,2023,March,0,3,1.57,1-3 yr
Moriah,Dodson,07-11-2022,02-03-2023,Production Technician I,PYZ,Part-Time,Zone C,Full-Time,Retirement,Production,Project Management - Con,17-10-1949,MA,Project Manager,Female,58015,Black,Single,Fully Meets,4,3121,13-04-2023,4,1,3,22-04-2023,Leadership Development,External,Failed,1,854.54,MoriahDodson,73,Terminated,55+,2023,March,0,2.67,0.31,0-1 yr
Connor,Bray,23-01-2022,26-06-2022,Production Technician I,SVG,Contract,Zone C,Part-Time,Voluntary,Production,Project Management - Con,23-09-1946,MA,Project Manager,Female,18652,White,Single,Fully Meets,5,3122,03-04-2023,1,1,5,16-01-2023,Customer Service,External,Completed,4,107.47,ConnorBray,76,Terminated,55+,2022,June,1,2.33,0.42,0-1 yr
Zaiden,Leblanc,12-07-2021,,Production Technician I,TNS,Full-Time,Zone C,Part-Time,Unk,Production,Splicing,03-05-1951,MA,Project Manager,Male,94273,Hispanic,Married,Fully Meets,4,3123,12-07-2023,5,2,2,01-01-2023,Communication Skills,External,Failed,4,479,ZaidenLeblanc,72,Active,55+,,,0,3,2,1-3 yr
Taliyah,Yang,05-01-2019,04-11-2021,Production Technician I,WBL,Full-Time,Zone B,Part-Time,Resignation,Production,Engineers,28-08-1991,MA,Technician,Female,97060,White,Single,Fully Meets,5,3124,13-08-2022,2,4,2,02-09-2022,Customer Service,External,Passed,2,965.62,TaliyahYang,30,Terminated,25-34,2021,November,1,2.67,2.83,1-3 yr
Boston,Cochran,07-04-2020,21-03-2021,Production Technician I,PYZ,Part-Time,Zone C,Part-Time,Resignation,Production,Aerial,08-09-1992,MA,Laborer,Male,10433,Black,Divorced,Fully Meets,4,3125,08-07-2023,3,5,4,10-07-2023,Leadership Development,External,Passed,2,459.53,BostonCochran,30,Terminated,25-34,2021,March,1,4,0.95,0-1 yr
Amelia,Mueller,27-04-2022,,Production Technician I,WBL,Contract,Zone C,Full-Time,Unk,Production,Project Management - Con,02-07-1978,MA,Coordinator,Male,35212,Black,Divorced,Fully Meets,2,3126,19-08-2022,4,5,1,21-07-2023,Communication Skills,External,Passed,4,667.54,AmeliaMueller,44,Active,35-44,,,1,3.33,0.31,0-1 yr
Lillianna,Hull,14-06-2022,05-12-2022,Production Technician I,NEL,Part-Time,Zone A,Part-Time,Resignation,Production,Project Management - Con,26-10-1991,MA,Supervisor,Male,3213,White,Married,Fully Meets,2,3127,09-04-2023,4,5,5,19-02-2023,Project Management,External,Failed,5,309.74,LilliannaHull,31,Terminated,25-34,2022,December,0,4.67,0.48,0-1 yr
Laci,Frederick,13-01-2019,,Production Technician I,PL,Part-Time,Zone A,Temporary,Unk,Production,Field Operations,15-04-1974,MA,Technician,Female,7259,Black,Widowed,Fully Meets,2,3128,25-04-2023,3,5,4,28-02-2023,Communication Skills,Internal,Completed,1,830.63,LaciFrederick,49,Active,45-54,,,1,4,4.28,3-5 yr
Jayda,Chapman,21-06-2019,,Production Technician I,BPC,Full-Time,Zone A,Part-Time,Unk,Production,Underground,11-07-1985,MA,Laborer,Female,11631,Black,Widowed,Fully Meets,5,3129,31-03-2023,4,2,4,11-06-2023,Technical Skills,Internal,Incomplete,4,277.31,JaydaChapman,37,Active,35-44,,,0,3.33,3.78,3-5 yr
Kennedy,Beard,10-08-2020,14-01-2023,Production Technician I,CCDR,Part-Time,Zone A,Temporary,Voluntary,Production,Wireline Construction,09-05-1981,MA,Manager,Female,73890,Black,Widowed,Fully Meets,5,3130,28-12-2022,4,3,3,21-03-2023,Customer Service,Internal,Incomplete,3,501.5,KennedyBeard,41,Terminated,35-44,2023,January,0,3.33,2.43,1-3 yr
Alma,Hanna,13-04-2021,11-06-2022,Production Technician I,SVG,Contract,Zone C,Temporary,Resignation,Production,Wireline Construction,28-01-1954,MA,Laborer,Female,28053,Hispanic,Single,Fully Meets,2,3131,07-08-2022,3,2,5,15-01-2023,Leadership Development,Internal,Completed,3,937.85,AlmaHanna,68,Terminated,55+,2022,June,1,3.33,1.16,1-3 yr
Ximena,Suarez,27-04-2020,18-10-2022,Production Technician I,EW,Full-Time,Zone A,Full-Time,Involuntary,Production,Field Operations,20-09-1979,MA,Laborer,Female,12694,Asian,Divorced,Fully Meets,4,3132,19-06-2023,2,2,1,16-03-2023,Communication Skills,Internal,Incomplete,3,134.92,XimenaSuarez,43,Terminated,35-44,2022,October,0,1.67,2.48,1-3 yr
Aydin,Dixon,25-02-2022,02-03-2022,Production Technician I,MSC,Contract,Zone C,Part-Time,Resignation,Production,Project Management - Con,23-10-1958,MA,Coordinator,Male,83481,White,Married,Fully Meets,5,3133,21-09-2022,1,5,1,10-10-2022,Communication Skills,External,Incomplete,3,946.99,AydinDixon,63,Terminated,55+,2022,March,0,2.33,0.01,0-1 yr
Heidi,Joyce,06-12-2018,01-12-2022,Production Technician II,TNS,Part-Time,Zone C,Full-Time,Voluntary,Production,Fielders,15-04-1947,MA,Engineer,Female,2140,Hispanic,Married,Exceeds,5,3134,20-11-2022,3,2,1,18-03-2023,Technical Skills,External,Completed,4,945.68,HeidiJoyce,75,Terminated,55+,2022,December,1,2,3.99,3-5 yr
Elle,Spears,12-03-2020,06-06-2023,Production Technician II,BPC,Part-Time,Zone A,Temporary,Involuntary,Production,Project Management - Con,25-04-1993,MA,Administrative,Female,9790,White,Single,Fully Meets,4,3135,24-10-2022,1,2,1,28-01-2023,Communication Skills,Internal,Passed,5,142.21,ElleSpears,29,Terminated,25-34,2023,June,1,1.33,3.23,3-5 yr
Cesar,Anderson,16-11-2022,,Production Technician II,CCDR,Full-Time,Zone B,Full-Time,Unk,Production,Project Management - Con,17-05-1997,MA,Foreman,Female,52077,Hispanic,Married,Fully Meets,4,3136,21-06-2023,5,3,5,22-11-2022,Project Management,External,Failed,2,386.95,CesarAnderson,26,Active,25-34,,,0,4.33,0.59,0-1 yr
Dean,Mckenzie,09-12-2018,25-06-2023,Production Technician II,EW,Contract,Zone B,Temporary,Involuntary,Production,Field Operations,03-06-1995,MA,Laborer,Female,50624,Other,Single,Fully Meets,2,3137,23-03-2023,1,2,4,11-06-2023,Technical Skills,External,Passed,4,641.68,DeanMckenzie,27,Terminated,25-34,2023,June,1,2.33,4.54,3-5 yr
Isabell,Wu,25-12-2022,08-03-2023,Production Technician II,MSC,Contract,Zone A,Full-Time,Voluntary,Production,Field Operations,07-04-1987,MA,Laborer,Female,83438,Black,Single,Fully Meets,4,3138,10-07-2023,5,3,1,26-07-2023,Project Management,Internal,Failed,2,295.67,IsabellWu,36,Terminated,35-44,2023,March,0,3,0.2,0-1 yr
Kenny,Blanchard,19-11-2021,,Production Technician II,NEL,Part-Time,Zone A,Temporary,Unk,Production,Field Operations,11-08-1971,MA,Technician,Female,29416,Asian,Single,Fully Meets,4,3139,29-11-2022,3,2,1,23-04-2023,Communication Skills,External,Completed,4,649.64,KennyBlanchard,51,Active,45-54,,,1,2,1.03,1-3 yr
Evie,Beard,01-03-2022,,Production Technician I,PL,Contract,Zone C,Full-Time,Unk,Production,Catv,02-04-1990,MA,Laborer,Male,89284,Hispanic,Widowed,Fully Meets,5,3140,07-05-2023,1,1,1,12-12-2022,Technical Skills,External,Failed,1,402.77,EvieBeard,33,Active,25-34,,,0,1,1.18,1-3 yr
Aliya,Morton,17-03-2021,,Production Technician I,BPC,Full-Time,Zone B,Temporary,Unk,Production,Field Operations,10-07-1970,MA,Foreman,Male,9420,Black,Married,Exceeds,2,3141,16-02-2023,3,1,4,01-04-2023,Leadership Development,Internal,Incomplete,3,311.92,AliyaMorton,52,Active,45-54,,,0,2.67,1.92,1-3 yr
Ingrid,Wilkins,10-02-2021,,Production Technician I,CCDR,Full-Time,Zone B,Part-Time,Unk,Production,General - Con,20-07-1949,MA,Flagger,Female,49701,White,Single,Fully Meets,4,3142,10-08-2022,4,5,1,09-01-2023,Communication Skills,External,Incomplete,5,730.99,IngridWilkins,73,Active,55+,,,0,3.33,1.49,1-3 yr
Morgan,Elliott,28-09-2018,,Production Technician I,SVG,Full-Time,Zone A,Temporary,Unk,Production,Aerial,25-06-1947,MA,Lineman,Female,32652,Black,Widowed,Fully Meets,2,3143,31-07-2023,1,4,1,22-05-2023,Project Management,Internal,Incomplete,3,330.04,MorganElliott,76,Active,55+,,,0,2,4.84,3-5 yr
Shannon,Lambert,09-02-2021,,Production Technician I,EW,Contract,Zone C,Part-Time,Unk,Production,Engineers,19-09-1956,MA,Engineer,Male,4496,Hispanic,Married,Exceeds,2,3144,18-12-2022,3,4,3,15-07-2023,Communication Skills,Internal,Passed,3,848.99,ShannonLambert,66,Active,55+,,,1,3.33,1.85,1-3 yr
Prince,Petty,27-09-2020,04-03-2022,Production Technician I,MSC,Part-Time,Zone C,Temporary,Retirement,Production,Field Operations,30-10-1995,MA,Driller,Male,59765,Asian,Divorced,Fully Meets,2,3145,13-06-2023,1,2,1,30-05-2023,Leadership Development,Internal,Passed,4,773.76,PrincePetty,27,Terminated,25-34,2022,March,1,1.33,1.43,1-3 yr
Abril,Joseph,16-12-2018,,Production Technician I,TNS,Part-Time,Zone C,Temporary,Unk,Production,Project Management - Con,18-10-1978,MA,Coordinator,Female,19021,White,Widowed,Fully Meets,4,3146,05-09-2022,5,1,1,06-03-2023,Technical Skills,External,Passed,5,560.03,AbrilJoseph,43,Active,35-44,,,1,2.33,3.72,3-5 yr
Bobby,Levy,17-07-2023,28-07-2023,Production Technician I,PYZ,Contract,Zone B,Temporary,Involuntary,Production,General - Sga,23-04-1999,MA,Engineer,Male,48709,Hispanic,Divorced,Fully Meets,5,3147,24-07-2023,2,2,5,20-12-2022,Project Management,External,Completed,4,820.65,BobbyLevy,24,Terminated,<25,2023,July,1,3,0.03,0-1 yr
Gustavo,Durham,28-05-2020,14-12-2021,Production Technician I,WBL,Full-Time,Zone C,Temporary,Voluntary,Production,Aerial,01-03-1950,MA,Foreman,Male,76147,White,Single,Exceeds,2,3148,24-06-2023,4,5,1,10-04-2023,Communication Skills,External,Completed,2,727.06,GustavoDurham,73,Terminated,55+,2021,December,1,3.33,1.55,1-3 yr
Teagan,Stevens,01-03-2021,05-04-2023,Production Technician I,NEL,Full-Time,Zone A,Part-Time,Voluntary,Production,Field Operations,27-09-1983,MA,Laborer,Female,19987,Black,Single,Exceeds,2,3149,31-03-2023,2,1,4,07-07-2023,Customer Service,Internal,Failed,2,858.12,TeaganStevens,39,Terminated,35-44,2023,April,0,2.33,2.09,1-3 yr
Neil,Patton,12-02-2022,,Production Technician I,PL,Full-Time,Zone C,Part-Time,Unk,Production,Aerial,02-08-1955,MA,Foreman,Female,11927,Asian,Widowed,Fully Meets,2,3150,29-08-2022,3,2,2,28-01-2023,Customer Service,External,Failed,4,781.04,NeilPatton,67,Active,55+,,,0,2.33,0.54,0-1 yr
Khalil,Guzman,26-02-2022,,Production Technician I,BPC,Part-Time,Zone C,Temporary,Unk,Production,Field Operations,15-11-1965,MA,Engineer,Female,81158,White,Widowed,Exceeds,4,3151,24-02-2023,3,3,1,06-10-2022,Project Management,Internal,Passed,2,978.88,KhalilGuzman,57,Active,55+,,,1,2.33,0.99,0-1 yr
Alaina,Mayo,05-07-2022,28-12-2022,Production Technician I,CCDR,Contract,Zone C,Temporary,Voluntary,Production,Field Operations,29-12-1953,MA,Laborer,Female,27163,Black,Widowed,Exceeds,5,3152,28-04-2023,1,3,1,24-03-2023,Communication Skills,Internal,Failed,4,955.95,AlainaMayo,69,Terminated,55+,2022,December,0,1.67,0.48,0-1 yr
Jagger,Morgan,29-11-2019,11-03-2022,Production Technician I,SVG,Part-Time,Zone A,Full-Time,Retirement,Production,Field Operations,13-12-1994,MA,Technician,Female,96230,Other,Single,Fully Meets,4,3153,04-11-2022,1,5,3,11-07-2023,Communication Skills,External,Passed,5,897.64,JaggerMorgan,27,Terminated,25-34,2022,March,1,3,2.28,1-3 yr
Donavan,Kennedy,22-02-2019,,Production Technician I,EW,Full-Time,Zone B,Temporary,Unk,Production,Engineers,21-05-1949,MA,Engineer,Female,75205,Black,Single,Fully Meets,2,3154,03-06-2023,1,3,5,25-05-2023,Customer Service,External,Passed,4,418.08,DonavanKennedy,74,Active,55+,,,1,3,4.28,3-5 yr
Amy,Frederick,16-07-2020,15-02-2022,Production Technician I,MSC,Contract,Zone B,Temporary,Voluntary,Production,General - Con,14-03-1951,MA,Lineman,Male,56136,Black,Married,Fully Meets,2,3155,18-08-2022,2,5,4,27-08-2022,Communication Skills,External,Failed,5,336.64,AmyFrederick,71,Terminated,55+,2022,February,0,3.67,1.59,1-3 yr
Pierce,Charles,18-07-2019,19-02-2020,Production Technician II,MSC,Contract,Zone B,Part-Time,Voluntary,Production,General - Con,16-07-1962,MA,Lineman,Female,65327,Black,Married,Fully Meets,5,3156,27-01-2023,4,2,2,02-04-2023,Communication Skills,External,Failed,4,171.46,PierceCharles,60,Terminated,55+,2020,February,0,2.67,0.59,0-1 yr
Deegan,Pham,10-03-2019,16-11-2021,Production Technician II,TNS,Contract,Zone A,Full-Time,Voluntary,Production,Billable Consultants,16-03-1984,MA,Engineer,Female,25266,White,Divorced,Exceeds,5,3157,11-04-2023,4,1,3,26-05-2023,Project Management,Internal,Incomplete,3,401.9,DeeganPham,39,Terminated,35-44,2021,November,0,2.67,2.69,1-3 yr
Seth,Oneill,30-05-2023,21-07-2023,Production Technician II,PYZ,Part-Time,Zone A,Full-Time,Retirement,Production,General - Sga,21-01-1976,MA,Director,Female,35824,Hispanic,Divorced,Exceeds,2,3158,02-02-2023,1,1,3,19-12-2022,Communication Skills,Internal,Passed,5,266.62,SethOneill,47,Terminated,45-54,2023,July,1,1.67,0.14,0-1 yr
Mollie,Woodward,23-08-2018,19-06-2019,Production Technician II,WBL,Full-Time,Zone B,Part-Time,Voluntary,Production,Field Operations,29-05-1978,MA,Groundman,Female,24940,Asian,Married,Fully Meets,4,3159,23-04-2023,1,1,2,19-04-2023,Technical Skills,External,Failed,2,913.36,MollieWoodward,44,Terminated,35-44,2019,June,0,1.33,0.82,0-1 yr
Baylee,Warner,06-03-2019,,Production Technician II,NEL,Full-Time,Zone A,Part-Time,Unk,Production,Splicing,18-04-1951,MA,Splicer,Female,69293,Other,Single,Exceeds,4,3160,20-08-2022,5,5,3,11-01-2023,Leadership Development,Internal,Failed,3,619.29,BayleeWarner,71,Active,55+,,,0,4.33,3.46,3-5 yr
Celeste,Allison,01-08-2023,02-08-2023,Production Technician II,PL,Full-Time,Zone C,Full-Time,Involuntary,Production,General - Con,17-04-1983,MA,Laborer,Female,9346,Black,Divorced,Fully Meets,1,3161,15-07-2023,1,5,4,15-09-2022,Customer Service,External,Passed,3,398.98,CelesteAllison,40,Terminated,35-44,2023,August,1,3.33,0,0-1 yr
Camryn,Clark,24-02-2020,24-12-2020,Production Technician II,BPC,Part-Time,Zone A,Temporary,Resignation,Production,Isp,27-08-1997,MA,Manager,Male,57257,White,Single,Fully Meets,5,3162,20-03-2023,4,4,2,24-07-2023,Technical Skills,Internal,Failed,5,569.76,CamrynClark,25,Terminated,25-34,2020,December,0,3.33,0.83,0-1 yr
Geovanni,Crawford,26-09-2019,,Production Technician I,PL,Contract,Zone A,Full-Time,Unk,Production,Catv,13-03-1979,MA,Laborer,Male,57484,Black,Married,Fully Meets,4,3163,19-03-2023,2,4,5,01-10-2022,Project Management,Internal,Passed,4,807.32,GeovanniCrawford,44,Active,35-44,,,1,3.67,3.48,3-5 yr
Danielle,Blanchard,07-12-2022,08-06-2023,Production Technician I,BPC,Full-Time,Zone C,Temporary,Resignation,Production,Field Operations,18-03-1997,MA,Foreman,Female,89536,Other,Married,Fully Meets,5,3164,02-10-2022,4,2,3,10-02-2023,Project Management,External,Passed,3,981.17,DanielleBlanchard,25,Terminated,25-34,2023,June,1,3,0.5,0-1 yr
Kasey,Pineda,08-03-2019,08-02-2021,Production Technician I,CCDR,Part-Time,Zone C,Full-Time,Retirement,Production,Field Operations,24-12-1994,MA,Laborer,Female,38677,Black,Single,Fully Meets,2,3165,17-06-2023,1,5,5,28-08-2022,Leadership Development,External,Failed,4,972.9,KaseyPineda,28,Terminated,25-34,2021,February,0,3.67,1.92,1-3 yr
Kenzie,Friedman,06-08-2019,27-07-2022,Production Technician I,SVG,Part-Time,Zone A,Full-Time,Resignation,Production,Field Operations,02-11-1993,MA,Laborer,Female,28796,White,Single,Exceeds,2,3166,26-01-2023,2,4,1,27-01-2023,Project Management,Internal,Incomplete,4,928.71,KenzieFriedman,29,Terminated,25-34,2022,July,0,2.33,2.97,1-3 yr
Destinee,Mejia,19-06-2019,,Production Technician I,EW,Full-Time,Zone B,Part-Time,Unk,Production,Splicing,19-09-1943,MA,Lineman,Male,2156,Other,Divorced,Exceeds,4,3167,27-02-2023,5,2,1,15-01-2023,Leadership Development,External,Passed,1,975.21,DestineeMejia,79,Active,55+,,,1,2.67,3.69,3-5 yr
Deshawn,Henry,08-02-2022,18-07-2023,Production Technician I,MSC,Part-Time,Zone A,Full-Time,Voluntary,Production,Sales & Marketing,24-05-1990,MA,Assistant,Male,86333,Hispanic,Married,Fully Meets,2,3168,05-08-2023,5,2,2,10-05-2023,Leadership Development,External,Failed,5,613.58,DeshawnHenry,33,Terminated,25-34,2023,July,0,3,1.44,1-3 yr
Cristian,Ritter,08-06-2019,29-01-2021,Production Technician I,TNS,Part-Time,Zone B,Part-Time,Resignation,Production,Aerial,03-04-1951,MA,Lineman,Female,17633,Other,Single,Exceeds,4,3169,27-04-2023,3,2,3,25-02-2023,Communication Skills,Internal,Completed,4,109.96,CristianRitter,72,Terminated,55+,2021,January,1,2.67,1.65,1-3 yr
Demarcus,Huffman,28-01-2022,23-06-2023,Production Technician I,PYZ,Full-Time,Zone C,Full-Time,Retirement,Production,Field Operations,23-01-1992,MA,Technician,Male,16568,Asian,Married,Fully Meets,2,3170,28-11-2022,1,3,2,28-08-2022,Technical Skills,External,Failed,2,361.28,DemarcusHuffman,30,Terminated,25-34,2023,June,0,2,1.4,1-3 yr
Regina,Lopez,26-08-2020,11-08-2022,Production Technician I,WBL,Part-Time,Zone A,Part-Time,Involuntary,Production,Engineers,25-02-1995,MA,Engineer,Female,44233,White,Widowed,Fully Meets,5,3171,08-01-2023,4,1,5,30-06-2023,Leadership Development,External,Failed,4,248.66,ReginaLopez,27,Terminated,25-34,2022,August,0,3.33,1.96,1-3 yr
Justice,Clark,22-04-2019,,Production Technician I,NEL,Contract,Zone C,Part-Time,Unk,Production,Shop (Fleet),09-07-1983,MA,Mechanic,Female,41155,Asian,Divorced,Fully Meets,4,3172,02-09-2022,2,3,1,25-12-2022,Customer Service,External,Failed,5,742.18,JusticeClark,39,Active,35-44,,,0,2,3.36,3-5 yr
Tucker,Sweeney,21-12-2022,30-05-2023,Production Technician I,PL,Contract,Zone A,Part-Time,Resignation,Production,Billable Consultants,14-03-1957,MA,Engineer,Female,24597,Asian,Married,Fully Meets,1,3173,13-07-2023,5,4,3,01-06-2023,Communication Skills,External,Incomplete,3,573.31,TuckerSweeney,66,Terminated,55+,2023,May,0,4,0.44,0-1 yr
Roy,Pratt,12-10-2022,03-07-2023,Production Technician I,BPC,Full-Time,Zone C,Part-Time,Involuntary,Production,Catv,13-06-1961,MA,Foreman,Female,59255,Hispanic,Single,Fully Meets,5,3174,02-01-2023,1,5,5,09-12-2022,Communication Skills,External,Completed,4,860.91,RoyPratt,61,Terminated,55+,2023,July,1,3.67,0.72,0-1 yr
Raphael,Whitney,23-07-2023,01-08-2023,Production Technician I,CCDR,Full-Time,Zone B,Full-Time,Voluntary,Production,Fielders,11-07-1947,MA,Engineer,Female,97410,Asian,Single,Fully Meets,1,3175,03-02-2023,5,4,1,22-05-2023,Technical Skills,External,Failed,4,686.77,RaphaelWhitney,75,Terminated,55+,2023,August,0,3.33,0.02,0-1 yr
Cade,Palmer,13-12-2018,23-06-2020,Production Technician I,SVG,Full-Time,Zone A,Full-Time,Resignation,Production,Project Management - Con,24-02-2000,MA,Coordinator,Female,42252,Other,Widowed,Exceeds,1,3176,09-02-2023,5,3,5,24-01-2023,Leadership Development,External,Passed,5,638.26,CadePalmer,22,Terminated,<25,2020,June,1,4.33,1.53,1-3 yr
Abel,Potts,30-09-2019,23-06-2021,Production Technician I,EW,Full-Time,Zone A,Full-Time,Resignation,Production,Project Management - Con,13-03-2000,MA,Coordinator,Female,48294,Asian,Single,Fully Meets,1,3177,20-04-2023,3,4,2,25-03-2023,Leadership Development,External,Incomplete,2,423.71,AbelPotts,23,Terminated,<25,2021,June,0,3,1.73,1-3 yr
Wayne,Leon,24-01-2020,09-06-2023,Production Technician II,MSC,Part-Time,Zone C,Part-Time,Involuntary,Production,Field Operations,30-04-1990,MA,Administrator,Female,45258,White,Married,PIP,1,3178,07-10-2022,5,2,1,02-05-2023,Communication Skills,Internal,Incomplete,3,708.78,WayneLeon,32,Terminated,25-34,2023,June,0,2.67,3.37,3-5 yr
Amya,Armstrong,23-12-2020,17-03-2021,Production Technician II,TNS,Full-Time,Zone C,Full-Time,Voluntary,Production,Field Operations,22-12-1941,MA,Lineman,Male,96822,Black,Divorced,Fully Meets,2,3179,27-05-2023,5,2,1,03-05-2023,Leadership Development,Internal,Passed,2,376.96,AmyaArmstrong,81,Terminated,55+,2021,March,1,2.67,0.23,0-1 yr
Johnny,Whitehead,07-06-2019,11-01-2020,Production Technician II,PYZ,Full-Time,Zone B,Temporary,Retirement,Production,Field Operations,27-10-1997,MA,Technician,Female,14828,Hispanic,Divorced,Fully Meets,4,3180,30-01-2023,2,1,1,03-07-2023,Project Management,External,Completed,1,829.59,JohnnyWhitehead,25,Terminated,25-34,2020,January,1,1.33,0.6,0-1 yr
Antwan,Clayton,25-12-2019,14-11-2021,Production Technician II,WBL,Contract,Zone C,Temporary,Voluntary,Production,General - Con,17-07-1959,MA,Foreman,Female,26328,Other,Single,Fully Meets,4,3181,05-04-2023,5,4,1,13-01-2023,Leadership Development,Internal,Incomplete,4,900.21,AntwanClayton,63,Terminated,55+,2021,November,0,3.33,1.89,1-3 yr
Dexter,Preston,26-01-2023,,Production Technician II,NEL,Contract,Zone B,Temporary,Unk,Production,Field Operations,21-11-1971,MA,Technician,Female,55287,White,Married,PIP,2,3182,15-08-2022,3,3,4,02-05-2023,Technical Skills,Internal,Passed,2,825.61,DexterPreston,50,Active,45-54,,,1,3.33,-0.45,
Uriah,Guerrero,03-11-2022,03-08-2023,Production Technician II,PL,Full-Time,Zone A,Temporary,Resignation,Production,Engineers,15-02-1953,MA,Technician,Male,40809,Other,Single,PIP,3,3183,06-05-2023,1,1,4,28-07-2023,Customer Service,External,Completed,1,205.22,UriahGuerrero,70,Terminated,55+,2023,August,1,2,0.75,0-1 yr
Dakota,Oliver,13-05-2022,,Production Technician I,MSC,Part-Time,Zone A,Full-Time,Unk,Production,Field Operations,21-05-1972,MA,Tower Hand,Female,9994,Hispanic,Single,PIP,5,3184,03-07-2023,3,1,4,09-09-2022,Technical Skills,Internal,Failed,3,441.79,DakotaOliver,51,Active,45-54,,,0,2.67,1.14,1-3 yr
Selena,Yoder,23-09-2020,15-03-2023,Production Technician I,NEL,Contract,Zone C,Temporary,Voluntary,Production,Field Operations,10-11-1999,MA,Assistant,Female,91605,Other,Divorced,PIP,2,3185,20-08-2022,5,4,5,28-11-2022,Communication Skills,External,Passed,3,491.87,SelenaYoder,22,Terminated,<25,2023,March,1,4.67,2.47,1-3 yr
Kaila,Flowers,29-08-2021,08-11-2022,Production Technician I,PL,Part-Time,Zone A,Full-Time,Voluntary,Production,Aerial,03-05-1967,MA,Supervisor,Female,76162,Black,Divorced,Fully Meets,2,3186,12-06-2023,5,2,3,10-04-2023,Technical Skills,Internal,Failed,4,927.48,KailaFlowers,56,Terminated,55+,2022,November,0,3.33,1.19,1-3 yr
Dashawn,Ramirez,13-12-2022,11-01-2023,Production Technician I,PYZ,Contract,Zone C,Full-Time,Resignation,Production,Wireline Construction,08-04-1962,MA,Project Manager,Female,13522,Black,Single,PIP,3,3187,02-01-2023,4,2,2,26-07-2023,Leadership Development,Internal,Completed,3,831.15,DashawnRamirez,60,Terminated,55+,2023,January,1,2.67,0.08,0-1 yr
Meghan,Ray,06-11-2022,,Production Technician I,SVG,Part-Time,Zone C,Part-Time,Unk,Production,Field Operations,04-11-1978,MA,Laborer,Male,2956,Hispanic,Divorced,Fully Meets,4,3188,23-07-2023,5,2,4,16-05-2023,Leadership Development,Internal,Incomplete,3,976.9,MeghanRay,44,Active,35-44,,,0,3.67,0.71,0-1 yr
Jasiah,Palmer,04-08-2023,,Production Technician I,TNS,Full-Time,Zone C,Temporary,Unk,Production,Project Management - Con,21-07-1964,MA,Project Manager,Female,46851,Asian,Married,PIP,1,3189,17-02-2023,4,3,4,11-09-2022,Leadership Development,Internal,Passed,5,574.76,JasiahPalmer,58,Active,55+,,,1,3.67,-0.46,
Jaiden,Hawkins,15-11-2020,,Production Technician I,WBL,Contract,Zone C,Part-Time,Unk,Production,General - Con,10-02-1998,MA,Administration,Male,89125,White,Divorced,PIP,2,3190,15-10-2022,4,5,5,13-07-2023,Leadership Development,External,Passed,3,911.6,JaidenHawkins,24,Active,<25,,,1,4.67,1.91,1-3 yr
Monserrat,Miranda,06-07-2022,12-08-2022,Production Technician I,BPC,Part-Time,Zone A,Part-Time,Retirement,Production,Technology / It,28-01-1945,MA,Technician,Male,29435,Black,Married,Fully Meets,2,3191,24-02-2023,1,2,2,05-02-2023,Project Management,External,Incomplete,3,476.39,MonserratMiranda,78,Terminated,55+,2022,August,0,1.67,0.1,0-1 yr
Johnathon,Lynch,21-04-2019,12-01-2022,Production Technician I,CCDR,Full-Time,Zone A,Part-Time,Resignation,Production,Aerial,12-01-1997,MA,Laborer,Female,26250,Black,Single,Fully Meets,3,3192,26-06-2023,5,4,1,28-08-2022,Technical Skills,Internal,Incomplete,1,752.12,JohnathonLynch,26,Terminated,25-34,2022,January,0,3.33,2.73,1-3 yr
Dayanara,Murray,28-08-2021,,Production Technician I,EW,Full-Time,Zone C,Temporary,Unk,Production,General - Con,24-01-1946,MA,Laborer,Female,67626,Black,Divorced,PIP,3,3193,05-08-2023,1,1,5,16-04-2023,Project Management,External,Completed,3,240.94,DayanaraMurray,77,Active,55+,,,1,2.33,1.94,1-3 yr
Alessandro,Sawyer,25-03-2021,,Production Technician I,MSC,Contract,Zone B,Full-Time,Unk,Production,Field Operations,11-08-1995,MA,Groundman,Female,46143,Asian,Divorced,Fully Meets,1,3194,26-12-2022,2,5,5,23-01-2023,Leadership Development,Internal,Passed,5,143.28,AlessandroSawyer,27,Active,25-34,,,1,4,1.75,1-3 yr
Kaylen,Hogan,16-07-2020,15-10-2020,Production Technician I,NEL,Full-Time,Zone A,Full-Time,Resignation,Production,General - Con,31-01-1981,MA,Technician,Female,70709,White,Divorced,Fully Meets,2,3195,23-03-2023,5,4,1,28-06-2023,Customer Service,External,Failed,1,556.09,KaylenHogan,42,Terminated,35-44,2020,October,0,3.33,0.25,0-1 yr
Karley,Michael,28-11-2018,14-08-2021,Production Technician I,PL,Full-Time,Zone B,Temporary,Involuntary,Production,Engineers,12-11-1974,MA,Project Manager,Female,60139,Other,Divorced,Fully Meets,2,3196,31-10-2022,3,3,1,06-06-2023,Customer Service,Internal,Passed,5,518.62,KarleyMichael,48,Terminated,45-54,2021,August,1,2.33,2.71,1-3 yr
Erik,Parks,27-06-2019,,Production Technician I,PYZ,Contract,Zone A,Full-Time,Unk,Production,General - Con,31-03-1977,MA,Lineman,Female,15469,Hispanic,Divorced,PIP,1,3197,20-09-2022,5,5,2,10-11-2022,Customer Service,Internal,Failed,4,694.79,ErikParks,45,Active,45-54,,,0,4,3.23,3-5 yr
Violet,Bennett,04-01-2023,,Production Technician I,SVG,Contract,Zone A,Temporary,Unk,Production,General - Con,24-09-1979,MA,Laborer,Female,77690,Asian,Married,Fully Meets,2,3198,04-01-2023,1,3,1,01-06-2023,Communication Skills,Internal,Completed,2,445.34,VioletBennett,43,Active,35-44,,,1,1.67,0,0-1 yr
Hannah,Jacobi,22-11-2018,,Production Technician I,BPC,Full-Time,Zone B,Full-Time,Unk,Production,Engineers,17-01-1978,MA,Engineer,Female,1778,Hispanic,Married,Fully Meets,2,3199,31-08-2022,1,4,4,23-09-2022,Technical Skills,Internal,Incomplete,5,609.18,HannahJacobi,44,Active,35-44,,,0,3,3.77,3-5 yr
Peter,Robertson,08-01-2021,,Production Technician II,PL,Part-Time,Zone B,Temporary,Unk,Production,Billable Consultants,26-07-1975,MA,Engineer,Male,2138,Asian,Married,Fully Meets,4,3200,28-05-2023,5,1,3,18-03-2023,Communication Skills,Internal,Completed,1,473.02,PeterRobertson,47,Active,45-54,,,1,3,2.38,1-3 yr
Josephine,Bugali,18-11-2022,,Production Technician I,EW,Part-Time,Zone A,Part-Time,Unk,Production,Aerial,16-07-1984,MA,Technician,Female,2043,Asian,Widowed,Fully Meets,4,3201,27-12-2022,1,4,5,05-06-2023,Leadership Development,Internal,Failed,2,758.46,JosephineBugali,38,Active,35-44,,,0,3.33,0.11,0-1 yr
Dallas,Leach,21-06-2020,23-06-2023,Production Technician I,WBL,Contract,Zone A,Full-Time,Involuntary,Production,Engineers,28-03-1999,MA,Engineer,Female,1810,Other,Single,Fully Meets,4,3202,25-12-2022,2,5,1,30-08-2022,Customer Service,Internal,Passed,3,194.06,DallasLeach,23,Terminated,<25,2023,June,1,2.67,3,1-3 yr
Marianne,Eaton,19-01-2021,11-09-2022,Production Technician I,PYZ,Contract,Zone C,Part-Time,Voluntary,Production,General - Sga,10-09-1961,MA,Administrator,Female,2343,White,Single,Fully Meets,4,3203,11-11-2022,4,4,2,01-09-2022,Project Management,External,Passed,2,317.06,MarianneEaton,61,Terminated,55+,2022,September,1,3.33,1.64,1-3 yr
Bruno,Rossetti,04-06-2023,,Production Technician I,BPC,Contract,Zone C,Full-Time,Unk,Production,General - Sga,12-11-1959,MA,Administration,Male,2155,White,Single,Fully Meets,4,3204,27-12-2022,4,1,1,09-08-2022,Communication Skills,Internal,Passed,1,291.9,BrunoRossetti,63,Active,55+,,,1,2,-0.44,
Roxana,Goyal,13-08-2020,17-09-2021,Production Technician I,TNS,Contract,Zone C,Part-Time,Voluntary,Production,Aerial,02-02-1988,MA,Lineman,Female,1864,Asian,Married,Fully Meets,4,3205,03-11-2022,3,1,3,04-06-2023,Customer Service,External,Incomplete,3,407.29,RoxanaGoyal,34,Terminated,25-34,2021,September,0,2.33,1.1,1-3 yr
Thomas,Barbara,06-09-2019,,Production Technician I,BPC,Part-Time,Zone A,Part-Time,Unk,Production,Wireline Construction,16-03-1961,MA,Groundman,Male,2062,Hispanic,Divorced,Fully Meets,2,3206,13-09-2022,2,4,4,01-04-2023,Leadership Development,Internal,Passed,2,143.32,ThomasBarbara,61,Active,55+,,,1,3.33,3.02,3-5 yr
Lynn,O'hare,27-03-2022,,Production Technician I,PYZ,Full-Time,Zone C,Temporary,Unk,Production,Project Management - Con,28-08-1981,MA,Supervisor,Female,2152,White,Widowed,Fully Meets,5,3207,13-01-2023,4,4,5,17-02-2023,Technical Skills,External,Passed,3,724.51,LynnO'hare,41,Active,35-44,,,1,4.33,0.8,0-1 yr
Abdellah,Veera,25-12-2020,08-03-2023,Production Technician I,CCDR,Contract,Zone A,Temporary,Resignation,Production,Field Operations,04-09-1973,MA,Operator,Male,2171,Hispanic,Divorced,Fully Meets,2,3208,22-03-2023,5,1,3,03-04-2023,Leadership Development,Internal,Passed,2,955.32,AbdellahVeera,49,Terminated,45-54,2023,March,1,3,2.2,1-3 yr
Daniel,Davis,24-04-2021,,Production Technician II,PL,Contract,Zone A,Full-Time,Unk,Production,General - Con,17-03-1983,MA,Technician,Male,2458,Hispanic,Widowed,Fully Meets,5,3209,13-01-2023,3,3,1,06-03-2023,Project Management,Internal,Incomplete,5,259.71,DanielDavis,39,Active,35-44,,,0,2.33,1.72,1-3 yr
Barbara M,Stanford,12-05-2020,,Production Technician I,WBL,Full-Time,Zone A,Full-Time,Unk,Production,Aerial,13-06-1993,MA,Lineman,Female,2050,Hispanic,Divorced,Fully Meets,5,3210,11-07-2023,3,5,1,31-12-2022,Project Management,External,Failed,2,128.89,Barbara MStanford,30,Active,25-34,,,0,3,3.16,3-5 yr
Phylicia,Gosciminski,23-05-2023,,Production Technician II,SVG,Part-Time,Zone B,Part-Time,Unk,Production,General - Sga,26-08-1955,MA,Administrator,Female,1824,Other,Married,Fully Meets,2,3211,09-10-2022,1,5,3,13-10-2022,Customer Service,External,Incomplete,4,513.76,PhyliciaGosciminski,67,Active,55+,,,0,3,-0.62,
Mohammed,Latif,27-12-2020,22-05-2022,Production Technician II,PYZ,Full-Time,Zone C,Part-Time,Resignation,Production,Field Operations,30-06-1972,MA,Foreman,Male,2126,Asian,Married,Fully Meets,5,3212,09-03-2023,2,5,4,20-01-2023,Customer Service,External,Failed,2,944.89,MohammedLatif,50,Terminated,45-54,2022,May,0,3.67,1.4,1-3 yr
Hamish,Garneau,17-11-2018,27-12-2019,Production Technician I,WBL,Full-Time,Zone A,Part-Time,Involuntary,Production,Field Operations,28-06-1952,MA,Laborer,Male,1550,Hispanic,Widowed,Fully Meets,2,3213,08-01-2023,2,5,1,09-04-2023,Communication Skills,External,Passed,2,494.29,HamishGarneau,70,Terminated,55+,2019,December,1,2.67,1.11,1-3 yr
Morissa,Power,16-07-2019,,Production Technician I,PYZ,Part-Time,Zone B,Temporary,Unk,Production,General - Con,22-12-1972,MA,Laborer,Female,1742,Asian,Widowed,Fully Meets,2,3214,14-04-2023,3,1,2,25-01-2023,Project Management,Internal,Incomplete,4,521.05,MorissaPower,50,Active,45-54,,,0,2,3.75,3-5 yr
Jason,Woodson,25-01-2020,,Production Technician II,SVG,Contract,Zone A,Part-Time,Unk,Production,General - Sga,03-06-1973,MA,Administrator,Male,1810,White,Divorced,Fully Meets,3,3215,12-11-2022,4,3,5,06-07-2023,Communication Skills,External,Failed,3,183.77,JasonWoodson,49,Active,45-54,,,0,4,2.8,1-3 yr
Janine,Purinton,16-08-2021,,Production Technician I,MSC,Part-Time,Zone A,Temporary,Unk,Production,Fielders,28-02-1972,MA,Engineer,Female,2474,Other,Divorced,Fully Meets,5,3216,29-03-2023,1,4,3,17-03-2023,Leadership Development,External,Passed,5,143.08,JaninePurinton,51,Active,45-54,,,1,2.67,1.62,1-3 yr
Sarah,Akinkuolie,20-01-2019,01-10-2019,Production Technician II,BPC,Contract,Zone B,Full-Time,Resignation,Production,General - Con,28-09-1968,MA,Technician,Female,1810,White,Single,Fully Meets,3,3217,01-11-2022,1,2,1,09-06-2023,Customer Service,External,Passed,3,723.2,SarahAkinkuolie,54,Terminated,45-54,2019,October,1,1.33,0.7,0-1 yr
Spencer,Cole,04-09-2018,,Production Technician I,SVG,Full-Time,Zone C,Part-Time,Unk,Production,Field Operations,13-07-1971,MA,Laborer,Male,1880,Other,Widowed,Fully Meets,5,3218,13-01-2023,2,2,5,21-01-2023,Leadership Development,External,Incomplete,2,526.6,SpencerCole,51,Active,45-54,,,0,3,4.36,3-5 yr
Luisa,Monterro,20-09-2019,,Production Technician II,PL,Full-Time,Zone B,Full-Time,Unk,Production,Executive,16-08-2000,MA,Administrator,Female,2126,Black,Widowed,Fully Meets,3,3219,06-02-2023,3,3,4,28-03-2023,Communication Skills,External,Passed,2,771.06,LuisaMonterro,22,Active,<25,,,1,3.33,3.38,3-5 yr
Sandy,Mckenna,24-07-2023,,Production Technician I,SVG,Part-Time,Zone A,Full-Time,Unk,Production,Field Operations,11-10-1980,MA,Tower Hand,Female,2184,Other,Divorced,Fully Meets,1,3220,22-08-2022,5,4,3,11-11-2022,Technical Skills,Internal,Failed,4,839.86,SandyMckenna,41,Active,35-44,,,0,4,-0.92,
Savanah,Baker,05-07-2023,,Production Technician I,PL,Full-Time,Zone B,Temporary,Unk,Production,Wireline Construction,31-12-1945,MA,Foreman,Male,69598,Other,Single,Fully Meets,4,3221,01-04-2023,1,3,5,11-05-2023,Communication Skills,Internal,Failed,4,628.77,SavanahBaker,77,Active,55+,,,0,3,-0.26,
Gloria,Small,11-01-2021,,Production Technician I,BPC,Contract,Zone A,Part-Time,Unk,Production,Shop (Fleet),14-08-1990,MA,Manager,Female,28908,Hispanic,Married,Fully Meets,2,3222,18-10-2022,2,5,1,25-09-2022,Communication Skills,Internal,Completed,3,433.67,GloriaSmall,32,Active,25-34,,,1,2.67,1.77,1-3 yr
Alisa,Aguirre,06-11-2022,,Production Technician I,CCDR,Full-Time,Zone A,Full-Time,Unk,Production,Splicing,12-10-1952,MA,Splicer,Female,35854,Asian,Single,Fully Meets,5,3223,11-11-2022,4,4,2,14-03-2023,Communication Skills,Internal,Incomplete,4,158.97,AlisaAguirre,70,Active,55+,,,0,3.33,0.01,0-1 yr
Sterling,Davila,03-04-2023,,Production Technician I,SVG,Part-Time,Zone A,Part-Time,Unk,Production,People Services,06-02-1970,MA,Manager,Female,69030,White,Single,Fully Meets,5,3224,29-04-2023,2,4,5,14-09-2022,Project Management,External,Completed,2,107.77,SterlingDavila,53,Active,45-54,,,1,3.67,0.07,0-1 yr
Saniya,Bradley,07-06-2021,23-06-2023,Production Technician I,EW,Contract,Zone B,Part-Time,Retirement,Production,General - Con,29-07-1977,MA,Foreman,Female,8088,White,Divorced,Fully Meets,3,3225,30-09-2022,3,1,1,26-07-2023,Communication Skills,Internal,Completed,1,374.1,SaniyaBradley,45,Terminated,45-54,2023,June,1,1.67,2.04,1-3 yr
Drake,Ashley,20-01-2019,,Production Technician I,MSC,Contract,Zone B,Full-Time,Unk,Production,General - Eng,31-12-1988,MA,Technician,Female,50972,Black,Married,Fully Meets,4,3226,06-10-2022,1,2,3,01-03-2023,Leadership Development,External,Incomplete,2,471.42,DrakeAshley,33,Active,25-34,,,0,2,3.71,3-5 yr
Rosemary,Manning,20-11-2021,06-06-2022,Production Technician I,TNS,Contract,Zone A,Temporary,Involuntary,Production,Aerial,08-07-1969,MA,Groundman,Female,1013,Black,Widowed,Fully Meets,2,3227,21-11-2022,3,5,2,05-01-2023,Technical Skills,External,Incomplete,2,431.12,RosemaryManning,53,Terminated,45-54,2022,June,0,3.33,0.54,0-1 yr
Adrianna,Johnston,27-05-2019,18-08-2022,Production Technician I,PYZ,Full-Time,Zone C,Temporary,Involuntary,Production,Field Operations,03-06-1946,MA,Technician,Male,8223,Hispanic,Single,Fully Meets,2,3228,13-11-2022,3,5,3,09-08-2022,Customer Service,External,Passed,3,272.77,AdriannaJohnston,76,Terminated,55+,2022,August,1,3.67,3.23,3-5 yr
Ruby,Bean,18-12-2022,,Production Technician I,WBL,Contract,Zone C,Temporary,Unk,Production,Engineers,18-12-1945,MA,Program Manager,Male,15997,Other,Widowed,Fully Meets,1,3229,29-09-2022,4,3,4,30-12-2022,Technical Skills,Internal,Incomplete,3,757.48,RubyBean,76,Active,55+,,,0,3.67,-0.22,
Annalise,Avila,13-05-2021,13-07-2023,Production Technician I,NEL,Full-Time,Zone C,Full-Time,Resignation,Production,Field Operations,20-04-1991,MA,Laborer,Female,55412,White,Single,Fully Meets,1,3230,08-04-2023,4,3,1,14-10-2022,Project Management,External,Completed,5,466.81,AnnaliseAvila,31,Terminated,25-34,2023,July,1,2.67,2.17,1-3 yr
Carley,Irwin,24-05-2021,,Production Technician I,PL,Full-Time,Zone C,Part-Time,Unk,Production,Shop (Fleet),14-05-1997,MA,Shop,Female,97872,White,Divorced,Exceeds,2,3231,11-12-2022,5,3,3,24-10-2022,Customer Service,External,Failed,3,668.59,CarleyIrwin,25,Active,25-34,,,0,3.67,1.55,1-3 yr
Makenzie,Mercer,06-10-2021,19-05-2022,Production Technician I,BPC,Part-Time,Zone B,Temporary,Resignation,Production,General - Con,18-11-1974,MA,Laborer,Male,26785,Other,Divorced,Fully Meets,1,3232,01-07-2023,5,2,3,27-06-2023,Communication Skills,External,Failed,5,318.34,MakenzieMercer,48,Terminated,45-54,2022,May,0,3.33,0.62,0-1 yr
Julia,Vargas,22-08-2020,26-08-2020,Production Technician I,CCDR,Contract,Zone C,Part-Time,Voluntary,Production,Engineers,08-02-1969,MA,Engineer,Male,14249,Asian,Widowed,Fully Meets,2,3233,31-12-2022,5,3,1,28-12-2022,Communication Skills,Internal,Incomplete,2,403.42,JuliaVargas,53,Terminated,45-54,2020,August,0,3,0.01,0-1 yr
Parker,Harrison,23-08-2021,,Production Technician I,SVG,Part-Time,Zone B,Temporary,Unk,Production,General - Con,25-04-1959,MA,Administration,Male,52819,Black,Widowed,Fully Meets,3,3234,09-04-2023,1,3,4,03-11-2022,Leadership Development,Internal,Completed,3,185.58,ParkerHarrison,64,Active,55+,,,1,2.67,1.63,1-3 yr
Emmett,York,23-12-2021,17-10-2022,Production Technician I,EW,Contract,Zone C,Temporary,Resignation,Production,Engineers,01-08-1963,MA,Engineer,Male,62173,Hispanic,Married,Fully Meets,2,3235,22-10-2022,3,4,1,08-02-2023,Project Management,Internal,Failed,3,667.23,EmmettYork,59,Terminated,55+,2022,October,0,2.67,0.82,0-1 yr
Landin,Walton,24-01-2022,27-03-2022,Production Technician II,NEL,Contract,Zone C,Full-Time,Involuntary,Production,People Services,04-06-1979,MA,Cpo,Female,8702,Asian,Married,Fully Meets,5,3236,28-04-2023,2,4,1,17-12-2022,Communication Skills,Internal,Completed,5,209.99,LandinWalton,43,Terminated,35-44,2022,March,1,2.33,0.17,0-1 yr
Landon,Mayo,21-11-2022,,Production Technician II,PL,Contract,Zone B,Temporary,Unk,Production,General - Eng,08-12-1987,MA,Drafter,Male,69369,White,Married,Fully Meets,4,3237,10-02-2023,5,1,2,12-06-2023,Leadership Development,Internal,Failed,5,114.81,LandonMayo,35,Active,35-44,,,0,2.67,0.22,0-1 yr
Abby,Estes,04-12-2018,01-07-2022,Production Technician II,PYZ,Contract,Zone A,Part-Time,Voluntary,Production,Wireline Construction,04-09-2000,MA,Vp,Male,39455,Other,Divorced,Fully Meets,4,3238,05-04-2023,5,3,5,08-02-2023,Project Management,External,Incomplete,2,964.12,AbbyEstes,22,Terminated,<25,2022,July,0,4.33,3.57,3-5 yr
Rachael,Pena,02-06-2019,,Production Technician II,SVG,Part-Time,Zone C,Temporary,Unk,Production,Field Operations,19-07-1992,MA,Operator,Male,74781,Black,Single,Fully Meets,3,3239,13-06-2023,5,2,5,15-10-2022,Leadership Development,External,Passed,1,818.77,RachaelPena,30,Active,25-34,,,1,4,4.03,3-5 yr
Kyan,Fritz,12-08-2018,05-07-2019,Production Technician II,TNS,Full-Time,Zone C,Temporary,Voluntary,Production,Shop (Fleet),05-03-1980,MA,Shop,Female,60148,Asian,Married,Fully Meets,2,3240,22-08-2022,2,5,4,15-10-2022,Project Management,External,Passed,3,801.31,KyanFritz,42,Terminated,35-44,2019,July,1,3.67,0.9,0-1 yr
Lana,Vega,15-05-2022,,Production Technician II,WBL,Part-Time,Zone B,Full-Time,Unk,Production,General - Sga,11-12-1947,MA,Administrator,Female,56978,White,Divorced,Fully Meets,1,3241,03-06-2023,1,5,3,14-10-2022,Communication Skills,Internal,Completed,5,674.84,LanaVega,75,Active,55+,,,1,3,1.05,1-3 yr
Alma,Fischer,23-11-2021,21-04-2022,Production Technician I,NEL,Contract,Zone C,Full-Time,Resignation,Production,Aerial,13-04-1955,MA,Lineman,Male,46927,Hispanic,Single,Fully Meets,3,3242,09-06-2023,3,3,1,25-10-2022,Communication Skills,Internal,Incomplete,2,364.55,AlmaFischer,68,Terminated,55+,2022,April,0,2.33,0.41,0-1 yr
Harley,Peterson,13-12-2020,,Production Technician I,PL,Full-Time,Zone C,Full-Time,Unk,Production,Splicing,08-02-1955,MA,Technician,Male,63497,Hispanic,Married,Fully Meets,2,3243,25-11-2022,2,3,1,20-09-2022,Technical Skills,Internal,Completed,1,174.03,HarleyPeterson,67,Active,55+,,,1,2,1.95,1-3 yr
Kade,Stokes,28-07-2021,,Production Technician I,BPC,Part-Time,Zone C,Temporary,Unk,Production,Shop (Fleet),17-12-1948,MA,Mechanic,Female,67772,Black,Divorced,Fully Meets,2,3244,25-03-2023,2,1,1,01-12-2022,Communication Skills,Internal,Failed,4,816.37,KadeStokes,74,Active,55+,,,0,1.33,1.66,1-3 yr
Leonel,Tanner,07-06-2019,30-12-2021,Production Technician I,CCDR,Full-Time,Zone A,Full-Time,Voluntary,Production,Field Operations,10-04-1948,MA,Laborer,Female,62905,Black,Married,Fully Meets,1,3245,18-11-2022,3,5,2,29-04-2023,Project Management,External,Incomplete,1,163.79,LeonelTanner,74,Terminated,55+,2021,December,0,3.33,2.57,1-3 yr
Natalia,Burns,12-06-2019,25-05-2021,Production Technician I,SVG,Part-Time,Zone C,Part-Time,Retirement,Production,Safety,15-04-1988,MA,Safety,Female,16673,White,Married,Fully Meets,4,3246,03-05-2023,1,1,4,31-01-2023,Technical Skills,Internal,Failed,1,325.19,NataliaBurns,35,Terminated,35-44,2021,May,0,2,1.95,1-3 yr
Hailee,Raymond,20-04-2023,06-08-2023,Production Technician I,EW,Full-Time,Zone C,Part-Time,Resignation,Production,General - Con,18-07-1943,MA,Operator,Female,85847,Black,Single,Fully Meets,3,3247,26-06-2023,2,5,4,26-02-2023,Communication Skills,Internal,Completed,1,834.12,HaileeRaymond,79,Terminated,55+,2023,August,1,3.67,0.3,0-1 yr
Micah,Douglas,07-08-2018,19-07-2023,Production Technician I,MSC,Contract,Zone B,Part-Time,Resignation,Production,General - Con,18-03-1967,MA,Clerical,Female,27168,Hispanic,Single,Fully Meets,5,3248,04-11-2022,4,3,3,28-01-2023,Customer Service,External,Completed,2,222.11,MicahDouglas,55,Terminated,55+,2023,July,1,3.33,4.95,3-5 yr
Kaley,Pollard,06-12-2018,,Production Technician I,TNS,Contract,Zone C,Part-Time,Unk,Production,Underground,18-01-1948,MA,Laborer,Male,26745,Black,Single,Fully Meets,3,3249,03-02-2023,3,2,5,08-03-2023,Communication Skills,Internal,Failed,4,875.83,KaleyPollard,75,Active,55+,,,0,3.33,4.16,3-5 yr
Seth,Fletcher,25-03-2021,,Production Technician I,PYZ,Full-Time,Zone B,Full-Time,Unk,Production,Project Management - Con,11-06-1997,MA,Supervisor,Male,25590,Asian,Married,Fully Meets,2,3250,15-11-2022,1,1,3,06-02-2023,Communication Skills,External,Completed,1,232.39,SethFletcher,25,Active,25-34,,,1,1.67,1.64,1-3 yr
Elliana,Thomas,15-02-2019,25-04-2019,Production Technician I,WBL,Contract,Zone A,Part-Time,Resignation,Production,Field Operations,12-04-1956,MA,Laborer,Male,36234,White,Divorced,Fully Meets,5,3251,09-04-2023,5,1,2,25-11-2022,Leadership Development,Internal,Completed,4,719.24,EllianaThomas,67,Terminated,55+,2019,April,1,2.67,0.19,0-1 yr
Edward,Chung,14-03-2023,,Production Technician I,NEL,Full-Time,Zone A,Part-Time,Unk,Production,Shop (Fleet),02-11-1993,MA,Mechanic,Female,29287,Black,Divorced,PIP,4,3252,05-08-2023,1,3,1,08-11-2022,Communication Skills,Internal,Incomplete,5,102.7,EdwardChung,29,Active,25-34,,,0,1.67,0.39,0-1 yr
Tessa,Estes,01-09-2019,01-06-2021,Production Technician I,PL,Part-Time,Zone A,Part-Time,Involuntary,Production,Field Operations,15-05-1993,MA,Technician,Female,46895,White,Single,Fully Meets,2,3253,28-03-2023,1,3,1,21-04-2023,Communication Skills,External,Failed,2,869.46,TessaEstes,29,Terminated,25-34,2021,June,0,1.67,1.75,1-3 yr
Charlie,Carson,23-02-2021,13-07-2022,Production Technician I,BPC,Full-Time,Zone B,Temporary,Voluntary,Production,General - Sga,20-08-1989,MA,Administration,Male,25093,Other,Widowed,Fully Meets,3,3254,30-10-2022,2,4,1,09-05-2023,Leadership Development,External,Failed,2,823.95,CharlieCarson,33,Terminated,25-34,2022,July,0,2.33,1.38,1-3 yr
Lawson,Zuniga,22-03-2023,,Production Technician I,CCDR,Contract,Zone C,Part-Time,Unk,Production,Yard (Material Handling),06-05-1961,MA,Runner,Male,65332,Other,Widowed,Fully Meets,3,3255,17-02-2023,1,4,1,07-08-2022,Leadership Development,External,Incomplete,3,975.75,LawsonZuniga,61,Active,55+,,,0,2,-0.09,
Coleman,Huffman,24-01-2019,,Production Technician I,SVG,Part-Time,Zone B,Part-Time,Unk,Production,General - Con,15-11-1954,MA,Flagger,Male,4750,Black,Divorced,Fully Meets,5,3256,04-07-2023,4,1,4,01-04-2023,Customer Service,External,Failed,4,202.81,ColemanHuffman,68,Active,55+,,,0,3,4.44,3-5 yr
Sanaa,Reilly,19-11-2020,,Production Technician II,PL,Full-Time,Zone A,Full-Time,Unk,Production,Wireline Construction,10-04-1986,MA,Laborer,Female,89893,Other,Single,Fully Meets,3,3257,09-10-2022,1,3,5,24-06-2023,Project Management,External,Completed,3,309.86,SanaaReilly,36,Active,35-44,,,1,3,1.89,1-3 yr
Slade,Randolph,15-02-2023,,Production Technician II,BPC,Part-Time,Zone B,Temporary,Unk,Production,Aerial,23-05-1971,MA,Foreman,Male,27959,White,Single,Fully Meets,2,3258,16-10-2022,4,4,3,16-07-2023,Leadership Development,Internal,Completed,2,909.73,SladeRandolph,51,Active,45-54,,,1,3.67,-0.33,
Dania,Hale,09-05-2022,10-06-2022,Production Technician II,CCDR,Full-Time,Zone B,Full-Time,Resignation,Production,Field Operations,25-11-1946,MA,Tower Hand,Male,71536,Hispanic,Single,Fully Meets,2,3259,07-11-2022,5,2,1,11-01-2023,Project Management,Internal,Failed,5,577.84,DaniaHale,76,Terminated,55+,2022,June,0,2.67,0.09,0-1 yr
Roland,Orozco,06-10-2021,,Production Technician II,SVG,Contract,Zone B,Temporary,Unk,Production,General - Con,17-06-1992,MA,Splicer,Male,86352,Hispanic,Single,Fully Meets,3,3260,27-10-2022,5,2,1,03-12-2022,Customer Service,External,Failed,2,681.18,RolandOrozco,30,Active,25-34,,,0,2.67,1.06,1-3 yr
Kaylen,Fisher,17-01-2021,25-06-2023,Production Technician II,EW,Part-Time,Zone B,Temporary,Involuntary,Production,Field Operations,01-03-1948,MA,Administrative,Male,18868,Hispanic,Widowed,Fully Meets,4,3261,07-06-2023,2,2,1,17-04-2023,Project Management,External,Failed,3,253.14,KaylenFisher,75,Terminated,55+,2023,June,0,1.67,2.43,1-3 yr
Kasey,Preston,22-03-2022,,Production Technician II,MSC,Full-Time,Zone A,Full-Time,Unk,Production,Catv,27-01-1984,MA,Laborer,Female,69534,Black,Divorced,PIP,4,3262,06-10-2022,4,3,3,10-05-2023,Communication Skills,Internal,Passed,4,959.73,KaseyPreston,38,Active,35-44,,,1,3.33,0.54,0-1 yr
Cruz,Davila,20-04-2022,30-04-2023,Production Technician I,NEL,Full-Time,Zone A,Part-Time,Involuntary,Production,Engineers,14-04-1990,MA,Drafter,Male,41746,Asian,Single,PIP,2,3263,18-06-2023,1,3,2,11-04-2023,Project Management,Internal,Passed,5,320.26,CruzDavila,33,Terminated,25-34,2023,April,1,2,1.03,1-3 yr
Alani,Phillips,31-12-2021,10-05-2023,Production Technician I,PL,Part-Time,Zone C,Part-Time,Involuntary,Production,General - Eng,09-06-1950,MA,Engineer,Male,16282,Asian,Married,Fully Meets,5,3264,19-07-2023,1,4,3,01-09-2022,Leadership Development,Internal,Failed,4,506.18,AlaniPhillips,73,Terminated,55+,2023,May,0,2.67,1.36,1-3 yr
Giovanni,Klein,31-10-2018,,Production Technician I,BPC,Part-Time,Zone C,Full-Time,Unk,Production,Aerial,23-01-1993,MA,Groundman,Female,26076,Asian,Single,Fully Meets,1,3265,10-09-2022,4,3,2,07-12-2022,Customer Service,External,Failed,1,721.96,GiovanniKlein,29,Active,25-34,,,0,3,3.86,3-5 yr
Max,Mahoney,24-07-2020,,Production Technician I,CCDR,Contract,Zone A,Full-Time,Unk,Production,Wireline Construction,23-08-1996,MA,Laborer,Female,22339,Black,Married,Fully Meets,2,3266,17-01-2023,1,2,3,17-11-2022,Project Management,External,Incomplete,5,157.85,MaxMahoney,26,Active,25-34,,,0,2,2.48,1-3 yr
Perla,Terry,12-12-2019,17-01-2020,Production Technician I,SVG,Contract,Zone C,Part-Time,Voluntary,Production,Splicing,07-11-1963,MA,Laborer,Female,52402,Other,Single,Fully Meets,5,3267,14-06-2023,1,5,2,27-10-2022,Communication Skills,External,Incomplete,1,980.78,PerlaTerry,59,Terminated,55+,2020,January,0,2.67,0.1,0-1 yr
Makai,Ochoa,22-06-2023,,Production Technician I,EW,Contract,Zone A,Temporary,Unk,Production,Field Operations,21-08-1962,MA,Driver,Female,43825,Asian,Single,Fully Meets,2,3268,30-06-2023,1,5,4,24-06-2023,Project Management,Internal,Failed,5,988.08,MakaiOchoa,60,Active,55+,,,0,3.33,0.02,0-1 yr
Caiden,Hogan,20-06-2021,,Production Technician I,MSC,Full-Time,Zone C,Temporary,Unk,Production,Field Operations,08-04-2000,MA,Laborer,Male,92624,Asian,Married,Fully Meets,1,3269,30-11-2022,1,5,2,11-04-2023,Customer Service,Internal,Passed,1,322.45,CaidenHogan,22,Active,<25,,,1,2.67,1.45,1-3 yr
Brandon,Dickerson,31-10-2019,,Production Technician I,TNS,Full-Time,Zone B,Full-Time,Unk,Production,Splicing,09-04-1958,MA,Technician,Male,88948,Asian,Single,Fully Meets,2,3270,26-09-2022,5,5,4,13-10-2022,Leadership Development,External,Passed,1,147.59,BrandonDickerson,64,Active,55+,,,1,4.67,2.9,1-3 yr
Taryn,Snow,02-07-2019,26-11-2022,Production Technician I,PYZ,Contract,Zone B,Part-Time,Involuntary,Production,Engineers,29-04-1970,MA,Engineer,Male,72709,Asian,Divorced,Fully Meets,3,3271,12-03-2023,1,5,1,15-03-2023,Technical Skills,External,Passed,3,747.02,TarynSnow,52,Terminated,45-54,2022,November,1,2.33,3.4,3-5 yr
Monserrat,Cooke,10-02-2023,,Production Technician I,WBL,Contract,Zone C,Part-Time,Unk,Production,Aerial,22-08-1959,MA,Flagger,Male,38780,Other,Widowed,Fully Meets,3,3272,02-03-2023,5,5,2,30-01-2023,Leadership Development,External,Passed,2,419.09,MonserratCooke,63,Active,55+,,,1,4,0.05,0-1 yr
Zaria,Mcintosh,16-09-2022,,Production Technician I,NEL,Full-Time,Zone A,Temporary,Unk,Production,People Services,08-12-1998,MA,Coordinator,Female,24573,Asian,Divorced,Fully Meets,4,3273,05-05-2023,4,5,4,04-11-2022,Technical Skills,Internal,Passed,3,484.19,ZariaMcintosh,24,Active,<25,,,1,4.33,0.63,0-1 yr
Arely,May,21-01-2020,29-07-2020,Production Technician I,PL,Part-Time,Zone B,Full-Time,Retirement,Production,Aerial,28-06-1965,MA,Foreman,Female,30214,Other,Divorced,PIP,3,3274,25-06-2023,3,5,4,07-12-2022,Customer Service,External,Failed,3,293.34,ArelyMay,58,Terminated,55+,2020,July,0,4,0.52,0-1 yr
Gina,Kent,16-11-2022,,Production Technician I,BPC,Part-Time,Zone B,Temporary,Unk,Production,General - Con,31-12-1991,MA,Foreman,Male,66377,Other,Divorced,PIP,3,3275,25-06-2023,1,2,3,28-11-2022,Technical Skills,Internal,Incomplete,3,942.66,GinaKent,31,Active,25-34,,,0,2,0.61,0-1 yr
Catherine,Anthony,25-01-2021,,Production Technician I,CCDR,Contract,Zone A,Temporary,Unk,Production,Engineers,20-11-1996,MA,Project Manager,Male,83059,Asian,Divorced,Fully Meets,2,3276,20-03-2023,2,2,4,15-08-2022,Project Management,External,Completed,3,826.54,CatherineAnthony,26,Active,25-34,,,1,2.67,2.15,1-3 yr
Wade,Beltran,16-06-2023,24-06-2023,Production Technician II,NEL,Part-Time,Zone B,Temporary,Retirement,Production,Aerial,21-05-1980,MA,Foreman,Female,86836,Hispanic,Married,Fully Meets,5,3277,07-01-2023,3,2,3,14-03-2023,Project Management,Internal,Passed,1,997.87,WadeBeltran,42,Terminated,35-44,2023,June,1,2.67,0.02,0-1 yr
Mina,Bryant,08-09-2020,17-10-2021,Production Technician II,PL,Contract,Zone A,Part-Time,Retirement,Production,Field Operations,15-11-1944,MA,Laborer,Female,4862,Black,Married,Fully Meets,4,3278,14-10-2022,1,4,4,15-03-2023,Leadership Development,Internal,Failed,3,855.9,MinaBryant,77,Terminated,55+,2021,October,0,3,1.11,1-3 yr
Jonas,Everett,23-01-2019,24-11-2020,Production Technician II,BPC,Full-Time,Zone A,Full-Time,Involuntary,Production,Engineers,31-01-1994,MA,Project Manager,Male,53530,Black,Married,Fully Meets,5,3279,01-04-2023,5,2,1,30-10-2022,Technical Skills,Internal,Incomplete,4,518.24,JonasEverett,29,Terminated,25-34,2020,November,0,2.67,1.84,1-3 yr
Makaila,Pham,29-05-2023,23-07-2023,Production Technician II,CCDR,Part-Time,Zone A,Temporary,Involuntary,Production,Project Management - Con,09-07-1983,MA,Manager,Male,59596,Other,Divorced,Fully Meets,5,3280,03-08-2023,4,5,4,24-09-2022,Project Management,External,Incomplete,3,580.09,MakailaPham,40,Terminated,35-44,2023,July,0,4.33,0.15,0-1 yr
Gloria,Rose,16-08-2019,,Production Technician II,SVG,Contract,Zone B,Full-Time,Unk,Production,General - Con,23-07-1954,MA,Laborer,Male,65633,Hispanic,Divorced,Fully Meets,5,3281,27-02-2023,4,4,4,23-01-2023,Project Management,Internal,Passed,3,104.8,GloriaRose,68,Active,55+,,,1,4,3.53,3-5 yr
Rebekah,Carpenter,04-06-2020,,Production Technician II,EW,Full-Time,Zone B,Full-Time,Unk,Production,Wireline Construction,23-06-1978,MA,Lineman,Female,54457,Asian,Married,Fully Meets,3,3282,30-04-2023,5,1,1,09-05-2023,Project Management,External,Failed,2,939.86,RebekahCarpenter,44,Active,35-44,,,0,2.33,2.9,1-3 yr
Iris,Reynolds,21-07-2020,,Production Technician II,MSC,Contract,Zone B,Part-Time,Unk,Production,Wireline Construction,13-08-1988,MA,Lineman,Female,16989,Hispanic,Married,Fully Meets,3,3283,19-10-2022,1,3,3,03-03-2023,Communication Skills,Internal,Incomplete,2,353.7,IrisReynolds,34,Active,25-34,,,0,2.33,2.25,1-3 yr
Kennedi,Howell,21-08-2022,29-03-2023,Production Technician I,EW,Contract,Zone A,Part-Time,Resignation,Production,Fielders,17-10-1948,MA,Technician,Male,22735,Other,Divorced,Fully Meets,2,3284,09-12-2022,2,4,1,20-10-2022,Technical Skills,External,Incomplete,5,538.22,KennediHowell,74,Terminated,55+,2023,March,0,2.33,0.6,0-1 yr
Rashad,Sutton,16-07-2021,12-06-2023,Production Technician I,MSC,Contract,Zone B,Part-Time,Retirement,Production,Wireline Construction,15-01-1954,MA,Laborer,Male,81424,Other,Single,PIP,4,3285,29-05-2023,3,3,3,07-05-2023,Project Management,External,Incomplete,2,698.54,RashadSutton,69,Terminated,55+,2023,June,0,3,1.91,1-3 yr
Regan,Conrad,06-11-2019,,Production Technician I,NEL,Full-Time,Zone C,Temporary,Unk,Production,Project Management - Con,15-08-1970,MA,Project Manager,Female,70949,White,Divorced,PIP,3,3286,25-04-2023,3,1,4,16-05-2023,Project Management,External,Completed,1,692.96,ReganConrad,52,Active,45-54,,,1,2.67,3.47,3-5 yr
Litzy,Arias,01-01-2021,,Production Technician I,PL,Part-Time,Zone A,Temporary,Unk,Production,General - Con,10-06-1979,MA,Laborer,Female,44442,Asian,Divorced,Fully Meets,1,3287,31-03-2023,5,1,2,18-08-2022,Project Management,Internal,Incomplete,3,997.37,LitzyArias,43,Active,35-44,,,0,2.67,2.24,1-3 yr
Eden,Silva,24-09-2019,,Production Technician I,PYZ,Full-Time,Zone A,Temporary,Unk,Production,Field Operations,16-12-1967,MA,Foreman,Female,92307,White,Divorced,Fully Meets,2,3288,31-03-2023,1,5,2,15-12-2022,Customer Service,Internal,Failed,1,523.79,EdenSilva,55,Active,55+,,,0,2.67,3.52,3-5 yr
Kinley,Serrano,17-05-2020,,Production Technician I,SVG,Contract,Zone A,Full-Time,Unk,Production,General - Con,06-11-1980,MA,Groundman,Female,87752,White,Divorced,Fully Meets,4,3289,13-06-2023,3,5,1,31-03-2023,Customer Service,Internal,Completed,5,923.23,KinleySerrano,42,Active,35-44,,,1,3,3.07,3-5 yr
Jaiden,Middleton,07-08-2018,,Production Technician I,TNS,Part-Time,Zone A,Full-Time,Unk,Production,Field Operations,07-12-1995,MA,Mechanic,Male,60198,Other,Single,Fully Meets,3,3290,14-07-2023,1,1,2,24-01-2023,Customer Service,External,Completed,5,406.19,JaidenMiddleton,27,Active,25-34,,,1,1.33,4.93,3-5 yr
Shamar,Serrano,01-08-2023,,Production Technician I,WBL,Contract,Zone C,Full-Time,Unk,Production,General - Con,09-08-1957,MA,Flagger,Male,50905,Hispanic,Married,Fully Meets,2,3291,28-06-2023,1,1,3,02-10-2022,Technical Skills,Internal,Completed,2,394.74,ShamarSerrano,65,Active,55+,,,1,1.67,-0.09,
Nadia,Romero,12-01-2019,09-01-2020,Production Technician I,PYZ,Part-Time,Zone C,Part-Time,Retirement,Production,Field Operations,13-05-1946,MA,Engineer,Male,2769,Asian,Single,Fully Meets,4,3292,14-08-2022,5,4,3,03-01-2023,Leadership Development,Internal,Passed,5,237.3,NadiaRomero,76,Terminated,55+,2020,January,1,4,0.99,0-1 yr
Lillianna,Hill,09-04-2021,29-11-2022,Production Technician I,WBL,Contract,Zone C,Full-Time,Retirement,Production,General - Con,01-09-1967,MA,Technician,Female,90732,Black,Married,Fully Meets,3,3293,29-06-2023,5,3,4,19-01-2023,Leadership Development,Internal,Incomplete,2,261.25,LilliannaHill,55,Terminated,55+,2022,November,0,4,1.64,1-3 yr
Brent,Henry,04-06-2022,24-12-2022,Production Technician I,NEL,Full-Time,Zone A,Temporary,Retirement,Production,Aerial,06-06-1965,MA,Lineman,Female,12076,Other,Divorced,Fully Meets,3,3294,28-01-2023,3,2,2,09-07-2023,Communication Skills,External,Incomplete,3,582.07,BrentHenry,57,Terminated,55+,2022,December,0,2.33,0.56,0-1 yr
Emmanuel,Perkins,31-05-2019,,Production Technician I,PL,Part-Time,Zone C,Full-Time,Unk,Production,Aerial,18-11-1954,MA,Groundman,Female,27767,Black,Divorced,Fully Meets,5,3295,11-08-2022,1,2,1,04-10-2022,Leadership Development,Internal,Passed,4,286.88,EmmanuelPerkins,67,Active,55+,,,1,1.33,3.2,3-5 yr
Isis,Brooks,07-01-2019,08-10-2019,Production Technician I,BPC,Part-Time,Zone C,Full-Time,Voluntary,Production,Field Operations,07-10-1947,MA,Foreman,Male,24886,White,Married,PIP,2,3296,13-10-2022,1,4,5,17-07-2023,Communication Skills,Internal,Passed,2,602.7,IsisBrooks,75,Terminated,55+,2019,October,1,3.33,0.75,0-1 yr
Axel,Dunlap,18-07-2020,20-04-2021,Production Technician I,CCDR,Contract,Zone A,Temporary,Retirement,Production,Field Operations,12-10-1955,MA,Engineer,Male,25813,Black,Married,Fully Meets,4,3297,22-10-2022,2,3,3,11-05-2023,Communication Skills,External,Incomplete,1,440.54,AxelDunlap,67,Terminated,55+,2021,April,0,2.67,0.76,0-1 yr
Tatum,Petty,19-11-2020,21-05-2021,Production Technician II,EW,Full-Time,Zone A,Full-Time,Involuntary,Production,Field Operations,10-03-1996,MA,Technician,Female,88404,Hispanic,Widowed,Fully Meets,5,3298,12-12-2022,3,4,4,15-04-2023,Customer Service,Internal,Completed,1,549.56,TatumPetty,26,Terminated,25-34,2021,May,1,3.67,0.5,0-1 yr
Devyn,Pace,10-11-2022,,Production Technician II,MSC,Part-Time,Zone A,Full-Time,Unk,Production,Wireline Construction,10-06-1975,MA,Supervisor,Male,51576,White,Widowed,Fully Meets,4,3299,31-01-2023,4,1,2,02-04-2023,Leadership Development,Internal,Incomplete,4,721.03,DevynPace,47,Active,45-54,,,0,2.33,0.22,0-1 yr
Rosemary,Becker,25-03-2021,08-05-2022,Production Technician II,NEL,Full-Time,Zone B,Part-Time,Resignation,Production,Field Operations,27-11-1946,MA,Technician,Male,73771,White,Married,Fully Meets,2,3300,09-02-2023,1,1,3,24-04-2023,Leadership Development,External,Incomplete,2,897.32,RosemaryBecker,76,Terminated,55+,2022,May,0,1.67,1.12,1-3 yr
Amiah,Sweeney,13-05-2019,13-08-2022,Production Technician II,PL,Contract,Zone B,Full-Time,Retirement,Production,Field Operations,27-08-1997,MA,Construction Manager,Male,65436,Black,Divorced,Fully Meets,1,3301,10-11-2022,2,2,2,03-02-2023,Customer Service,Internal,Incomplete,1,443.13,AmiahSweeney,25,Terminated,25-34,2022,August,0,2,3.25,3-5 yr
Maya,Mccoy,07-06-2019,06-11-2022,Production Technician II,PYZ,Full-Time,Zone A,Part-Time,Retirement,Production,General - Con,25-07-1943,MA,Lineman,Female,77353,Hispanic,Married,Fully Meets,4,3302,24-09-2022,5,1,2,16-03-2023,Communication Skills,External,Incomplete,4,584.29,MayaMccoy,79,Terminated,55+,2022,November,0,2.67,3.42,3-5 yr
Ty,Page,18-02-2023,,Production Technician II,SVG,Full-Time,Zone A,Part-Time,Unk,Production,Field Operations,11-11-1981,MA,Laborer,Female,49310,Black,Single,Fully Meets,3,3303,08-03-2023,1,2,1,19-07-2023,Customer Service,Internal,Incomplete,2,249.76,TyPage,41,Active,35-44,,,0,1.33,0.05,0-1 yr
Destiney,Kirby,02-04-2019,,Production Technician II,TNS,Part-Time,Zone A,Temporary,Unk,Production,Wireline Construction,07-12-1984,MA,Foreman,Female,71443,Other,Single,Fully Meets,4,3304,15-06-2023,2,4,2,15-06-2023,Communication Skills,External,Incomplete,2,123.32,DestineyKirby,38,Active,35-44,,,0,2.67,4.2,3-5 yr
Jace,Galloway,30-11-2020,23-10-2022,Production Technician I,WBL,Contract,Zone C,Part-Time,Involuntary,Production,Project Management - Con,09-07-1992,MA,Coordinator,Female,18362,Other,Widowed,Fully Meets,4,3305,08-08-2022,5,4,5,01-12-2022,Project Management,Internal,Completed,1,149.24,JaceGalloway,30,Terminated,25-34,2022,October,1,4.67,1.89,1-3 yr
Justice,Guerra,24-09-2022,27-10-2022,Production Technician I,NEL,Full-Time,Zone A,Temporary,Voluntary,Production,Field Operations,31-03-1992,MA,Laborer,Male,78658,White,Married,PIP,4,3306,17-12-2022,3,5,1,13-01-2023,Project Management,External,Incomplete,3,267.72,JusticeGuerra,30,Terminated,25-34,2022,October,0,3,0.09,0-1 yr
Quincy,Cardenas,21-06-2019,,Production Technician I,PL,Full-Time,Zone C,Full-Time,Unk,Production,Executive,18-10-1978,MA,Vp,Male,96247,Asian,Married,Fully Meets,4,3307,23-10-2022,2,4,1,28-01-2023,Leadership Development,Internal,Passed,5,837.16,QuincyCardenas,44,Active,35-44,,,1,2.33,3.34,3-5 yr
Alyvia,Mitchell,10-06-2022,,Production Technician I,BPC,Contract,Zone C,Temporary,Unk,Production,General - Sga,22-11-1998,MA,Administrative,Female,70865,Black,Married,Fully Meets,3,3308,05-01-2023,1,3,2,05-04-2023,Project Management,Internal,Passed,4,864.47,AlyviaMitchell,24,Active,<25,,,1,2,0.57,0-1 yr
Lillie,Potter,18-10-2020,,Production Technician I,CCDR,Part-Time,Zone B,Part-Time,Unk,Production,Finance & Accounting,17-04-2000,MA,Assistant,Female,24730,White,Single,Fully Meets,1,3309,31-05-2023,2,3,5,15-09-2022,Customer Service,External,Completed,3,547.86,LilliePotter,23,Active,<25,,,1,3.33,2.61,1-3 yr
George,Fritz,02-02-2022,04-02-2023,Production Technician I,SVG,Part-Time,Zone B,Part-Time,Retirement,Production,Executive,25-07-1975,MA,Vp,Female,53426,Asian,Married,Fully Meets,3,3310,04-11-2022,4,5,5,22-07-2023,Project Management,External,Incomplete,3,514.23,GeorgeFritz,47,Terminated,45-54,2023,February,0,4.67,1,0-1 yr
William,Avila,17-06-2021,03-12-2021,Production Technician I,EW,Contract,Zone A,Temporary,Retirement,Production,Field Operations,12-03-1974,MA,Project Manager,Female,15819,Black,Widowed,Fully Meets,4,3311,31-07-2023,5,2,1,10-12-2022,Communication Skills,Internal,Passed,3,773.82,WilliamAvila,49,Terminated,45-54,2021,December,1,2.67,0.46,0-1 yr
Saniya,Mosley,01-12-2018,,Production Technician I,MSC,Part-Time,Zone C,Temporary,Unk,Production,Engineers,30-04-1946,MA,Engineer,Male,27839,Hispanic,Married,Fully Meets,4,3312,14-06-2023,3,1,4,11-11-2022,Communication Skills,Internal,Failed,4,760.81,SaniyaMosley,77,Active,55+,,,0,2.67,4.53,3-5 yr
Aimee,Davila,09-05-2021,,Production Technician I,TNS,Full-Time,Zone B,Full-Time,Unk,Production,Wireline Construction,16-02-1976,MA,Assistant,Male,36560,Hispanic,Married,Fully Meets,3,3313,31-05-2023,1,2,2,30-03-2023,Technical Skills,Internal,Failed,1,705.95,AimeeDavila,47,Active,45-54,,,0,1.67,2.06,1-3 yr
German,Hobbs,01-01-2019,,Production Technician I,PYZ,Part-Time,Zone A,Temporary,Unk,Production,General - Eng,24-09-1955,MA,Project Manager,Male,19525,Other,Widowed,Fully Meets,4,3314,30-01-2023,1,4,1,10-06-2023,Customer Service,External,Incomplete,2,651.52,GermanHobbs,67,Active,55+,,,0,2,4.08,3-5 yr
Amy,Pace,13-10-2018,18-03-2020,Production Technician I,WBL,Full-Time,Zone C,Temporary,Involuntary,Production,Field Operations,15-04-1957,MA,Locator,Female,85181,Other,Widowed,Fully Meets,3,3315,20-06-2023,5,3,4,03-02-2023,Leadership Development,Internal,Incomplete,1,976.59,AmyPace,66,Terminated,55+,2020,March,0,4,1.43,1-3 yr
Bronson,Houston,25-04-2020,13-12-2022,Production Technician I,NEL,Part-Time,Zone C,Full-Time,Retirement,Production,Catv,11-11-1975,MA,Lineman,Female,37802,Hispanic,Widowed,Fully Meets,3,3316,10-08-2022,2,1,2,17-08-2022,Communication Skills,Internal,Failed,1,780.12,BronsonHouston,46,Terminated,45-54,2022,December,0,1.67,2.63,1-3 yr
Shyann,Hurst,17-03-2022,,Production Technician I,PL,Part-Time,Zone C,Full-Time,Unk,Production,Finance & Accounting,08-04-1983,MA,Specialist,Female,90537,Other,Single,Fully Meets,3,3317,11-03-2023,1,5,5,20-12-2022,Customer Service,External,Passed,1,870.15,ShyannHurst,39,Active,35-44,,,1,3.67,0.98,0-1 yr
Maddison,Dixon,18-11-2019,10-02-2022,Production Technician I,BPC,Part-Time,Zone A,Full-Time,Resignation,Production,People Services,08-12-1996,MA,Administrator,Male,61532,White,Divorced,Fully Meets,3,3318,17-11-2022,4,3,3,16-09-2022,Leadership Development,Internal,Incomplete,2,728.28,MaddisonDixon,25,Terminated,25-34,2022,February,0,3.33,2.23,1-3 yr
Madelynn,Murillo,09-10-2019,,Production Technician II,NEL,Full-Time,Zone B,Temporary,Unk,Production,Field Operations,25-01-1963,MA,Laborer,Female,34874,Hispanic,Married,Fully Meets,3,3319,05-08-2022,5,3,4,27-06-2023,Technical Skills,Internal,Completed,2,141.88,MadelynnMurillo,59,Active,55+,,,1,4,2.82,1-3 yr
Zachery,Moreno,18-05-2020,,Production Technician II,PL,Part-Time,Zone A,Part-Time,Unk,Production,General - Con,06-07-1969,MA,Foreman,Male,31303,Other,Divorced,Fully Meets,5,3320,10-01-2023,1,4,4,16-10-2022,Project Management,Internal,Completed,3,678.77,ZacheryMoreno,53,Active,45-54,,,1,3,2.65,1-3 yr
Tatum,Terrell,17-02-2019,,Production Technician II,BPC,Contract,Zone B,Full-Time,Unk,Production,Engineers,11-01-1986,MA,Technician,Male,37576,White,Single,Fully Meets,2,3321,05-01-2023,4,1,3,23-08-2022,Project Management,Internal,Passed,1,134.05,TatumTerrell,37,Active,35-44,,,1,2.67,3.88,3-5 yr
Roland,Berg,31-07-2020,27-09-2022,Production Technician II,CCDR,Part-Time,Zone B,Full-Time,Voluntary,Production,Aerial,09-10-1943,MA,Lineman,Male,25557,White,Single,Fully Meets,4,3322,27-11-2022,2,5,4,11-05-2023,Communication Skills,External,Failed,5,371.76,RolandBerg,79,Terminated,55+,2022,September,0,3.67,2.16,1-3 yr
Lilliana,Cowan,17-06-2023,13-07-2023,Production Technician II,SVG,Full-Time,Zone C,Temporary,Voluntary,Production,Project Management - Con,04-06-1962,MA,Laborer,Female,27946,Black,Married,Fully Meets,4,3323,09-11-2022,5,3,5,27-09-2022,Communication Skills,External,Incomplete,5,967.51,LillianaCowan,60,Terminated,55+,2023,July,0,4.33,0.07,0-1 yr
Beatrice,Vance,30-06-2019,24-07-2022,Production Technician II,EW,Part-Time,Zone A,Part-Time,Involuntary,Production,Splicing,04-11-1952,MA,Splicer,Female,11516,Black,Divorced,PIP,3,3324,06-09-2022,3,2,5,16-06-2023,Technical Skills,External,Failed,3,468.78,BeatriceVance,69,Terminated,55+,2022,July,0,3.33,3.07,3-5 yr
Andrea,Khan,13-07-2021,11-03-2022,Production Technician II,MSC,Contract,Zone A,Part-Time,Involuntary,Production,Field Operations,14-10-1993,MA,Technician,Female,19512,White,Single,Fully Meets,3,3325,20-03-2023,4,5,5,17-04-2023,Technical Skills,External,Completed,4,747.42,AndreaKhan,29,Terminated,25-34,2022,March,1,4.67,0.66,0-1 yr
Keagan,Vaughan,14-01-2022,,Production Technician I,PYZ,Contract,Zone A,Temporary,Unk,Production,General - Con,03-09-1941,MA,Laborer,Male,20146,Hispanic,Divorced,Fully Meets,3,3326,24-06-2023,4,1,3,06-11-2022,Project Management,Internal,Completed,3,115.27,KeaganVaughan,81,Active,55+,,,1,2.67,1.44,1-3 yr
Selah,Ibarra,01-01-2020,,Production Technician I,WBL,Contract,Zone C,Full-Time,Unk,Production,Fielders,27-04-1979,MA,Technician,Female,91044,Hispanic,Widowed,Fully Meets,1,3327,13-12-2022,5,1,1,04-06-2023,Customer Service,Internal,Incomplete,3,454.55,SelahIbarra,43,Active,35-44,,,0,2.33,2.95,1-3 yr
Braylen,Cruz,24-10-2020,11-04-2023,Production Technician I,NEL,Part-Time,Zone A,Full-Time,Resignation,Production,Engineers,06-02-1961,MA,Engineer,Male,24046,White,Married,Fully Meets,3,3328,19-05-2023,2,5,4,26-11-2022,Technical Skills,Internal,Failed,1,391.22,BraylenCruz,62,Terminated,55+,2023,April,0,3.67,2.46,1-3 yr
Gabriel,Smith,24-10-2020,,Production Technician I,PL,Part-Time,Zone B,Full-Time,Unk,Production,General - Sga,08-10-1978,MA,Coordinator,Male,90483,Hispanic,Divorced,Fully Meets,4,3329,03-12-2022,4,4,3,21-12-2022,Customer Service,External,Incomplete,3,845.51,GabrielSmith,44,Active,35-44,,,0,3.67,2.11,1-3 yr
Esther,Willis,09-08-2020,,Production Technician I,BPC,Part-Time,Zone C,Part-Time,Unk,Production,Fielders,19-03-1976,MA,Engineer,Female,83923,White,Divorced,Fully Meets,4,3330,26-04-2023,1,3,3,22-04-2023,Project Management,External,Incomplete,2,713.22,EstherWillis,47,Active,45-54,,,0,2.33,2.71,1-3 yr
Sydney,Chang,24-03-2019,16-10-2020,Production Technician I,CCDR,Full-Time,Zone A,Part-Time,Voluntary,Production,Field Operations,06-11-1963,MA,Technician,Female,6014,Other,Single,Fully Meets,2,3331,26-08-2022,1,5,5,11-08-2022,Communication Skills,Internal,Passed,2,242.55,SydneyChang,58,Terminated,55+,2020,October,1,3.67,1.57,1-3 yr
Will,Morse,29-10-2022,,Production Technician I,SVG,Part-Time,Zone B,Temporary,Unk,Production,Wireline Construction,06-03-1961,MA,Driver,Female,34868,Other,Widowed,Fully Meets,3,3332,29-03-2023,2,4,5,09-02-2023,Technical Skills,Internal,Completed,5,385.68,WillMorse,62,Active,55+,,,1,3.67,0.41,0-1 yr
Yael,Sexton,16-05-2023,,Production Technician I,EW,Contract,Zone B,Temporary,Unk,Production,Field Operations,29-10-1992,MA,Administrative,Male,45740,Hispanic,Single,Fully Meets,3,3333,23-12-2022,2,3,1,05-01-2023,Customer Service,Internal,Passed,4,995.4,YaelSexton,30,Active,25-34,,,1,2,-0.39,
Brendon,Ryan,30-05-2023,,Production Technician I,MSC,Part-Time,Zone B,Part-Time,Unk,Production,Project Management - Con,19-05-1989,MA,Drafter,Male,46494,White,Single,Fully Meets,3,3334,18-08-2022,1,4,2,23-10-2022,Project Management,External,Completed,5,583.4,BrendonRyan,33,Active,25-34,,,1,2.33,-0.78,
Abbigail,Solis,28-06-2019,16-12-2021,Production Technician I,TNS,Part-Time,Zone B,Temporary,Resignation,Production,Field Operations,07-04-1992,MA,Driller,Male,38014,Other,Divorced,Fully Meets,3,3335,01-12-2022,5,1,3,17-03-2023,Project Management,Internal,Incomplete,5,388.61,AbbigailSolis,30,Terminated,25-34,2021,December,0,3,2.47,1-3 yr
Sincere,Preston,25-03-2023,17-05-2023,Production Technician I,PYZ,Contract,Zone A,Part-Time,Retirement,Production,General - Con,21-06-1979,MA,Coordinator,Male,75099,Asian,Divorced,Fully Meets,3,3336,25-01-2023,4,4,2,02-04-2023,Leadership Development,Internal,Incomplete,4,290.13,SincerePreston,43,Terminated,35-44,2023,May,0,3.33,0.15,0-1 yr
Jorge,Pineda,26-08-2022,,Production Technician I,WBL,Full-Time,Zone A,Part-Time,Unk,Production,Engineers,29-01-1973,MA,Project Manager,Female,12948,Black,Single,Fully Meets,3,3337,21-02-2023,5,5,2,28-04-2023,Customer Service,Internal,Failed,3,933.76,JorgePineda,50,Active,45-54,,,0,4,0.49,0-1 yr
Aspen,Underwood,15-11-2019,,Production Technician I,NEL,Contract,Zone C,Temporary,Unk,Production,General - Con,05-03-1950,MA,Laborer,Female,67665,Hispanic,Divorced,Fully Meets,3,3338,28-03-2023,3,2,4,23-06-2023,Project Management,External,Incomplete,3,796.62,AspenUnderwood,73,Active,55+,,,0,3,3.36,3-5 yr
Alyson,Hickman,22-08-2021,,Production Technician I,PL,Part-Time,Zone C,Part-Time,Unk,Production,Technology / It,11-12-1951,MA,Engineer,Male,50557,Hispanic,Divorced,Fully Meets,5,3339,01-08-2023,1,1,3,02-02-2023,Customer Service,External,Failed,4,986.69,AlysonHickman,71,Active,55+,,,0,1.67,1.94,1-3 yr
Mina,Hancock,29-11-2022,,Production Technician I,BPC,Part-Time,Zone A,Full-Time,Unk,Production,General - Con,10-05-1961,MA,Technician,Male,87065,White,Married,Fully Meets,3,3340,14-12-2022,5,2,3,09-07-2023,Technical Skills,External,Failed,4,965.82,MinaHancock,61,Active,55+,,,0,3.33,0.04,0-1 yr
Konner,Sheppard,15-10-2022,25-01-2023,Production Technician II,WBL,Full-Time,Zone C,Temporary,Involuntary,Production,General - Con,28-01-1955,MA,Splicer,Female,78768,White,Single,Fully Meets,1,3341,20-03-2023,3,5,3,19-07-2023,Technical Skills,Internal,Failed,1,933.59,KonnerSheppard,68,Terminated,55+,2023,January,0,3.67,0.28,0-1 yr
London,Nunez,31-07-2021,,Production Technician II,NEL,Full-Time,Zone C,Part-Time,Unk,Production,Aerial,17-02-2000,MA,Lineman,Male,35072,Other,Widowed,Fully Meets,2,3342,12-12-2022,3,4,1,15-11-2022,Leadership Development,Internal,Failed,4,583.66,LondonNunez,22,Active,<25,,,0,2.67,1.37,1-3 yr
Seth,Huff,21-02-2022,26-05-2023,Production Technician II,PL,Part-Time,Zone A,Full-Time,Retirement,Production,Field Operations,25-11-1965,MA,Mechanic,Male,87930,Hispanic,Married,Fully Meets,4,3343,21-07-2023,4,2,5,05-07-2023,Technical Skills,External,Failed,2,819.62,SethHuff,57,Terminated,55+,2023,May,0,3.67,1.26,1-3 yr
Justine,Villanueva,29-08-2021,,Production Technician II,BPC,Contract,Zone B,Temporary,Unk,Production,General - Con,12-03-1958,MA,Lineman,Male,71735,White,Married,Fully Meets,3,3344,13-07-2023,5,4,1,20-11-2022,Communication Skills,Internal,Failed,5,925,JustineVillanueva,65,Active,55+,,,0,3.33,1.87,1-3 yr
Moshe,Anderson,13-12-2021,29-01-2023,Production Technician II,CCDR,Full-Time,Zone C,Part-Time,Retirement,Production,Project Management - Con,09-04-1981,MA,Director,Male,66521,Asian,Single,Fully Meets,4,3345,22-02-2023,1,1,3,28-12-2022,Project Management,External,Incomplete,5,127.93,MosheAnderson,41,Terminated,35-44,2023,January,0,1.67,1.13,1-3 yr
Kadyn,Bush,30-03-2021,12-02-2022,Production Technician II,SVG,Part-Time,Zone B,Temporary,Involuntary,Production,Yard (Material Handling),07-04-1957,MA,Lineman,Female,47048,Other,Divorced,Fully Meets,2,3346,25-05-2023,5,3,2,27-10-2022,Leadership Development,Internal,Incomplete,1,608.47,KadynBush,66,Terminated,55+,2022,February,0,3.33,0.87,0-1 yr
Ahmed,Lindsey,02-02-2021,13-05-2022,Production Technician II,EW,Contract,Zone C,Temporary,Resignation,Production,Catv,22-08-1962,MA,Operator,Female,17960,Hispanic,Divorced,Fully Meets,3,3347,06-05-2023,4,2,1,24-01-2023,Technical Skills,External,Incomplete,1,501.92,AhmedLindsey,60,Terminated,55+,2022,May,0,2.33,1.27,1-3 yr
Ryder,Bray,31-10-2019,,Production Technician II,MSC,Part-Time,Zone A,Part-Time,Unk,Production,General - Con,01-12-1987,MA,Laborer,Female,42857,Asian,Widowed,Fully Meets,2,3348,18-09-2022,5,2,1,29-04-2023,Project Management,Internal,Passed,2,922.33,RyderBray,34,Active,25-34,,,1,2.67,2.88,1-3 yr
Taylor,Bonilla,07-11-2022,,Production Technician I,WBL,Contract,Zone A,Full-Time,Unk,Production,General - Eng,27-02-1959,MA,Drafter,Male,85935,Hispanic,Divorced,Fully Meets,3,3349,01-12-2022,1,4,3,31-08-2022,Project Management,Internal,Incomplete,5,306.01,TaylorBonilla,63,Active,55+,,,0,2.67,0.07,0-1 yr
Jalen,Richmond,20-11-2022,,Production Technician I,BPC,Full-Time,Zone B,Part-Time,Unk,Production,Project Management - Con,07-01-1973,MA,Technician,Female,41824,Hispanic,Divorced,Fully Meets,5,3350,30-10-2022,2,1,1,30-09-2022,Project Management,Internal,Passed,2,963.95,JalenRichmond,49,Active,45-54,,,1,1.33,-0.06,
Kayden,Hill,15-12-2021,06-04-2022,Production Technician I,CCDR,Contract,Zone C,Part-Time,Involuntary,Production,Shop (Fleet),08-09-1974,MA,Warehouse,Male,57006,Hispanic,Married,Fully Meets,2,3351,14-02-2023,4,2,3,17-02-2023,Communication Skills,External,Incomplete,1,388.02,KaydenHill,48,Terminated,45-54,2022,April,0,3,0.31,0-1 yr
Aubree,Mooney,22-02-2023,,Production Technician I,EW,Part-Time,Zone B,Full-Time,Unk,Production,Field Operations,05-04-1986,MA,Groundman,Male,82003,Other,Single,Fully Meets,3,3352,22-01-2023,2,5,2,26-04-2023,Project Management,Internal,Failed,1,140.61,AubreeMooney,36,Active,35-44,,,0,3,-0.08,
Haven,Donaldson,29-03-2020,,Production Technician I,MSC,Contract,Zone B,Part-Time,Unk,Production,General - Con,11-06-1978,MA,Lineman,Female,62032,Hispanic,Married,Fully Meets,3,3353,11-01-2023,2,3,2,14-03-2023,Project Management,External,Incomplete,3,749.47,HavenDonaldson,44,Active,35-44,,,0,2.33,2.79,1-3 yr
Neil,Dunn,09-08-2021,16-06-2023,Production Technician I,NEL,Part-Time,Zone A,Temporary,Retirement,Production,Field Operations,21-04-1961,MA,Laborer,Female,14400,Asian,Single,Fully Meets,3,3354,02-09-2022,1,4,1,19-11-2022,Communication Skills,Internal,Incomplete,5,503.22,NeilDunn,61,Terminated,55+,2023,June,0,2,1.85,1-3 yr
Darryl,Ponce,02-01-2023,18-06-2023,Production Technician I,PL,Contract,Zone B,Part-Time,Resignation,Production,Aerial,23-02-1991,MA,Technician,Female,34876,White,Divorced,Fully Meets,5,3355,08-07-2023,1,3,3,14-06-2023,Leadership Development,Internal,Passed,4,492.21,DarrylPonce,32,Terminated,25-34,2023,June,1,2.33,0.46,0-1 yr
Cade,Heath,10-11-2018,,Production Technician I,PYZ,Full-Time,Zone C,Part-Time,Unk,Production,General - Eng,14-08-1991,MA,Technician,Female,34856,Asian,Married,Needs Improvement,3,3356,10-08-2022,2,5,1,08-08-2022,Leadership Development,External,Completed,5,890.94,CadeHeath,31,Active,25-34,,,1,2.67,3.75,3-5 yr
Sidney,Hooper,30-08-2022,,Production Technician I,SVG,Full-Time,Zone B,Temporary,Unk,Production,Engineers,09-08-1942,MA,Director,Male,78039,Asian,Married,Exceeds,1,3357,07-12-2022,3,3,1,12-07-2023,Technical Skills,Internal,Failed,2,621.3,SidneyHooper,80,Active,55+,,,0,2.33,0.27,0-1 yr
Johnathan,Mayo,30-07-2021,03-12-2022,Production Technician I,TNS,Full-Time,Zone A,Part-Time,Voluntary,Production,Field Operations,24-01-2000,MA,Laborer,Male,67062,Black,Divorced,Fully Meets,3,3358,27-09-2022,1,1,2,28-08-2022,Customer Service,External,Failed,5,806.4,JohnathanMayo,22,Terminated,<25,2022,December,0,1.33,1.34,1-3 yr
Anika,Arroyo,29-11-2020,,Production Technician I,WBL,Full-Time,Zone C,Temporary,Unk,Production,Field Operations,08-02-1980,MA,Laborer,Male,30982,Hispanic,Married,Exceeds,3,3359,29-04-2023,3,1,3,13-04-2023,Project Management,External,Passed,5,886.07,AnikaArroyo,43,Active,35-44,,,1,2.33,2.41,1-3 yr
Fatima,Kemp,24-03-2021,,Production Technician I,BPC,Part-Time,Zone A,Part-Time,Unk,Production,General - Con,20-05-1974,MA,Safety,Female,4369,Asian,Married,Exceeds,2,3360,25-06-2023,4,4,1,14-12-2022,Customer Service,External,Passed,3,740.89,FatimaKemp,49,Active,45-54,,,1,3,2.25,1-3 yr
Lilianna,Conway,29-12-2020,23-02-2022,Production Technician I,CCDR,Part-Time,Zone B,Temporary,Voluntary,Production,General - Con,04-10-1943,MA,Technician,Female,65806,Other,Single,Exceeds,3,3361,23-03-2023,1,3,3,14-11-2022,Communication Skills,External,Passed,1,921.81,LiliannaConway,79,Terminated,55+,2022,February,1,2.33,1.15,1-3 yr
Tony,Cooke,02-08-2021,,Production Technician I,EW,Full-Time,Zone C,Temporary,Unk,Production,Field Operations,10-11-1967,MA,Laborer,Female,90552,Asian,Widowed,Exceeds,1,3362,19-03-2023,1,5,1,31-07-2023,Customer Service,Internal,Passed,2,348.84,TonyCooke,55,Active,55+,,,1,2.33,1.63,1-3 yr
Trevor,Barry,30-03-2022,,Production Technician I,MSC,Part-Time,Zone A,Temporary,Unk,Production,Field Operations,26-07-1957,MA,Laborer,Male,31018,Black,Married,Exceeds,5,3363,22-06-2023,4,4,2,22-05-2023,Customer Service,External,Completed,2,826.15,TrevorBarry,65,Active,55+,,,1,3.33,1.23,1-3 yr
Marisa,Frank,05-03-2021,07-09-2021,Production Technician II,WBL,Part-Time,Zone A,Temporary,Retirement,Production,Engineers,05-06-1960,MA,Technician,Female,42754,Hispanic,Single,Exceeds,3,3364,18-03-2023,1,5,2,01-12-2022,Leadership Development,Internal,Completed,1,205.35,MarisaFrank,62,Terminated,55+,2021,September,1,2.67,0.51,0-1 yr
Shania,Flores,02-12-2020,,Production Technician II,NEL,Contract,Zone B,Temporary,Unk,Production,Project Management - Con,27-06-1948,MA,Laborer,Male,24571,Asian,Divorced,Fully Meets,3,3365,25-07-2023,1,1,4,23-08-2022,Communication Skills,External,Incomplete,1,349.86,ShaniaFlores,75,Active,55+,,,0,2,2.64,1-3 yr
Andre,Allison,20-01-2019,18-01-2020,Production Technician II,PL,Contract,Zone C,Full-Time,Voluntary,Production,General - Con,14-05-1976,MA,Project Manager,Male,74701,Black,Widowed,Exceeds,4,3366,21-08-2022,4,5,5,20-09-2022,Project Management,External,Passed,1,546.47,AndreAllison,46,Terminated,45-54,2020,January,1,4.67,0.99,0-1 yr
Destiny,Bright,30-05-2020,01-02-2022,Production Technician II,BPC,Full-Time,Zone B,Full-Time,Retirement,Production,Field Operations,16-10-1962,MA,Laborer,Male,35065,Other,Single,Exceeds,2,3367,11-09-2022,4,1,5,09-06-2023,Leadership Development,Internal,Passed,2,448.21,DestinyBright,59,Terminated,55+,2022,February,1,3.33,1.68,1-3 yr
Karli,Parks,14-11-2019,14-05-2023,Production Technician II,CCDR,Part-Time,Zone B,Part-Time,Retirement,Production,Field Operations,07-02-1990,MA,Apprentice,Male,61176,Black,Married,Exceeds,5,3368,15-06-2023,5,1,4,28-11-2022,Leadership Development,Internal,Incomplete,5,970.35,KarliParks,33,Terminated,25-34,2023,May,0,3.33,3.5,3-5 yr
Mylie,Callahan,27-07-2022,24-03-2023,Production Technician II,SVG,Part-Time,Zone A,Temporary,Resignation,Production,General - Con,29-08-1950,MA,Locator,Female,22374,Other,Single,Exceeds,2,3369,16-06-2023,2,5,4,01-10-2022,Project Management,Internal,Completed,5,152.86,MylieCallahan,72,Terminated,55+,2023,March,1,3.67,0.66,0-1 yr
Jadiel,Dickson,20-06-2022,,Production Technician II,EW,Contract,Zone C,Temporary,Unk,Production,General - Con,27-08-1958,MA,Laborer,Female,57215,Asian,Widowed,Exceeds,3,3370,30-07-2023,3,5,3,06-06-2023,Customer Service,External,Completed,2,264.88,JadielDickson,64,Active,55+,,,1,3.67,1.11,1-3 yr
Aliya,Moss,20-12-2022,22-03-2023,Production Technician II,MSC,Full-Time,Zone A,Full-Time,Resignation,Production,Wireless,22-11-1970,MA,Manager,Female,5985,Hispanic,Married,Exceeds,3,3371,08-08-2022,4,2,5,01-12-2022,Communication Skills,Internal,Passed,2,210.15,AliyaMoss,51,Terminated,45-54,2023,March,1,3.67,0.25,0-1 yr
Kylie,Roman,14-01-2023,14-03-2023,Production Technician I,TNS,Contract,Zone C,Part-Time,Involuntary,Production,Project Management - Con,27-05-1992,MA,Manager,Female,94040,Asian,Divorced,Fully Meets,4,3372,13-07-2023,1,3,1,05-05-2023,Technical Skills,External,Passed,4,627.18,KylieRoman,31,Terminated,25-34,2023,March,1,1.67,0.16,0-1 yr
Karter,Thornton,22-09-2018,,Production Technician I,PYZ,Contract,Zone A,Temporary,Unk,Production,Aerial,06-02-1989,MA,Foreman,Male,35546,Other,Married,Exceeds,2,3373,03-08-2023,2,4,4,29-12-2022,Customer Service,External,Incomplete,1,575.42,KarterThornton,34,Active,25-34,,,0,3.33,4.86,3-5 yr
Ronald,Bullock,24-09-2022,10-03-2023,Production Technician I,WBL,Part-Time,Zone A,Temporary,Involuntary,Production,Field Operations,04-12-1999,MA,Laborer,Male,33903,Hispanic,Divorced,Exceeds,4,3374,17-03-2023,1,3,3,27-11-2022,Communication Skills,Internal,Completed,4,123.64,RonaldBullock,23,Terminated,<25,2023,March,1,2.33,0.46,0-1 yr
Sharon,Beltran,08-06-2020,13-07-2021,Production Technician I,NEL,Full-Time,Zone B,Full-Time,Voluntary,Production,Engineers,20-09-1999,MA,Program Manager,Female,58194,Black,Divorced,Exceeds,3,3375,24-01-2023,2,4,3,30-06-2023,Technical Skills,Internal,Failed,1,655.61,SharonBeltran,23,Terminated,<25,2021,July,0,3,1.1,1-3 yr
Maren,Anderson,06-07-2023,,Production Technician I,PL,Part-Time,Zone B,Temporary,Unk,Production,Field Operations,11-11-1986,MA,Technician,Female,7445,Asian,Single,Exceeds,5,3376,19-08-2022,4,1,2,20-02-2023,Project Management,External,Incomplete,4,410.54,MarenAnderson,35,Active,35-44,,,0,2.33,-0.88,
Cruz,Ashley,24-02-2020,13-05-2023,Production Technician I,BPC,Part-Time,Zone A,Temporary,Resignation,Production,Splicing,06-09-1989,MA,Foreman,Female,52336,Asian,Widowed,Exceeds,4,3377,19-12-2022,3,5,3,24-10-2022,Communication Skills,Internal,Completed,2,485.17,CruzAshley,33,Terminated,25-34,2023,May,1,3.67,3.21,3-5 yr
Enzo,Carney,26-05-2021,,Production Technician I,CCDR,Contract,Zone B,Temporary,Unk,Production,General - Con,04-09-1993,MA,Technician,Female,53521,White,Single,Exceeds,3,3378,12-04-2023,5,1,4,08-07-2023,Technical Skills,External,Passed,1,731.18,EnzoCarney,29,Active,25-34,,,1,3.33,1.88,1-3 yr
Marquis,Joseph,09-04-2023,14-06-2023,Production Technician I,SVG,Contract,Zone C,Part-Time,Voluntary,Production,Technology / It,23-06-1973,MA,Helpdesk,Female,48347,Hispanic,Married,Exceeds,4,3379,31-12-2022,2,1,4,12-01-2023,Technical Skills,Internal,Failed,3,849.25,MarquisJoseph,49,Terminated,45-54,2023,June,0,2.33,0.18,0-1 yr
Victor,Ibarra,27-06-2023,,Production Technician I,EW,Full-Time,Zone C,Temporary,Unk,Production,Field Operations,19-12-1984,MA,Technician,Male,9268,Black,Widowed,Exceeds,1,3380,05-09-2022,4,3,2,26-10-2022,Technical Skills,Internal,Incomplete,1,399.81,VictorIbarra,37,Active,35-44,,,0,3,-0.81,
Annabelle,Marquez,20-12-2022,,Production Technician I,MSC,Contract,Zone C,Part-Time,Unk,Production,Field Operations,29-11-1954,MA,Foreman,Male,20032,White,Single,Exceeds,3,3381,03-10-2022,1,5,2,30-08-2022,Customer Service,Internal,Incomplete,4,604.06,AnnabelleMarquez,67,Active,55+,,,0,2.67,-0.21,
Romeo,Gordon,10-11-2018,,Production Technician I,TNS,Part-Time,Zone C,Temporary,Unk,Production,Field Operations,20-05-1970,MA,Administrator,Male,59153,Other,Divorced,Exceeds,5,3382,10-11-2022,3,5,5,14-04-2023,Project Management,Internal,Failed,2,815.35,RomeoGordon,52,Active,45-54,,,0,4.33,4,3-5 yr
Aimee,Hughes,13-08-2020,02-10-2020,Production Technician I,PYZ,Part-Time,Zone C,Part-Time,Resignation,Production,General - Con,01-04-1985,MA,Splicer,Female,20389,Hispanic,Divorced,Exceeds,2,3383,12-11-2022,3,2,3,16-11-2022,Leadership Development,Internal,Failed,4,750.79,AimeeHughes,37,Terminated,35-44,2020,October,0,2.67,0.14,0-1 yr
Dennis,Hays,07-03-2019,,Production Technician I,WBL,Full-Time,Zone C,Full-Time,Unk,Production,Field Operations,18-07-1991,MA,Operator,Female,26286,Hispanic,Married,Fully Meets,3,3384,27-06-2023,2,1,2,19-11-2022,Leadership Development,Internal,Passed,1,981.44,DennisHays,31,Active,25-34,,,1,1.67,4.31,3-5 yr
Kelly,Fritz,13-03-2022,,Production Technician I,NEL,Part-Time,Zone A,Full-Time,Unk,Production,General - Con,10-07-1978,MA,Technician,Female,85739,Other,Divorced,Fully Meets,3,3385,21-12-2022,2,1,4,10-02-2023,Technical Skills,External,Failed,5,553.4,KellyFritz,44,Active,35-44,,,0,2.33,0.77,0-1 yr
Darnell,Shelton,25-11-2019,28-01-2021,Production Technician II,WBL,Contract,Zone C,Temporary,Voluntary,Production,General - Con,18-02-1995,MA,Laborer,Female,45331,Hispanic,Widowed,Fully Meets,2,3386,01-01-2023,2,1,5,26-08-2022,Leadership Development,External,Incomplete,1,348.3,DarnellShelton,27,Terminated,25-34,2021,January,0,2.67,1.18,1-3 yr
Sabrina,Holt,06-03-2019,,Production Technician II,NEL,Full-Time,Zone C,Full-Time,Unk,Production,General - Sga,19-07-1965,MA,Supervisor,Male,46093,Other,Widowed,Fully Meets,3,3387,19-04-2023,1,3,4,16-10-2022,Technical Skills,Internal,Completed,3,912.09,SabrinaHolt,57,Active,55+,,,1,2.67,4.12,3-5 yr
Zoie,Logan,19-04-2019,,Production Technician II,PL,Part-Time,Zone A,Temporary,Unk,Production,Fielders,17-09-1990,MA,Technician,Male,48911,Black,Divorced,Fully Meets,1,3388,09-10-2022,3,1,3,03-11-2022,Leadership Development,External,Failed,2,278.04,ZoieLogan,32,Active,25-34,,,0,2.33,3.47,3-5 yr
Finley,Medina,12-08-2020,,Production Technician II,BPC,Full-Time,Zone C,Temporary,Unk,Production,Field Operations,25-06-1943,MA,Laborer,Male,18226,Asian,Married,Fully Meets,1,3389,11-02-2023,2,3,1,18-10-2022,Project Management,External,Completed,5,812.22,FinleyMedina,79,Active,55+,,,1,2,2.5,1-3 yr
Lizeth,Middleton,21-10-2022,05-01-2023,Production Technician II,CCDR,Part-Time,Zone B,Temporary,Voluntary,Production,Billable Consultants,10-01-1969,MA,Engineer,Female,90024,Hispanic,Married,Fully Meets,1,3390,02-08-2023,2,4,2,06-11-2022,Leadership Development,Internal,Failed,3,765.2,LizethMiddleton,54,Terminated,45-54,2023,January,0,2.67,0.21,0-1 yr
Odin,Camacho,13-01-2020,,Production Technician II,SVG,Part-Time,Zone C,Full-Time,Unk,Production,General - Sga,04-11-1991,MA,Project Manager,Female,2225,Black,Divorced,Fully Meets,3,3391,05-07-2023,4,3,1,01-04-2023,Communication Skills,Internal,Incomplete,2,374.13,OdinCamacho,31,Active,25-34,,,0,2.67,3.47,3-5 yr
Dakota,Lowery,18-11-2019,22-09-2021,Production Technician II,EW,Full-Time,Zone B,Full-Time,Voluntary,Production,General - Con,29-02-1988,MA,Technician,Female,14864,Other,Single,Fully Meets,2,3392,02-10-2022,3,4,2,23-01-2023,Technical Skills,External,Completed,3,319.39,DakotaLowery,34,Terminated,25-34,2021,September,1,3,1.85,1-3 yr
Skyla,Santiago,25-08-2018,,Production Technician I,BPC,Contract,Zone B,Full-Time,Unk,Production,General - Con,04-06-1942,MA,Flagger,Female,33532,Hispanic,Married,Needs Improvement,3,3393,21-05-2023,3,4,4,30-07-2023,Leadership Development,External,Passed,5,538.8,SkylaSantiago,81,Active,55+,,,1,3.67,4.74,3-5 yr
Harley,Beard,24-05-2021,,Production Technician I,WBL,Contract,Zone B,Temporary,Unk,Production,Field Operations,03-06-1949,MA,Technician,Male,37566,Black,Divorced,Fully Meets,2,3394,06-04-2023,1,5,5,12-09-2022,Leadership Development,External,Incomplete,3,845.75,HarleyBeard,73,Active,55+,,,0,3.67,1.87,1-3 yr
Summer,Barber,09-06-2021,13-01-2022,Production Technician I,TNS,Part-Time,Zone A,Part-Time,Resignation,Production,Field Operations,09-02-1975,MA,Driver,Female,88306,Other,Widowed,Needs Improvement,3,3395,30-05-2023,4,4,3,24-08-2022,Communication Skills,Internal,Failed,3,745.69,SummerBarber,48,Terminated,45-54,2022,January,0,3.67,0.6,0-1 yr
Stephen,Mcmillan,05-04-2021,29-11-2021,Production Technician I,SVG,Part-Time,Zone B,Full-Time,Voluntary,Production,General - Con,30-11-1949,MA,Foreman,Female,49024,Asian,Married,Fully Meets,4,3396,13-09-2022,4,3,3,15-04-2023,Leadership Development,External,Passed,4,743.92,StephenMcmillan,72,Terminated,55+,2021,November,1,3.33,0.65,0-1 yr
Rylan,Garrison,05-11-2022,,Production Technician I,PYZ,Part-Time,Zone A,Part-Time,Unk,Production,Field Operations,27-09-1949,MA,Driller,Female,41302,Asian,Single,Fully Meets,3,3397,22-03-2023,3,3,2,05-10-2022,Project Management,Internal,Incomplete,2,826.58,RylanGarrison,73,Active,55+,,,0,2.67,0.38,0-1 yr
Kyler,Cherry,09-11-2019,03-09-2022,Production Technician I,PL,Part-Time,Zone A,Full-Time,Retirement,Production,General - Con,11-12-1956,MA,Technician,Female,63776,Other,Single,Fully Meets,3,3398,15-08-2022,5,2,1,24-08-2022,Project Management,External,Passed,2,155.61,KylerCherry,65,Terminated,55+,2022,September,1,2.67,2.82,1-3 yr
Corinne,Reeves,05-06-2022,01-06-2023,Production Technician I,NEL,Full-Time,Zone B,Full-Time,Involuntary,Production,Aerial,25-02-1984,MA,Lineman,Female,16715,White,Widowed,Fully Meets,2,3399,23-05-2023,4,4,5,01-12-2022,Leadership Development,External,Failed,3,898.26,CorinneReeves,39,Terminated,35-44,2023,June,0,4.33,0.99,0-1 yr
Lorenzo,Short,21-09-2021,,Production Technician I,MSC,Full-Time,Zone C,Temporary,Unk,Production,Shop (Fleet),04-06-1970,MA,Mechanic,Female,90974,Black,Divorced,Fully Meets,1,3400,30-12-2022,2,5,3,21-07-2023,Leadership Development,External,Passed,1,639.06,LorenzoShort,52,Active,45-54,,,1,3.33,1.27,1-3 yr
Taniya,Kane,10-11-2021,04-06-2023,Production Technician I,EW,Contract,Zone A,Full-Time,Involuntary,Production,Field Operations,11-04-1973,MA,Laborer,Male,3403,Hispanic,Married,Fully Meets,1,3401,06-11-2022,4,4,1,25-04-2023,Project Management,Internal,Passed,5,605.29,TaniyaKane,49,Terminated,45-54,2023,June,1,3,1.56,1-3 yr
Nevaeh,Mcmillan,03-03-2021,12-04-2022,Production Technician I,CCDR,Part-Time,Zone C,Full-Time,Voluntary,Production,Field Operations,30-11-1971,MA,Engineer,Male,22662,Black,Single,Fully Meets,3,3402,23-04-2023,1,4,4,05-07-2023,Customer Service,External,Incomplete,2,783.25,NevaehMcmillan,51,Terminated,45-54,2022,April,0,3,1.11,1-3 yr
Dillon,Larson,19-02-2021,15-11-2022,Production Technician I,BPC,Contract,Zone A,Full-Time,Retirement,Production,Field Operations,03-09-1975,MA,Laborer,Female,66066,Asian,Married,Exceeds,3,3403,06-03-2023,4,4,3,08-06-2023,Communication Skills,External,Completed,5,406.68,DillonLarson,47,Terminated,45-54,2022,November,1,3.67,1.74,1-3 yr
Willie,Howe,25-04-2019,11-11-2022,Production Technician I,PYZ,Part-Time,Zone C,Full-Time,Involuntary,Production,Field Operations,20-01-1985,MA,Driller,Female,58775,Other,Divorced,Fully Meets,2,3404,22-03-2023,4,1,1,10-04-2023,Customer Service,Internal,Incomplete,4,518.46,WillieHowe,38,Terminated,35-44,2022,November,0,2,3.55,3-5 yr
Selina,Jefferson,13-01-2020,21-10-2022,Production Technician I,WBL,Contract,Zone B,Full-Time,Voluntary,Production,Field Operations,02-03-1979,MA,Engineer,Female,12351,White,Single,Fully Meets,1,3405,16-08-2022,2,1,1,05-04-2023,Customer Service,External,Completed,1,397.18,SelinaJefferson,43,Terminated,35-44,2022,October,1,1.33,2.77,1-3 yr
Serenity,Montgomery,25-03-2020,26-04-2023,Production Technician I,NEL,Contract,Zone C,Temporary,Involuntary,Production,Finance & Accounting,17-05-1955,MA,Administration,Female,24805,Other,Single,Fully Meets,5,3406,16-07-2023,5,5,4,27-04-2023,Customer Service,Internal,Incomplete,1,538.94,SerenityMontgomery,68,Terminated,55+,2023,April,0,4.67,3.09,3-5 yr
Kamila,Sanders,15-04-2021,11-05-2023,Production Technician II,WBL,Part-Time,Zone C,Temporary,Voluntary,Production,Field Operations,26-02-1953,MA,Construction Manager,Female,18000,Asian,Single,Fully Meets,5,3407,09-05-2023,1,3,5,06-02-2023,Leadership Development,External,Incomplete,1,501.87,KamilaSanders,70,Terminated,55+,2023,May,0,3,2.07,1-3 yr
Rose,Mcguire,15-12-2022,25-04-2023,Production Technician II,NEL,Contract,Zone B,Full-Time,Resignation,Production,Field Operations,07-01-1965,MA,Supervisor,Male,67579,Asian,Divorced,Fully Meets,3,3408,02-06-2023,2,2,4,13-08-2022,Leadership Development,External,Failed,5,877.62,RoseMcguire,58,Terminated,55+,2023,April,0,2.67,0.36,0-1 yr
Brenton,Zavala,08-10-2022,04-02-2023,Production Technician II,PL,Contract,Zone B,Full-Time,Resignation,Production,Yard (Material Handling),15-03-1943,MA,Laborer,Male,82704,Asian,Divorced,Fully Meets,4,3409,03-10-2022,5,5,4,27-07-2023,Technical Skills,Internal,Failed,2,575.11,BrentonZavala,79,Terminated,55+,2023,February,0,4.67,0.33,0-1 yr
Laci,Klein,18-12-2018,,Production Technician II,BPC,Contract,Zone C,Temporary,Unk,Production,People Services,07-07-1980,MA,Manager,Male,41572,Hispanic,Widowed,Fully Meets,3,3410,04-09-2022,4,3,4,05-03-2023,Leadership Development,External,Failed,2,729.76,LaciKlein,42,Active,35-44,,,0,3.67,3.71,3-5 yr
Brenda,Boone,06-10-2022,,Production Technician II,CCDR,Full-Time,Zone B,Part-Time,Unk,Production,General - Eng,20-03-1949,MA,Administrative,Female,24028,Asian,Single,Fully Meets,2,3411,30-10-2022,2,3,2,31-05-2023,Customer Service,Internal,Incomplete,5,961.53,BrendaBoone,73,Active,55+,,,0,2.33,0.07,0-1 yr
Andrea,Walters,28-12-2019,,Production Technician II,SVG,Part-Time,Zone A,Full-Time,Unk,Production,Shop (Fleet),20-03-1991,MA,Mechanic,Female,68155,White,Divorced,Exceeds,3,3412,24-09-2022,5,4,4,07-10-2022,Leadership Development,External,Incomplete,2,966.67,AndreaWalters,31,Active,25-34,,,0,4.33,2.74,1-3 yr
Jovanny,Matthews,25-11-2019,,Production Technician II,EW,Contract,Zone B,Temporary,Unk,Production,Field Operations,15-12-1962,MA,Laborer,Female,74549,White,Single,Fully Meets,5,3413,22-12-2022,1,2,5,20-03-2023,Customer Service,External,Passed,5,394.1,JovannyMatthews,60,Active,55+,,,1,2.67,3.07,3-5 yr
Hunter,Silva,03-06-2022,,Production Technician I,MSC,Contract,Zone C,Temporary,Unk,Production,General - Con,04-05-1998,MA,Foreman,Female,44418,Hispanic,Married,Exceeds,3,3414,06-02-2023,5,2,4,23-07-2023,Project Management,External,Incomplete,2,616.09,HunterSilva,24,Active,<25,,,0,3.67,0.68,0-1 yr
Julien,Cisneros,09-09-2022,16-03-2023,Production Technician I,TNS,Full-Time,Zone A,Part-Time,Retirement,Production,Splicing,14-10-1974,MA,Driver,Male,23971,Hispanic,Widowed,Fully Meets,3,3415,08-06-2023,2,5,1,16-09-2022,Leadership Development,Internal,Completed,4,103.35,JulienCisneros,48,Terminated,45-54,2023,March,1,2.67,0.51,0-1 yr
Aron,Waters,02-10-2020,,Production Technician I,BPC,Full-Time,Zone B,Part-Time,Unk,Production,Finance & Accounting,18-12-1992,MA,Director,Male,46381,Asian,Married,Fully Meets,2,3416,26-08-2022,1,2,1,18-02-2023,Leadership Development,External,Incomplete,5,488.05,AronWaters,29,Active,25-34,,,0,1.33,1.9,1-3 yr
Brayden,Singh,07-02-2022,,Production Technician I,CCDR,Part-Time,Zone A,Part-Time,Unk,Production,Splicing,26-09-2000,MA,Splicer,Female,71282,Other,Widowed,Fully Meets,1,3417,21-05-2023,2,5,5,10-03-2023,Project Management,External,Incomplete,5,906.21,BraydenSingh,22,Active,<25,,,0,4,1.28,1-3 yr
Karma,Palmer,14-10-2022,,Production Technician I,EW,Part-Time,Zone B,Temporary,Unk,Production,General - Con,12-08-1996,MA,Coordinator,Female,40277,Asian,Widowed,Fully Meets,4,3418,26-06-2023,5,3,4,15-06-2023,Technical Skills,Internal,Completed,4,397.08,KarmaPalmer,26,Active,25-34,,,1,4,0.7,0-1 yr
Stanley,Reyes,14-10-2019,,Production Technician I,MSC,Contract,Zone C,Temporary,Unk,Production,General - Con,05-12-1952,MA,Foreman,Female,39578,Black,Divorced,Fully Meets,2,3419,25-11-2022,2,5,2,18-05-2023,Project Management,External,Passed,3,999.72,StanleyReyes,70,Active,55+,,,1,3,3.12,3-5 yr
Levi,Hayden,10-10-2020,05-08-2022,Production Technician I,NEL,Contract,Zone A,Full-Time,Voluntary,Production,Field Operations,10-08-1944,MA,Laborer,Female,18079,Other,Married,Fully Meets,2,3420,08-03-2023,2,3,3,15-12-2022,Project Management,External,Passed,2,489.02,LeviHayden,78,Terminated,55+,2022,August,1,2.67,1.82,1-3 yr
Brenden,Leach,09-05-2022,08-09-2022,Production Technician I,PL,Part-Time,Zone A,Part-Time,Retirement,Production,Wireless,11-06-1959,MA,Foreman,Female,57340,Other,Divorced,Fully Meets,1,3421,15-02-2023,5,4,2,22-01-2023,Customer Service,External,Passed,1,786.71,BrendenLeach,63,Terminated,55+,2022,September,1,3.67,0.33,0-1 yr
Jakobe,Erickson,22-06-2022,07-08-2022,Production Technician I,PYZ,Part-Time,Zone C,Part-Time,Retirement,Production,Engineers,23-06-1998,MA,Model Assistant,Female,44500,Other,Widowed,Fully Meets,3,3422,08-06-2023,1,1,3,13-03-2023,Communication Skills,Internal,Failed,1,707.96,JakobeErickson,24,Terminated,<25,2022,August,0,1.67,0.13,0-1 yr
Adyson,Strickland,28-12-2020,,Production Technician I,SVG,Part-Time,Zone A,Full-Time,Unk,Production,Engineers,10-06-2001,MA,Engineer,Male,35444,Black,Widowed,Fully Meets,3,3423,19-09-2022,4,5,3,14-10-2022,Technical Skills,External,Completed,1,439.65,AdysonStrickland,21,Active,<25,,,1,4,1.72,1-3 yr
Annabel,Wilkins,09-12-2020,04-08-2022,Production Technician I,TNS,Contract,Zone B,Temporary,Involuntary,Production,Wireline Construction,27-01-1997,MA,Laborer,Male,6608,White,Single,Fully Meets,2,3424,14-03-2023,2,4,5,18-08-2022,Project Management,Internal,Completed,5,981.13,AnnabelWilkins,26,Terminated,25-34,2022,August,1,3.67,1.65,1-3 yr
Kendra,Braun,28-05-2019,23-10-2021,Production Technician I,WBL,Contract,Zone B,Full-Time,Resignation,Production,Aerial,28-05-1954,MA,Foreman,Female,3807,Hispanic,Divorced,Fully Meets,2,3425,25-12-2022,5,2,3,19-05-2023,Technical Skills,External,Completed,3,184.27,KendraBraun,68,Terminated,55+,2021,October,1,3.33,2.41,1-3 yr
Chace,Kerr,27-04-2022,,Production Technician I,BPC,Full-Time,Zone B,Temporary,Unk,Production,Field Operations,11-09-1990,MA,Warehouse Technician,Female,57487,White,Married,Fully Meets,2,3426,24-08-2022,1,3,2,02-05-2023,Leadership Development,Internal,Failed,5,675.37,ChaceKerr,31,Active,25-34,,,0,2,0.33,0-1 yr
